X;Y;Z
319.7579142690959;423.7924260166785;0.0
126.87597627928317;411.01924178781803;0.0
185.8315728980182;303.3374253434362;0.0
185.8315728980182;303.3374253434362;0.0
176.334636604537;342.63901092668897;0.0
119.74765405163562;352.5747861224201;0.0
115.32913586503192;354.22800926251455;0.0
267.6383434277496;354.18826055218506;0.0
299.7046101241688;453.4587195487418;0.0
315.64453229572314;451.15154186439827;0.0
302.4561149519948;533.4264180447718;0.0
302.4561149519948;533.4264180447718;0.0
140.37964480265663;612.7693778922658;0.0
86.90069031697271;440.30084808301297;0.0
87.69319897851095;440.11103744020784;0.0
164.73907581151587;312.3736926482864;0.0
251.5986916156676;319.8074166115123;0.0
254.06217232054024;320.09599997996264;0.0
254.06217232054024;320.09599997996264;0.0
243.78497219903164;618.017243073926;0.0
285.05502847903244;579.2772571389767;0.0
293.7049138195188;319.2633234657678;0.0
297.01304112767286;319.9620722509994;0.0
168.40388599050215;295.3116632448081;0.0
252.94197762048452;304.0288739693918;0.0
257.96690761216547;605.1273719034538;0.0
261.88026017547776;606.3686341455183;0.0
261.88026017547776;606.3686341455183;0.0
275.99577766457656;348.7833815754053;0.0
159.05874895319482;336.64657032787426;0.0
281.26913207433796;350.67993911835043;0.0
270.2859960647268;348.16640072132566;0.0
305.4444801986945;458.3596752905606;0.0
285.89650458933596;558.5999403620361;0.0
291.9773761719816;560.9724315751627;0.0
312.17756310198826;530.4296876886556;0.0
131.58245631714644;618.8826601144586;0.0
142.3722473962767;625.5317513509784;0.0
77.81276121017066;436.25026405403645;0.0
74.76333139030243;437.0113343351136;0.0
84.38177178441086;414.2171317734863;0.0
318.34894030401585;411.6935859110608;0.0
320.13179380195015;412.4487047432477;0.0
319.34287681506936;498.48171700441355;0.0
101.27622418161106;568.131261467576;0.0
101.27622418161106;568.131261467576;0.0
307.7399287363982;517.2290302957298;0.0
296.45373293575847;391.30124678577897;0.0
260.68214476801523;299.0161374679567;0.0
252.64309847192283;298.22439280624735;0.0
63.185555224853104;311.44974986912786;0.0
67.89357224023175;308.5722795910663;0.0
16.723112436023424;411.0196872895322;0.0
158.78506676584294;347.86434495311687;0.0
23.762108083123;405.66605694556256;0.0
20.438238675918136;407.0641836524824;0.0
30.388199694250755;369.4126115888232;0.0
23.308930768027324;394.2320736722599;0.0
26.08150136835893;392.01887683708156;0.0
-23.747986402970515;430.2642955413044;0.0
273.81500217957245;355.43716010914346;0.0
312.0650306610302;365.40800363364366;0.0
324.45704582477447;426.572869141524;0.0
302.7517255827275;334.47333259614686;0.0
295.7280114676231;332.75568514140707;0.0
181.7112464926011;309.02114266923104;0.0
41.530240109480566;346.3059903666505;0.0
43.864655674866675;344.46520186238;0.0
36.33577252975258;593.3300794530503;0.0
33.37196138190791;584.9697867348334;0.0
6.8415645955688;453.3354071208961;0.0
178.60611514085517;371.7936368521463;0.0
199.91977335565934;370.56411273763086;0.0
200.0007374960319;355.66744535620927;0.0
316.32315295306154;385.8665887967088;0.0
297.43693524771135;379.66040969909994;0.0
297.43693524771135;379.66040969909994;0.0
-21.35067718315107;456.44901566366764;0.0
-23.32212379989539;461.4659882829161;0.0
-10.786201960981725;552.4320903325553;0.0
24.456061639216156;518.154358940771;0.0
283.11548451568746;449.3422188643232;0.0
295.4786723030266;455.50659691490023;0.0
219.24575077515073;330.9626526801503;0.0
284.8850263779201;432.9358314469497;0.0
302.2744078087527;441.5388919092464;0.0
325.2935686232664;443.2997008995427;0.0
-25.844788539772406;554.2799372743976;0.0
-25.7451446483741;384.9557592971258;0.0
-25.7451446483741;384.9557592971258;0.0
-25.27855435242032;384.99910784443557;0.0
-30.09563538028539;528.8198942495401;0.0
45.377979689505516;456.7536848334945;0.0
120.25068579229918;301.6958156628369;0.0
135.61039082710275;296.78331231978035;0.0
60.143169619587034;410.9890307916534;0.0
57.436979371861035;412.38792268592783;0.0
228.4686918891469;371.48655125423943;0.0
303.35790681242617;392.8554132350955;0.0
275.0114401140961;303.9402604699758;0.0
289.42161477054157;306.3690223071095;0.0
127.94787795958935;289.58518768864957;0.0
130.6577271721539;654.8058143931637;0.0
128.5012991278773;653.2857618284586;0.0
229.02464320000695;627.8327645936705;0.0
218.95544711140568;275.43635189589446;0.0
210.22462086317546;275.7209182533018;0.0
3.5707492444326685;323.26730829645794;0.0
3.875199323896532;322.92432617253695;0.0
45.90206536050428;658.9508644415645;0.0
310.9701361980839;539.372543996713;0.0
328.6053017486638;450.0415085940048;0.0
327.1337653255532;449.33307251297714;0.0
290.00383308024215;453.88620048827823;0.0
221.67396118347753;333.0930577068593;0.0
214.10194949382333;332.8797865372982;0.0
214.10194949382333;332.8797865372982;0.0
264.3704107052872;426.560011827446;0.0
311.5194827727897;437.8165207815857;0.0
322.98119376318726;437.6959226395911;0.0
322.98119376318726;437.6959226395911;0.0
313.6298812538898;517.0514564917177;0.0
239.7675271442367;590.2920967399144;0.0
233.5458593253901;589.7043540262307;0.0
247.44906650712838;409.1732351238266;0.0
307.61200211128715;425.82972182425084;0.0
318.51346017147154;430.846507807672;0.0
312.8316633240429;524.4538504054914;0.0
62.22339404714507;608.0433702765256;0.0
57.86329418283978;600.1169664947156;0.0
20.735274102293353;461.5870567435779;0.0
49.4916035477064;587.3062541656642;0.0
51.431285176207396;591.7975040499874;0.0
287.05927984187724;546.3865080735881;0.0
310.52928680326056;513.9795754483401;0.0
314.855887515926;487.0942308310027;0.0
316.80573379469405;488.1631543511007;0.0
122.89258328623448;510.5615680371881;0.0
206.11992103899513;270.9740478260987;0.0
208.2255607111393;270.8514514976363;0.0
212.53691652780842;270.6473992076156;0.0
227.22875839804396;622.6177792584942;0.0
80.62473531048381;648.8687966779075;0.0
176.40244789563243;635.6527850968348;0.0
163.6495638864288;637.4575759851245;0.0
72.45666389989817;462.93699203105945;0.0
71.1867011933377;461.842392661928;0.0
308.06371067076736;439.35122044608397;0.0
268.5795847516383;329.23237333669755;0.0
261.20422497479774;328.0280454544065;0.0
292.543865362721;409.20681789589116;0.0
-8.21742435819749;496.806738521761;0.0
-8.342865377916326;497.515647087339;0.0
-8.091238374802545;496.1052419941217;0.0
15.471307916677521;579.7496997454427;0.0
287.5340314141671;504.29067154423797;0.0
287.5340314141671;504.29067154423797;0.0
236.16331775998563;359.85312950238233;0.0
295.14529298131123;377.1969393115258;0.0
310.4371866012567;461.61565223513367;0.0
32.69564388981817;529.9537036923911;0.0
33.535751034166914;537.8901027506117;0.0
33.25394643012632;535.4956154192613;0.0
99.69421220451459;638.3607953135041;0.0
227.5285799884992;614.5696404075337;0.0
124.88853092884436;567.734006833107;0.0
146.98631324583926;305.8747020261929;0.0
31.05649211565658;339.85131212079455;0.0
243.8667503818519;313.1309245351074;0.0
258.37009715966917;497.83777884368425;0.0
313.84761289507685;521.3802101144346;0.0
313.84761289507685;521.3802101144346;0.0
320.89811038371937;415.6706647857582;0.0
87.06197343870629;416.90774242881554;0.0
87.06197343870629;416.90774242881554;0.0
108.61605308564083;382.62806309074335;0.0
309.47447685038185;392.24559211570227;0.0
51.39935690155755;412.6303992243556;0.0
50.424188596388674;413.1036547070041;0.0
124.3885970732913;285.67960835422946;0.0
122.74702099709631;286.2349978559975;0.0
109.62807603967568;633.7189232256744;0.0
222.39338188380268;608.3095938422578;0.0
279.1179527076829;569.2319537846589;0.0
279.1179527076829;569.2319537846589;0.0
305.1262327265872;451.06238997642646;0.0
269.7420894681513;329.9141526113006;0.0
19.294367451847666;368.51045822526606;0.0
21.374196489361665;366.40322048852863;0.0
-4.02107881622471;493.9324896582242;0.0
71.87930442797139;428.62077050417406;0.0
71.87930442797139;428.62077050417406;0.0
309.26672518545587;414.7216888519282;0.0
284.2668340871177;404.635687407566;0.0
273.9034955265391;401.2730903346674;0.0
-6.6042451864211635;490.5598087709286;0.0
-6.6042451864211635;490.5598087709286;0.0
57.82217340945378;435.9244487278515;0.0
59.144249415516114;436.0250445405288;0.0
74.99718119934366;573.7547647567176;0.0
146.80161954768536;648.5673904573114;0.0
146.80161954768536;648.5673904573114;0.0
235.22207988757944;617.1660049976718;0.0
247.84985803007714;347.0181136984939;0.0
254.94693858582735;348.1263408121183;0.0
49.21729196482498;381.680902586328;0.0
49.21729196482498;381.680902586328;0.0
213.02032534069008;341.1054724110436;0.0
288.8265039211991;463.0224014244137;0.0
247.00619318138808;586.2099443622956;0.0
238.20164272856573;586.0954244693283;0.0
109.65608400130351;595.7426465789322;0.0
105.71332463434729;591.6240907059431;0.0
287.9035162388369;544.5682174215106;0.0
282.85468255725755;399.1547781572708;0.0
299.5873289594411;504.6560077310948;0.0
313.39377060603556;512.1297406230228;0.0
322.0346285795973;496.43282442610206;0.0
54.89120858042135;573.2297298445117;0.0
52.64508915613582;567.0627853871017;0.0
46.20498751068884;414.14516032860996;0.0
49.461574317812484;560.1241371182521;0.0
298.38920919622257;508.5144124056291;0.0
295.30793720983263;506.9166800362893;0.0
312.63390226853136;488.2215398579176;0.0
283.0289316445392;574.431254753752;0.0
284.59484314961867;575.0653208966672;0.0
315.7482373281193;468.69603878646495;0.0
313.78122013660965;467.6783238195603;0.0
323.0308997370139;461.68332282697224;0.0
324.5127691591057;462.40626407766973;0.0
288.51920049086203;480.97868774541513;0.0
207.65973107237392;333.3273974646464;0.0
275.08021493703615;445.8052347787509;0.0
312.14934372406856;450.4466915306239;0.0
302.78475852640673;445.9470684378952;0.0
291.14236703138147;540.4937814348194;0.0
59.94894529973789;616.2736004282642;0.0
60.80818033182429;617.7171793651438;0.0
72.80463752598992;635.1878213744594;0.0
9.240828070532398;471.3986657049224;0.0
80.22762232817473;415.17236444073893;0.0
314.5233261919404;410.25995722823086;0.0
312.6272117346141;544.9347005951616;0.0
289.78565609998543;534.1727186013841;0.0
276.2770774369685;387.47779627347046;0.0
-15.977618815240605;480.0116039701103;0.0
-15.669781036508533;478.8899239097009;0.0
40.701377680849106;429.46593420193585;0.0
49.460621063309084;557.9325492519094;0.0
52.04041790841762;566.2304044040712;0.0
51.55526215434415;564.7684299026076;0.0
50.03214954180678;404.01063762617895;0.0
253.7550668180969;365.61342935211144;0.0
304.0074424032985;383.0386329049084;0.0
316.3150538433369;480.6017937377482;0.0
306.9295231336049;475.83685168982146;0.0
315.7326128100008;469.7196029186322;0.0
327.5558446804658;475.57171333226137;0.0
310.689464211878;542.2632644903648;0.0
223.68236213657372;621.8163196850675;0.0
227.44271539222385;622.5738308838902;0.0
305.68135333094693;477.54293838814675;0.0
117.2124836744424;460.33831495065516;0.0
-5.487945979511529;550.412498828137;0.0
-16.774176209715346;434.22789315602836;0.0
-17.559751628574606;435.72731420401993;0.0
-10.184185873618434;540.4633397164134;0.0
23.759634904445853;507.90068315698375;0.0
82.89771524496065;461.49735889262143;0.0
159.52321871614814;315.97816466950235;0.0
179.11100337721376;312.8541049711344;0.0
185.6144488722596;312.1455161317566;0.0
123.10648742905146;402.5872028712291;0.0
308.49838677011144;414.17663872146113;0.0
302.73010311839727;548.6147407771059;0.0
290.6487996077142;543.2755751405664;0.0
310.7620750673161;515.0241174565749;0.0
315.13440483378173;410.33628388092785;0.0
322.20601704613716;413.3004430514768;0.0
91.35010951684713;410.6482247296192;0.0
92.53796986429253;573.4666084834819;0.0
309.27605680291526;518.981139415604;0.0
292.031268810974;510.3826286726638;0.0
72.91230750842116;565.0519902294401;0.0
80.8668567188222;580.0939623554103;0.0
158.07055967021762;279.08100188049275;0.0
251.6943724182968;287.7096580701468;0.0
266.55565510752183;600.427695881028;0.0
245.19868625848292;593.806822594457;0.0
278.7601118391519;564.8905559747446;0.0
287.85167659869467;568.699893047174;0.0
315.9221067540205;461.0368493160965;0.0
297.53152859348876;362.2674498857332;0.0
87.29328542388336;361.0765505993684;0.0
84.78398404895279;362.40478550802095;0.0
244.9443910175166;345.6936700549269;0.0
248.27025005689327;346.13859972263447;0.0
287.2916607432933;432.57171452626955;0.0
-8.155637906435578;530.6427062704669;0.0
-2.9268924941693646;393.9871551209365;0.0
-2.9691795804097545;394.13116382009855;0.0
86.95161597682852;343.6070240780229;0.0
41.98723223730307;467.3804685741517;0.0
42.035256254602125;469.53294317353783;0.0
245.31623797219362;410.6016124695642;0.0
264.2256488944748;552.2499083605591;0.0
269.089421374727;553.272296008866;0.0
316.2341126131866;498.46308652665596;0.0
316.2341126131866;498.46308652665596;0.0
319.89918366806336;473.5723258034113;0.0
287.1427008906872;284.8448732627642;0.0
285.7447078348623;284.6552753389426;0.0
194.4627545446853;262.8234880950326;0.0
196.2774785125335;262.6343822608049;0.0
185.87338570707794;606.9538867023308;0.0
285.8518012625933;556.8863946846125;0.0
295.8574482297456;412.0303909227331;0.0
292.9992740698177;410.9259950592371;0.0
315.4868890405846;417.6261183439689;0.0
107.10504245050757;412.7567288921685;0.0
119.33478890783185;407.95517842327047;0.0
123.66606536940873;585.8549371021096;0.0
159.6148068883119;363.898209141164;0.0
180.4983217390749;360.9575542827475;0.0
298.0950026765751;382.4105845346832;0.0
315.6703668647947;515.4898969581284;0.0
326.6293292984883;493.9507799670357;0.0
323.67709150822657;492.3692004691971;0.0
319.17446710598233;389.3804455145925;0.0
176.41171596164688;358.6735621295166;0.0
164.35179353654433;360.36581234185996;0.0
-50.107556510572124;495.4281351158878;0.0
-29.69256126501721;350.82559185534933;0.0
-29.647090185433633;350.6783790178069;0.0
34.497331281099065;668.1933947952491;0.0
302.35103639623026;555.050157805168;0.0
298.3568278409065;553.2008475019993;0.0
93.83188620777854;647.8588853180316;0.0
59.70536489973795;597.5758881870466;0.0
16.57661843315332;466.32777704356107;0.0
13.246103928827798;486.680499609285;0.0
1.6278715604056753;498.1980471305688;0.0
83.74708803850582;269.24314572455626;0.0
171.83635295414732;257.170679509853;0.0
185.08498647319746;255.15729294227484;0.0
173.4706703492831;306.90880165704573;0.0
89.31459486967827;416.25779506497656;0.0
318.16642341984493;416.70833315185405;0.0
296.9558024643572;407.4498264521106;0.0
290.8522697273725;389.3457948171744;0.0
290.8522697273725;389.3457948171744;0.0
135.6257403566772;379.0007113592394;0.0
1.530830462385647;458.80518833963254;0.0
3.785285408081499;439.35870275292575;0.0
3.5766902260923827;439.9066607935494;0.0
17.017106538715943;562.9281920979375;0.0
16.80735531909284;561.7124493361384;0.0
85.5908341113749;508.649389631804;0.0
85.5908341113749;508.649389631804;0.0
171.20789932479323;628.3514347498864;0.0
276.38303489178463;579.4808351255033;0.0
263.814316517869;575.2846298345045;0.0
296.6077471581662;539.698569474837;0.0
312.8273522054523;453.01881152866656;0.0
321.0092450208527;456.8619006638121;0.0
304.6968515720374;351.3489678281374;0.0
173.87305871884192;324.77049235038436;0.0
184.2315233266346;323.55259011208966;0.0
111.0410548179128;426.47971454381536;0.0
-39.301326898401406;554.0923422070833;0.0
-39.28295296299033;550.3961958852583;0.0
-48.45182797063743;417.5740811461214;0.0
43.40665672718401;349.7478912764924;0.0
178.10271202063973;312.8584783692339;0.0
131.80500139841993;394.041969443949;0.0
125.25664547072553;396.19333877930137;0.0
105.06237428480881;554.7124189634827;0.0
297.2426658422938;511.9276960716029;0.0
301.58534102424306;514.0709832264522;0.0
294.9920781834945;510.84485872970885;0.0
311.26384653908053;492.63655214849865;0.0
307.76413261874694;390.7519373352371;0.0
314.1331949350815;466.3913631161206;0.0
323.6040502218817;471.05197759025;0.0
329.37437583347713;465.2692490973813;0.0
344.47526382763544;472.9292418608134;0.0
-23.531190566116045;615.623493858925;0.0
-63.56552299991963;464.3624579390201;0.0
-31.817700228975557;600.8141707063941;0.0
18.39251679774038;555.1003182810755;0.0
16.649659556587565;539.017224846092;0.0
16.39132438732252;534.8464156244955;0.0
27.102012372530794;384.2531464740526;0.0
181.61570246934195;332.7140951027174;0.0
199.99991566860686;331.4042878874799;0.0
311.7357027657926;361.0985443431246;0.0
314.5927020334773;521.3342843275174;0.0
306.3230448421152;341.375527727008;0.0
291.4777257644637;337.76923340029776;0.0
-9.603799375234486;385.94341320697316;0.0
88.81129916653457;332.2058941202459;0.0
92.54193722575194;330.35186412527577;0.0
41.00333873703878;446.18358522827145;0.0
41.49396549825632;448.2312454675895;0.0
57.94020589470741;571.4571442825179;0.0
301.8642830766152;531.7687713187338;0.0
240.75219161207923;349.285483817729;0.0
231.07715234080692;348.19545195381346;0.0
300.6689443960887;369.1066976702752;0.0
305.1402243618415;370.5838666093114;0.0
323.21627444437155;467.3830910062312;0.0
330.00280780382394;461.3978148086013;0.0
324.15674818573643;466.5681100374505;0.0
308.738546351578;458.66832713299556;0.0
307.8235379256887;444.0496398683178;0.0
311.977704499102;445.98972029770647;0.0
307.63916460077314;415.76265080615013;0.0
248.10962916579828;397.9702285884392;0.0
268.0357312500696;556.9748505383857;0.0
232.76634088461603;552.3547858478164;0.0
296.945502835638;511.10897268598575;0.0
308.25293027281435;498.13288810532174;0.0
311.1471903876879;499.5193705907163;0.0
310.5243911653877;393.20059714879085;0.0
313.9111808218156;394.4228425549404;0.0
317.902383636755;476.04117950184775;0.0
133.10512444699066;505.44088796802674;0.0
204.14462692924906;345.54520072167827;0.0
222.0342748414079;345.93361296543173;0.0
293.8471894481189;365.1469141129537;0.0
264.6914773493279;284.5233610454691;0.0
121.17767450273902;275.64483016940363;0.0
115.05730986743741;277.836174703286;0.0
121.17767450273902;275.64483016940363;0.0
89.16742965690133;626.2271568737929;0.0
192.60478191541577;613.9504330984435;0.0
299.7384308720522;548.2927895136177;0.0
315.48437516054844;443.6237433416927;0.0
306.6798533569793;439.43283231943286;0.0
29.284518719917127;498.95881110169375;0.0
77.26736977140693;612.321267750682;0.0
76.18701572574932;610.7500752524938;0.0
78.24583664145096;334.0412882469303;0.0
-0.7857417333520041;377.590627973643;0.0
-1.1333207802284877;378.15121592011644;0.0
-15.642905820181028;491.09271466296553;0.0
310.5910328902051;408.03469747318996;0.0
319.92946929756107;411.6078065019818;0.0
262.5363300595445;392.9258167439908;0.0
271.8269972224965;395.52655931046996;0.0
292.3868278031711;528.1598482704462;0.0
292.3868278031711;528.1598482704462;0.0
17.498796787525155;602.642733965536;0.0
-19.117068134517762;477.01464594920606;0.0
-18.793149369112665;475.91994805591725;0.0
13.791258532488406;595.276109863147;0.0
320.2438404823062;482.1138658467952;0.0
322.3912820288641;462.8820667070562;0.0
314.6684710886303;468.19269621595635;0.0
316.3893309404614;469.04431395292096;0.0
299.1420999360859;545.0233097763243;0.0
304.8442465736939;547.6912500300684;0.0
307.82211918903283;542.8695607908431;0.0
168.09602981852507;630.1526709627539;0.0
153.64678929226133;623.3211520038436;0.0
147.52559855956952;619.8669390385177;0.0
280.2674253071533;563.0683188042451;0.0
271.1862410991087;339.86360616785527;0.0
296.64113418965707;523.5545100440729;0.0
306.1354608784798;528.1632223185703;0.0
111.56219089512375;590.2417625526829;0.0
113.99718703971034;592.5608306799239;0.0
306.0477330228265;532.1644275736688;0.0
54.164811890257205;609.1464842026986;0.0
49.04545249288446;598.8344305153088;0.0
46.82496596779324;595.4734775607947;0.0
-1.7972266566411794;622.5018889579917;0.0
1.5854166043753997;631.7874389282633;0.0
-17.84318153414646;601.5932029356474;0.0
304.64868168232874;504.95614513678026;0.0
285.50996429639065;494.6977444755674;0.0
213.70118821048396;333.13091048656395;0.0
219.9104136447682;333.77690842324375;0.0
219.9104136447682;333.77690842324375;0.0
78.711940331104;355.935036786481;0.0
88.52946417272524;340.59791886556354;0.0
89.8616031684859;339.92346855767914;0.0
94.70109456963662;332.79381773847854;0.0
4.992275353559217;379.6864441979588;0.0
4.432613410925996;380.4414885623242;0.0
88.3692827512466;668.731149616431;0.0
288.2685325357366;563.9824390229868;0.0
292.68008904664873;566.035949899086;0.0
317.27511008197314;497.16377223725175;0.0
319.86696508099243;498.4343945957794;0.0
292.8209396758228;538.2639395502854;0.0
301.8701173147083;504.2410219225037;0.0
74.37674926474709;548.8026615539126;0.0
76.36949997338054;553.524947847185;0.0
96.24149591702998;391.24776113001064;0.0
300.27657436724996;391.22951154506785;0.0
278.2880780946209;384.0635131602785;0.0
5.6902835339496125;451.4454162803249;0.0
22.813801599906988;564.9480621861555;0.0
23.56762827766637;568.5129082366806;0.0
14.839854931579954;404.94444546079046;0.0
159.4662136301188;343.35910842196074;0.0
166.7793584110861;342.07468699409236;0.0
231.1253491162339;340.18141121007534;0.0
210.79686544009928;260.52385551738934;0.0
-36.096231061950505;331.2114272090334;0.0
-65.05547862569446;484.08174424676696;0.0
45.923628733865044;381.3098205391469;0.0
39.305438124366056;386.4059574657611;0.0
21.67964793934544;504.4359827928433;0.0
95.90342074968079;448.768963956023;0.0
104.2871036286616;446.8661224350827;0.0
-27.659051408117318;559.907897022376;0.0
-27.608018828325676;560.9259310218202;0.0
-37.9879029737825;413.40591019181807;0.0
-38.285953969672896;413.7757184910234;0.0
-34.258401565720405;395.6981309643074;0.0
215.05111539811483;306.41952456869166;0.0
295.6271865869409;328.1636168360148;0.0
321.8026569028354;415.53979412416635;0.0
305.11653828866366;408.4267101128494;0.0
275.82784579693254;311.7181755894259;0.0
109.0931127485455;303.98458021642597;0.0
49.983049904978884;407.6753737903696;0.0
255.1666543810981;369.50372274390804;0.0
285.9162046970319;377.4727637206023;0.0
263.0577674943106;371.1746463504901;0.0
308.92328618901087;388.0582329867041;0.0
317.1263955764326;480.1697481480208;0.0
313.75063724577814;478.45958611812165;0.0
320.4278704143401;481.8793527479898;0.0
60.37213186613263;548.0415289668404;0.0
88.49081797761185;371.1775930311608;0.0
285.77461184341877;365.82804105964436;0.0
312.2689805124796;484.3053379765465;0.0
297.9694888767913;476.86951655287527;0.0
272.73088453316535;566.6131691738611;0.0
299.14322403153676;535.8311074591439;0.0
148.57406856365475;614.7310608128987;0.0
90.43575105076235;444.66887372422997;0.0
94.00742136580011;443.9174015262805;0.0
98.65069536910273;442.6375819315403;0.0
-31.420089468212424;557.0223142386521;0.0
-42.2928963006862;423.1631453984528;0.0
-41.47079957801918;421.9943347214729;0.0
10.584851075468718;632.0931324536939;0.0
260.69727437214806;570.6679255857415;0.0
245.90449456200366;568.422172386633;0.0
24.244878807477875;620.9163191316559;0.0
-22.158078888942473;509.64194971227465;0.0
-22.158078888942473;509.64194971227465;0.0
268.2217293094433;401.3216173698281;0.0
256.3019738147085;374.5212505840706;0.0
271.3329612244621;378.0377468338498;0.0
285.8006115202548;382.3163775630807;0.0
127.28257615055934;375.97133127143996;0.0
160.7791897324955;333.7882920815786;0.0
147.19637356539812;336.676472361772;0.0
21.960898306175835;389.2784168896226;0.0
187.98062789715618;333.06741369939334;0.0
184.2809790472175;333.39403388851593;0.0
184.54689965562895;332.11994883983135;0.0
-21.352863686394397;422.08215245360674;0.0
-20.519846577698246;420.8232738435764;0.0
-20.357678423959474;515.0395192286319;0.0
30.987171374727318;466.54343956285004;0.0
30.398294271916964;472.2174295177418;0.0
89.27533009230524;329.8941947254749;0.0
252.2946796239635;320.45210801312294;0.0
225.47122586044668;318.3916137657148;0.0
280.8317800078145;333.0699588934612;0.0
300.8803707795046;408.12455556013936;0.0
310.9223611183419;412.01941090330286;0.0
324.45609837821314;417.91982958799645;0.0
296.6195332304307;319.1293099574323;0.0
165.06217348583226;295.4256504177481;0.0
113.53217714659051;368.8082862711374;0.0
-64.3998849787351;509.57531058056236;0.0
-64.99823477297187;512.5175258859006;0.0
-44.786271171147575;582.7526291785455;0.0
-45.41085331909734;575.5758499396893;0.0
291.2057396538201;439.13529603309627;0.0
228.64232240716444;325.2511010774409;0.0
300.4095429802605;347.09011520134004;0.0
294.61396168014744;345.5545185603549;0.0
120.19203707246221;331.82002821186217;0.0
56.68685607632683;456.35432631289416;0.0
56.68685607632683;456.35432631289416;0.0
299.6198135215421;424.29580927884365;0.0
289.44447517534684;552.3125075859558;0.0
283.04153092601973;549.7720388397391;0.0
55.91485172908105;617.7693799613827;0.0
66.7746808959498;634.5686452235055;0.0
199.90707130267467;623.5199430945529;0.0
151.08078150714488;609.8511716520655;0.0
183.70641456968926;293.8851399084078;0.0
102.10481748394776;304.8512520629207;0.0
96.32556557098114;307.4142618339104;0.0
206.90672509117314;296.26576657936175;0.0
215.7252354658327;364.34289675670004;0.0
238.634206692501;366.49265093462463;0.0
214.3074340816361;278.2072865769249;0.0
3.998478203292;325.6892931193957;0.0
5.22044911827596;324.32249678951166;0.0
139.82327253064392;277.0735958602789;0.0
128.8382488147768;280.3040026910411;0.0
67.26774801678975;376.70474416593913;0.0
-1.138520735486997;423.5210817107129;0.0
-1.0614313050438382;423.3627528379511;0.0
319.66994595804965;377.8648229199524;0.0
321.13399212197515;378.36409647688873;0.0
326.86700091177914;440.02027750580766;0.0
303.42841519063575;440.9763416040333;0.0
286.8466795435244;557.5088931347414;0.0
280.46597604596565;555.0738570892629;0.0
291.43796799562375;528.5743006206626;0.0
320.0178304875752;490.92396273518165;0.0
321.20261925651033;491.48520279266467;0.0
303.81883568223265;516.3522654047958;0.0
303.22425768903895;409.3610382203585;0.0
312.09580175386526;413.00425899194977;0.0
54.5731643172032;437.4639360152186;0.0
53.91284684703263;437.29334586674054;0.0
276.97471098986796;400.57887023170053;0.0
272.52098971712036;390.87775860560714;0.0
291.5463709709006;397.20001878533606;0.0
272.52098971712036;390.87775860560714;0.0
286.52779671678513;541.6814840588596;0.0
312.66943206141565;506.7275345221981;0.0
134.94748357242236;576.0165688053191;0.0
190.81529605148313;639.7716520097093;0.0
190.81529605148313;639.7716520097093;0.0
189.51180665258855;299.26509036307607;0.0
-6.120597192609967;362.54439197222626;0.0
-6.219323054884847;362.7088156285006;0.0
-26.373105218751718;486.18978423087066;0.0
53.18739885060561;417.0142802006402;0.0
53.82776991797619;416.7531027008111;0.0
66.49098561502187;577.7859510976178;0.0
301.6079741661743;517.9746458897902;0.0
292.40610345220483;513.5040660377445;0.0
124.1877968633531;546.1709407762895;0.0
171.222571434153;563.4687550108628;0.0
204.77212359233357;289.48820221720564;0.0
211.5140548761764;355.9323621590681;0.0
-35.331477441808474;474.1675054116788;0.0
-36.26553852823771;476.99296055101496;0.0
83.0029325110436;381.50950553638614;0.0
80.46060757805546;382.9209249046249;0.0
63.56112005568117;561.6356456212462;0.0
71.52954903315496;398.36914128360047;0.0
301.26251323404284;386.89443983780313;0.0
281.48404259583964;380.3417963277173;0.0
275.9067336404678;365.97487886682825;0.0
200.01565663445166;352.1639456785488;0.0
204.77763306956797;352.0842231055767;0.0
200.01565663445166;352.1639456785488;0.0
125.23476391649496;497.1879356323061;0.0
311.7062268801133;476.9825749470942;0.0
321.22598140756907;469.03930335234526;0.0
325.3770645427855;471.04620587767255;0.0
21.435692765063283;569.0683832338037;0.0
20.911111621617124;566.6030943407417;0.0
14.106301445508066;401.9264203384584;0.0
199.9983780149018;338.5874096863649;0.0
212.53848221556044;338.47942485182324;0.0
291.79640507715607;473.36819459271163;0.0
317.99828045359067;463.92336551689954;0.0
305.8738988871447;457.89081177965676;0.0
282.93014710218813;353.8558200428636;0.0
303.92602536879485;435.77971164092196;0.0
43.39960906373934;482.7121056946644;0.0
43.42438259625676;485.82755319280614;0.0
100.436268458184;618.4303905906252;0.0
282.7530309990249;565.2509457860281;0.0
275.7531262873925;562.8664514282194;0.0
288.9605645173148;424.28029069482284;0.0
-0.5465525790507101;511.48513810778724;0.0
-0.3134680081298975;509.1366561667237;0.0
312.2881950930749;427.9486319216211;0.0
311.36445789110945;483.7921667919354;0.0
312.89346914121694;484.5264401574953;0.0
307.16974753505707;383.92344819569576;0.0
146.46766131247563;362.86862485966304;0.0
199.95615837008;355.9470268073974;0.0
-45.498131069819244;489.49757450901456;0.0
-14.708275817154403;597.1941739322837;0.0
-14.163210632754437;599.5941071695983;0.0
334.1130532327449;473.489649079197;0.0
325.5675695290049;469.07897482788144;0.0
307.2820021071037;543.9529470596789;0.0
326.1414441486845;460.1438676894871;0.0
324.6587646271823;459.41646321767087;0.0
298.0037554544295;472.4506692207651;0.0
245.83227192616775;601.3490266461241;0.0
297.8243908297592;552.490930846327;0.0
290.0524324280337;549.0393905085853;0.0
293.204851845783;550.4244974569251;0.0
119.74516715929688;626.4352673171085;0.0
153.57309600316572;257.5961345461146;0.0
275.93470715818876;276.0853416363957;0.0
279.55303463621635;582.5054412486351;0.0
279.55303463621635;582.5054412486351;0.0
311.28249564612815;503.7561856494425;0.0
96.37268448698714;575.6126122856023;0.0
100.89122734446921;581.4388995775065;0.0
301.3615092138257;528.5648153639163;0.0
299.27691256137115;527.5535497329815;0.0
289.6891497742682;393.5029570718795;0.0
-44.63017131257772;514.6957758375428;0.0
-46.02578638471978;524.4024104962467;0.0
-20.48360644248108;335.73664786539894;0.0
-51.017234768430484;479.1509456217545;0.0
-49.04290217457926;473.42981138105824;0.0
44.87704276508927;391.158369029933;0.0
31.72775182985722;535.5590961700682;0.0
300.8844135118243;474.66720364807054;0.0
284.2375354653097;466.20650406454223;0.0
235.32828020495378;596.9037392506747;0.0
290.2693401617903;552.4681805381451;0.0
298.481994293357;556.0548490802936;0.0
315.5042591373447;528.260020784386;0.0
314.28343804696374;527.6554031360661;0.0
328.01298282207557;441.716892628936;0.0
304.6452686801042;443.2372416003007;0.0
262.8255350326289;336.7335116173485;0.0
259.9884507727715;336.2538709293926;0.0
303.02397783212484;448.6510203889288;0.0
11.91783015515665;526.2695862031409;0.0
11.92157928117458;524.3523063650027;0.0
253.91364833060342;435.4261819923655;0.0
154.1074162520122;432.9527808220991;0.0
253.91364833060342;435.4261819923655;0.0
311.2117432688231;446.04795385748565;0.0
311.37571599891345;447.8986659330805;0.0
318.06014553757365;446.8597379788969;0.0
304.991571668144;532.4694803566537;0.0
300.6819869937367;530.4274494413479;0.0
307.8116259756581;533.8297385291478;0.0
320.9267502739772;437.1264277175364;0.0
130.21079740657805;427.23708330214623;0.0
119.73115749657936;430.70370018041035;0.0
183.75775685031087;320.116435369822;0.0
275.46743574732585;335.25362778386767;0.0
89.58584360505863;337.6628045436132;0.0
135.62070718791952;262.111567326471;0.0
138.7549605962043;261.20452989172173;0.0
145.41928388972303;259.40793107302994;0.0
101.09905399127187;329.86697086552283;0.0
253.87184518051492;324.2518402395657;0.0
239.67120578073823;322.7042240914752;0.0
269.9305242589112;569.5754071208183;0.0
132.79213296802558;605.3485453456066;0.0
80.85856019697695;464.33116414103404;0.0
307.06634095605284;444.238128114144;0.0
302.2644657109268;442.0184856723309;0.0
20.858784075442525;511.38123063939213;0.0
20.885273034665673;510.5438292327006;0.0
47.24376007322759;364.3029656791874;0.0
214.5393533703879;328.00333002146886;0.0
252.86000143414032;424.3335828949617;0.0
285.6390146409217;435.8012266898314;0.0
10.064890331974112;516.8072031449977;0.0
8.323423223495137;504.7790651858478;0.0
12.130066443996853;476.4238811245534;0.0
-1.3400547478132259;487.0366118773914;0.0
-0.4287722989805557;493.6598942482401;0.0
-3.8071353566915853;529.8292692942675;0.0
1.9492126867995208;398.83678583561334;0.0
169.16378715009856;329.32155884520347;0.0
165.55957757625808;329.8967159704078;0.0
164.1929960088381;628.4752697738269;0.0
153.64678929226133;623.3211520038436;0.0
306.09002834271286;534.5843894353386;0.0
308.6816040346886;535.8254413591361;0.0
311.13423597804393;531.7246742431475;0.0
325.7748165848967;457.25952021274304;0.0
309.06753281330197;537.2761666219352;0.0
263.63448250053125;591.8856963018846;0.0
263.63448250053125;591.8856963018846;0.0
305.5392035673144;474.9049143939636;0.0
296.76283384435635;470.3430873329099;0.0
313.9741048867402;463.59135682485663;0.0
295.1987670644274;548.8307764030171;0.0
309.40362282277306;527.7630212251006;0.0
312.95025819915236;529.4751396066623;0.0
326.9526676907077;464.445432276241;0.0
317.41287742331417;460.0111409432297;0.0
293.24318361820934;469.79736910216633;0.0
258.0967107745655;583.7633995473873;0.0
267.87408684305433;587.1020480828616;0.0
278.88365292176746;576.2085529270621;0.0
127.80246234465282;642.5181999674552;0.0
67.21837776239498;390.1944893317713;0.0
65.22041427249547;391.4029349889423;0.0
247.10207358629464;362.47496338506284;0.0
287.19446494482554;499.18226636423236;0.0
293.49895243788313;502.2180791459292;0.0
252.48513890676028;359.14748273182573;0.0
299.98634550129196;375.2616397409068;0.0
312.01347486319884;379.3280694254801;0.0
299.98634550129196;375.2616397409068;0.0
320.1327423902861;384.3498852694481;0.0
322.29083982720465;475.3079796082061;0.0
324.296408029407;452.4188331415846;0.0
267.64551922692027;432.34715197631334;0.0
15.498484302400405;508.6005354723089;0.0
19.5012301288931;525.4187811857139;0.0
23.996418250857737;564.287506904349;0.0
320.78009357139166;474.43345131597204;0.0
313.6679682195501;388.6388177527349;0.0
165.23525775640914;361.9367362901474;0.0
160.20548234339617;362.8121184227256;0.0
96.84464008351759;532.7737307354157;0.0
92.89142693170362;526.1141939331411;0.0
295.98975398110525;490.15484475827026;0.0
273.5930607157592;374.03475171649217;0.0
281.9733618870069;376.27020567348774;0.0
311.6598645597088;388.16310630971714;0.0
313.3854446433705;388.77841209520136;0.0
19.05928679870158;428.3150655694467;0.0
28.2908238822026;558.0288453807823;0.0
30.67023523288743;390.1824602901492;0.0
31.653782063789215;389.37616230884544;0.0
195.32339791218632;337.40882592857577;0.0
100.75831166309254;505.63808612253547;0.0
317.95156380929706;479.6786625212829;0.0
311.9745505727284;476.4760871550623;0.0
285.80601016883753;352.4983615496192;0.0
28.509266291412366;386.50726188894987;0.0
28.05552520239044;386.8993847709953;0.0
25.530366402255492;393.7020942864228;0.0
24.712222799918006;394.37027826779956;0.0
267.6736668674976;351.90586617720027;0.0
292.76941170828314;441.57040654318405;0.0
17.617221351375054;516.4574224171894;0.0
17.591686897118926;518.1559541480298;0.0
72.47204113438534;625.7866697295067;0.0
75.58567500992127;630.0954862103116;0.0
178.81584348727552;612.1240584964743;0.0
114.75199989587281;449.9014963974044;0.0
304.14967745991976;447.06947781883616;0.0
299.15113315160926;444.7777790068154;0.0
283.4646567680621;551.2605568555668;0.0
291.04967164513903;554.3735219775543;0.0
309.0858745481851;528.2827311261324;0.0
305.7214145718763;351.8471547811346;0.0
279.75494108736774;340.69602491327726;0.0
270.72298833119083;338.8810847817116;0.0
298.8094977529679;431.3641202630789;0.0
301.286768731467;432.4219222764406;0.0
22.407255444171913;496.4983519901021;0.0
173.8697055059413;415.6846196705609;0.0
197.00421672100393;319.3844333569665;0.0
199.999707045003;319.22205081655886;0.0
199.90248048937764;385.64949058911003;0.0
199.90248048937764;385.64949058911003;0.0
20.81482768572974;461.17375550989084;0.0
52.34648556052811;591.4708062241157;0.0
52.34648556052811;591.4708062241157;0.0
116.82630982330545;566.7679895625486;0.0
112.93805133519085;562.8075664909928;0.0
297.17669810975013;514.4270131857713;0.0
290.543384969321;400.1870055124834;0.0
260.18265290838;310.35471536776765;0.0
264.1655282170454;310.84549368211856;0.0
56.623992477298984;325.66253122825225;0.0
59.92976223646001;323.46644635107435;0.0
194.60211913548306;297.4058546736222;0.0
184.22620536598006;364.55510163511366;0.0
180.45409895952676;372.6189323869264;0.0
23.330243137356426;442.0563935004816;0.0
23.394781296213605;441.58112522725156;0.0
251.51139678238303;378.6322410798593;0.0
219.46666159339978;374.3524929095619;0.0
216.558065315833;362.37427960959167;0.0
-15.130554260953174;457.709889035284;0.0
-14.837189774554801;456.93834094293277;0.0
14.238724213649169;342.99546555950525;0.0
16.317515772070678;340.8052832752618;0.0
98.68564220630888;305.3085246584952;0.0
50.56692904840667;386.0790184178879;0.0
60.53909716029404;366.0648030918143;0.0
62.809914146919304;364.5528368354889;0.0
-36.22494864626841;438.53778124707867;0.0
-22.00752917543281;560.9275896031484;0.0
-21.940707102526456;561.9565667164446;0.0
25.482206666065704;515.2158904073079;0.0
1.2720610297551893;538.7763220323383;0.0
1.4564592086538424;521.1795206725416;0.0
37.86091154505669;315.08495506392734;0.0
47.225422142813905;307.9539888420076;0.0
101.46359817397617;289.4412504616483;0.0
54.54558802701855;364.5972184754062;0.0
56.54535687947027;363.187635053766;0.0
220.9988203360473;330.5469876016205;0.0
278.41555348074615;429.50104898489724;0.0
25.27350284332408;497.30827351441894;0.0
25.498353058747913;494.3246902205183;0.0
25.076989182994083;481.6795177642186;0.0
301.9104566170729;424.0296458672047;0.0
320.6077301699685;432.69226109834364;0.0
316.8184859575286;413.9014169485505;0.0
24.019694243596355;461.15092099897527;0.0
24.521877656887046;458.2667959725464;0.0
67.07666675169033;607.459527891339;0.0
67.07666675169033;607.459527891339;0.0
301.26022503809736;529.2534681366799;0.0
303.8598736642597;520.7324564074221;0.0
57.86329418283978;600.1169664947156;0.0
57.86329418283978;600.1169664947156;0.0
20.965568128042833;459.05932915538244;0.0
20.36462841807608;462.0363048336184;0.0
246.41066256169822;388.1872701484797;0.0
283.74622543325097;567.0579532905223;0.0
318.97146115956997;514.1628800004543;0.0
306.5175607165449;507.5381183366908;0.0
51.03831655359208;583.9088427450035;0.0
50.45680585231774;582.4679260165636;0.0
123.63039260861066;660.7653472648982;0.0
56.275547640096036;591.9685756620336;0.0
131.07858396837872;567.2857180926858;0.0
268.94983536933546;579.2109178418798;0.0
234.0142509709284;379.1404049693304;0.0
225.8763302120122;368.4154579508296;0.0
199.90182026063576;367.281481235133;0.0
22.71219622760018;436.1051430156837;0.0
22.77621504346606;435.37048416468065;0.0
230.70905171322823;370.48921867218877;0.0
271.32628281508795;545.7374765571786;0.0
306.60538333618376;507.90558930633756;0.0
306.60538333618376;507.90558930633756;0.0
304.19687557911897;406.56721226217223;0.0
306.36160730476365;407.412781757919;0.0
319.30542961232464;411.6090791691673;0.0
316.00158587984697;501.68973347268195;0.0
63.85555060104961;595.2412832056898;0.0
63.03925494852542;593.6923535474139;0.0
64.70563743693103;596.8162954660809;0.0
243.12450313868197;575.1363952404081;0.0
212.75892301193076;391.12593921196105;0.0
264.57244708163444;555.6521023283544;0.0
279.51264660870896;558.4364505002932;0.0
-0.8261980334132301;622.3271877124494;0.0
-45.614240331029485;505.2383932023445;0.0
-45.02382119983151;502.46426780209407;0.0
24.895509898509886;433.8221791724693;0.0
77.58596174693484;318.29362324629744;0.0
81.02649196859613;316.42030128047827;0.0
176.78866194893368;298.3410164387662;0.0
134.31285021297427;374.18768478504086;0.0
199.9584109912957;365.7520545841627;0.0
173.76094225859143;367.57110032255673;0.0
118.42360708201072;549.1658639445016;0.0
300.40881464555633;510.30950290150685;0.0
302.53583619801464;511.37721652022947;0.0
289.04961507490304;388.7876161628456;0.0
12.095600581745066;448.8825839568438;0.0
11.611150469836954;450.57249313576193;0.0
64.87594535147694;320.9740525484899;0.0
10.06775929602617;466.06368905782267;0.0
225.27011556843954;381.41575030174425;0.0
164.06941616457573;383.2307570910794;0.0
-26.403300057596017;500.6000265289235;0.0
-24.91836116854844;493.6571002745987;0.0
-17.8448241869115;395.78241739957434;0.0
286.0944162116782;339.69929886600784;0.0
300.2698081528919;342.8551330978112;0.0
314.6387767293147;413.9835534376385;0.0
295.65450298303585;408.2204946880034;0.0
302.90592400675826;411.01186782617634;0.0
304.94775628051616;419.98955500407044;0.0
320.7664683898048;427.2137623564402;0.0
331.2110244798485;428.4279611051578;0.0
322.2192259918785;517.9544215238444;0.0
272.2531460173437;587.4996199792862;0.0
239.8416667271625;583.7601839272245;0.0
257.46135323709564;422.0467757521335;0.0
308.62527279957743;434.90862309675634;0.0
281.0572073854945;338.08713553317455;0.0
278.9245361389683;337.64041990324483;0.0
55.577697953169476;353.7390879702503;0.0
20.003642011300247;478.7472919386142;0.0
19.634965205841368;481.12197078305303;0.0
21.794784644481705;511.9581938554128;0.0
21.794784644481705;511.9581938554128;0.0
315.3199680272979;445.55074258349117;0.0
301.8088938240306;439.20622578265693;0.0
280.5836575698577;561.857080427239;0.0
304.5583350648425;530.859138622786;0.0
311.88489029759563;534.3717228899576;0.0
297.5109739015199;557.0119406577983;0.0
304.3880897479635;372.34466342347923;0.0
318.8776841933598;480.68798421948674;0.0
53.54694147436979;546.3195390658816;0.0
53.903789360504575;547.7026213588815;0.0
47.68627874321424;526.3478111999351;0.0
11.659002608538836;557.5476704299014;0.0
9.721031415756277;516.9901860932683;0.0
21.041882201428805;552.1615947228015;0.0
226.00706393344808;469.76955761605257;0.0
309.214448388967;499.0179192843676;0.0
305.8606477989199;398.23445138253476;0.0
80.27767037308016;404.6454064722554;0.0
87.6742154778564;400.8912869277475;0.0
170.17271190926263;656.3456346383335;0.0
286.96439701199506;584.0904139676204;0.0
284.3134530469092;582.949074047636;0.0
295.5256164456239;334.05348754328367;0.0
165.7508944545813;311.46969092753847;0.0
155.12534803582238;313.52233431444324;0.0
257.95767416317716;321.8622000705279;0.0
257.95767416317716;321.8622000705279;0.0
296.15378258204714;428.1253331741922;0.0
260.62969155926424;329.3380528083257;0.0
17.5415273023136;372.7796116168528;0.0
18.86116183216997;371.4001616574239;0.0
5.491699874618689;544.3517814321682;0.0
333.2340365902351;450.31048180519286;0.0
325.3035297525721;446.6579582045185;0.0
322.6293710238666;445.4761008959967;0.0
315.233378512336;447.2935076312348;0.0
315.22584119807385;456.63200393374376;0.0
306.4067705954439;378.47817373476977;0.0
145.4879319528841;357.1811152635158;0.0
174.59640234513452;351.7527197069121;0.0
164.539921776965;353.21373349859397;0.0
96.00990684481106;538.9323622977756;0.0
310.03280999019836;498.1555255224059;0.0
266.5325070812977;597.4344864413418;0.0
298.03582593094666;560.868739710844;0.0
291.9839215902371;558.0832475924121;0.0
312.9292937510388;494.0630017557391;0.0
317.14899777509686;496.12729116241684;0.0
270.94826900997197;550.3640668831769;0.0
239.08963380833862;390.8888468690456;0.0
-29.690529363216815;514.7076421151652;0.0
-29.690529363216815;514.7076421151652;0.0
-26.141558982526764;404.377031233847;0.0
89.67883073403091;334.7425579362431;0.0
87.1056538331038;336.0476938147965;0.0
87.1056538331038;336.0476938147965;0.0
269.1275671662186;331.1814412833663;0.0
282.4725974176664;333.77282757694974;0.0
315.78977328109306;444.82919780974385;0.0
30.760120391542472;501.4611268360628;0.0
30.787628799800526;500.6409015643521;0.0
31.007993957608804;495.3094311907715;0.0
53.60127279731637;381.24949500899146;0.0
231.00010594597745;346.4737363690148;0.0
255.63871312517514;349.5883867616669;0.0
299.8567555193492;365.19608228648195;0.0
318.51414279419;469.08286557759305;0.0
301.30227922637044;369.6635916983575;0.0
71.2661311137421;376.104686580655;0.0
67.14582875626618;378.6406944661797;0.0
50.583443449819654;546.9835678344456;0.0
290.1750656075375;493.3693230708056;0.0
293.41919778904423;494.96807308717786;0.0
233.56411283646796;615.0200333249521;0.0
279.10867704568915;577.8288779831287;0.0
276.1802957221693;576.6154505124892;0.0
295.7111250145368;381.8438952400933;0.0
235.51742032460174;364.40238573678215;0.0
261.500207062628;368.8389200476159;0.0
-26.22587131644586;471.2809210466312;0.0
-27.142674511600287;474.0577771608741;0.0
3.6703162927664836;344.63588057799524;0.0
-23.320109364692474;518.4535353791897;0.0
79.73856008625094;426.0693488889474;0.0
73.02060508033243;428.56289605767984;0.0
75.97986600808952;427.5589587898995;0.0
77.17919540090527;424.6769817950233;0.0
-11.35704860554074;499.2992709753596;0.0
42.397286556844705;627.7892342283503;0.0
105.43731170599929;610.1295348490894;0.0
101.72975988793348;606.2417300388621;0.0
107.49876425897159;612.1593711289391;0.0
57.13228287167169;457.1759581192441;0.0
298.80185636395953;425.4883075398171;0.0
269.02749136607684;589.2217527697725;0.0
305.9246954650495;545.1634254858502;0.0
297.2585898423223;541.1067972010126;0.0
304.50958161048385;544.490899015351;0.0
315.6391623198493;525.6895805748311;0.0
329.33182900792633;441.368855803297;0.0
323.704374503254;438.83075162694905;0.0
288.57142858308885;436.5561368001783;0.0
259.7737697980535;582.9754046876081;0.0
293.6353173909271;458.22923900424666;0.0
0.5563411015354803;550.5529524750732;0.0
0.3539794129705427;547.527465783664;0.0
33.834812846258956;517.3118886497265;0.0
34.5684792493717;528.6390840627407;0.0
78.55891925748004;347.60580713916926;0.0
35.85959160348495;533.9713558663892;0.0
315.3117801280644;477.8915233560373;0.0
279.833877258131;459.471673139028;0.0
284.4089391156082;461.4789864200773;0.0
240.92045549046955;593.8965324244767;0.0
286.60465582447176;555.9277947460727;0.0
306.0567850922227;444.06354842646857;0.0
318.50600325927786;443.10954146546885;0.0
326.2376159923796;446.69332269625426;0.0
308.32025589639886;541.1653453757667;0.0
305.80391399142434;539.9576072548471;0.0
247.6423079819188;600.8158316187198;0.0
298.61292282958;491.28055753818825;0.0
292.03151784251247;487.8826845655735;0.0
4.901556083223252;575.4037975276192;0.0
-15.778107239133945;442.4380644300377;0.0
59.07404016917452;386.25149486228213;0.0
62.997758359790176;383.69457701659445;0.0
130.12733095868123;283.3657506564786;0.0
225.07953618344504;283.0677597694459;0.0
218.4065956376904;283.11584384946735;0.0
275.4442447846481;297.36474936738597;0.0
273.70045438760485;297.1223652915829;0.0
281.6376699961283;578.4842209425509;0.0
137.1481026591828;649.8694433521928;0.0
133.4517645968477;647.2135267743517;0.0
66.64409602875038;573.8491409228981;0.0
49.06460948998469;438.4070167237917;0.0
271.9870818312147;397.33377597740616;0.0
280.0618532896248;399.88706220116586;0.0
311.2827459548271;410.7674835689675;0.0
312.350735817947;503.94697069248355;0.0
320.39153261906085;508.19272622654205;0.0
85.83628149758506;583.8104192952441;0.0
79.13797393578453;572.7526828303791;0.0
64.11647174722408;434.6233232646693;0.0
316.3741384035188;416.6382868385012;0.0
311.0617170463693;414.4747419934366;0.0
313.6209009018304;441.1791746833164;0.0
295.5988962492944;345.13200174909906;0.0
307.7287777109688;348.3549438418396;0.0
160.07810579331425;321.37630596997263;0.0
145.9421594622412;324.4751104722227;0.0
70.28600932993541;479.237128053654;0.0
299.0374703340589;449.058432684581;0.0
10.483380912785627;530.2972975804621;0.0
18.49956704687897;393.4755226746532;0.0
18.74826819692273;393.256016880633;0.0
155.80655620118168;336.7004418257953;0.0
78.5069462761581;495.791646090928;0.0
78.83900862800216;496.5727992939336;0.0
178.5759951823185;280.351377855796;0.0
172.28982099073053;281.317079339103;0.0
78.83604780212946;297.34684148673216;0.0
186.74807645308047;281.41659204139836;0.0
202.3490197715485;280.0023991653394;0.0
206.96624503895504;354.9518606560248;0.0
123.43557964935748;560.4373786079847;0.0
318.18738893784354;508.3213258633588;0.0
303.27802135433313;500.4564421298361;0.0
292.6063355998179;391.794380901476;0.0
304.7512863511115;396.1561406475332;0.0
17.203176735345878;447.32238767924355;0.0
17.483601140947524;446.13872695627424;0.0
61.95196960742906;331.25178044504406;0.0
202.58173293659598;305.694079212248;0.0
275.7503879778727;321.09072916700615;0.0
304.36313196834584;414.5372311710527;0.0
299.84075142003906;412.7532881688462;0.0
274.26829259841486;327.7544562080122;0.0
91.32158321715401;328.15762818674204;0.0
95.39595711015738;326.1966917280808;0.0
35.83809409403337;477.8144816926636;0.0
270.2065623901972;419.1343269395058;0.0
270.2065623901972;419.1343269395058;0.0
229.59407277396042;338.80990590268004;0.0
-3.1322192378218117;411.901846541482;0.0
-2.677091253059073;411.13360558235263;0.0
-2.5802596030752922;527.046799764259;0.0
36.424695427823025;491.93486623255484;0.0
36.328520041653945;500.5198506161133;0.0
36.334092670750984;499.71773901927344;0.0
107.24015290490098;633.9760819257618;0.0
253.93677059910664;594.3402442929269;0.0
244.6162236497134;606.0484560285566;0.0
305.9032011904491;542.1475401337101;0.0
303.5018411723903;541.0044807384937;0.0
312.7419241426296;366.3670073582291;0.0
-3.0741658393776348;411.80662742872494;0.0
-1.7248169977038565;409.47230684598867;0.0
14.890532599891658;346.6043273666212;0.0
84.94703648140856;317.2885655562896;0.0
129.1437557830402;298.5830642591479;0.0
63.29175104520147;408.70311349217184;0.0
259.1208497858991;377.8321812251722;0.0
263.2507040666949;378.7846278303611;0.0
289.8719841348494;529.7695470242062;0.0
310.05834875869147;503.97172009578924;0.0
315.0649028011269;506.5619488590911;0.0
76.46380562787814;580.312058073402;0.0
74.5760187865215;576.8576070866785;0.0
57.002420360199146;435.3161677331575;0.0
269.5617829277258;398.2554334713258;0.0
231.82062019534055;313.0140575867022;0.0
240.0616850411832;313.5473163199489;0.0
292.2512487693607;421.29659066511084;0.0
319.73751154980744;428.59833913707376;0.0
307.81227349195024;423.3079053451289;0.0
285.2498553082745;337.05289675959045;0.0
104.72475780482036;330.1940341590396;0.0
106.36810897602537;329.49805842707957;0.0
45.41314145067923;482.2466236482216;0.0
286.6314147873988;433.92006586905904;0.0
304.46331309536714;442.1068916660242;0.0
286.6314147873988;433.92006586905904;0.0
247.05736231087823;341.17628731261436;0.0
-4.439083314852577;411.10666833131853;0.0
1.2487256531036073;552.591930625729;0.0
60.80368517853241;500.82553589314267;0.0
61.3859204385177;504.32449861653856;0.0
310.9575667310088;465.4732700375198;0.0
267.15096080358956;595.6099216373793;0.0
269.0534039652544;596.2370805631491;0.0
257.4131110755882;296.66525368380604;0.0
48.258286010574615;315.51781066996307;0.0
45.448916527022845;317.5638945252151;0.0
308.8906752327219;319.1592760865785;0.0
304.09954127003664;547.2215763186259;0.0
307.34875424763504;548.7739593936857;0.0
270.29365429256023;596.0864521531355;0.0
306.8082410010595;525.2338061801615;0.0
308.6392841965289;526.1735121678163;0.0
55.762564328152166;603.9690744951711;0.0
16.357925243497036;490.1089326960717;0.0
16.452828175464067;489.41131546296367;0.0
160.5019557585497;405.8564441502401;0.0
196.44009879955232;321.46851552015295;0.0
200.0000104515941;321.29633394008073;0.0
189.64834967872204;321.9318030026149;0.0
185.90339169486057;343.54267728108374;0.0
52.12964023130652;383.4229821329231;0.0
33.89544378139929;435.2441824008056;0.0
307.8160318336772;398.9302013087529;0.0
303.6038943311289;397.3507473730143;0.0
308.4067660829299;420.5571376990308;0.0
316.57120928996164;424.1214442065361;0.0
298.8604582896165;419.176915728636;0.0
261.6140898047803;330.5267743412194;0.0
2.8083937957709537;386.13441356347306;0.0
2.5649255546845438;386.48339488768073;0.0
153.77807785080654;323.3890224792215;0.0
159.35292346857716;322.23914986510783;0.0
151.15946536829213;323.97374131209625;0.0
32.74624510230523;366.40877944649844;0.0
64.35073746908873;308.72746785247733;0.0
290.0820040175811;309.81409543383523;0.0
314.89010079157697;415.72672018780327;0.0
319.9428305039473;417.82085638476343;0.0
319.9428305039473;417.82085638476343;0.0
312.9017601481414;516.8672504681771;0.0
320.8704949545811;503.55106538978237;0.0
298.05620773540085;539.6208603569447;0.0
309.16573412095244;443.3979841055878;0.0
313.76605013411785;445.6545480399153;0.0
36.10803419765873;498.6550147477943;0.0
73.10523886394847;364.10396158625093;0.0
69.39595673845015;366.36479112451315;0.0
65.49549414147685;368.8182539955236;0.0
44.68965623665968;420.3611620519792;0.0
-18.005208521424834;473.32240591852855;0.0
287.9248013589142;387.6375762997221;0.0
293.4336392008874;518.3028829395246;0.0
305.7904875895685;524.1770043664372;0.0
311.77469727236786;430.672353714374;0.0
37.76354522359009;476.6831583742402;0.0
37.81069634897555;475.6016918339323;0.0
273.991341716996;419.940308024291;0.0
234.31782144583136;333.7425403155456;0.0
237.4988747026276;334.01314480260044;0.0
290.3572455429145;349.8818384626773;0.0
313.3991934870269;460.3575856708478;0.0
319.1080695641375;463.2562316455934;0.0
303.3231934723836;470.9392632635669;0.0
232.52481412326176;290.14594560566917;0.0
225.89055368800527;290.02613557766523;0.0
252.7561520745763;370.13277804524705;0.0
-25.683350722448274;474.2571672627956;0.0
-26.91440115696259;478.2054019683259;0.0
58.57445431478585;404.27020005989397;0.0
79.8127144119528;601.9349492759816;0.0
79.8127144119528;601.9349492759816;0.0
307.1805016252801;541.1238723405826;0.0
314.83810670397634;440.17821052542917;0.0
283.2425783996451;425.8142504886043;0.0
50.00592359765623;469.69559912054143;0.0
141.4327789491808;274.41856212048833;0.0
148.32818781041954;272.616490277479;0.0
61.5278248618138;292.3544583310228;0.0
7.228923288902036;546.5893606211523;0.0
7.257351239783206;508.8159384020998;0.0
-4.666216946151526;518.4910727982178;0.0
6.189866498997998;552.1388048541336;0.0
14.375626434802657;595.6917125047718;0.0
284.7885118190521;518.8999006148812;0.0
226.7454383698885;307.67797583235426;0.0
229.1957471475828;307.74974816157385;0.0
270.78868477885544;409.31451308363467;0.0
307.4602922008714;420.3177147962545;0.0
311.667547357424;422.1153945128251;0.0
317.8393731370598;424.8883397031088;0.0
296.2225504507593;345.1823672651945;0.0
92.95882093845427;339.6084824456649;0.0
251.7092387309405;329.8453069688827;0.0
233.3912886333257;272.14666482440435;0.0
220.2160432651344;272.25359723565566;0.0
238.3372274248172;351.34212249518555;0.0
292.18747242922575;367.3726128963957;0.0
296.3119034857375;368.5614248597694;0.0
311.7578734915361;480.26043732985437;0.0
50.89576118230927;548.2420078794397;0.0
51.22459184604563;549.5338075122328;0.0
53.338886076011164;411.19039535585034;0.0
251.74887326951725;372.82002334383526;0.0
265.2851214894207;375.8016243146049;0.0
293.1626648146499;540.4895413198103;0.0
314.1173166633703;509.2027517611037;0.0
305.57020988402667;504.84025408257736;0.0
317.38986269330286;510.93968167931695;0.0
302.5694118022404;358.37251774200826;0.0
66.73751924522149;363.8700706503094;0.0
249.77477339656792;339.9178351761773;0.0
307.8033107474994;503.0758795492794;0.0
279.67473244774055;488.573150148149;0.0
2.3278307424937004;577.3568153490884;0.0
-21.18985723534215;473.10009444701814;0.0
-20.248632171104493;470.18659978855123;0.0
162.3781462680211;370.1158182243183;0.0
157.4596249932634;380.1532354059871;0.0
215.46913298883476;376.1462639518327;0.0
207.9592669767693;338.7067359111195;0.0
231.31244116339832;341.2968356309067;0.0
223.85725951106457;340.79834440882615;0.0
213.87772170974264;283.5341032085168;0.0
22.572164339803773;321.26055446027806;0.0
20.52584794466428;323.18136206677804;0.0
-17.927442789390607;462.31560519696603;0.0
51.1114400155606;406.8033404558619;0.0
52.491662495536346;406.0417486821578;0.0
37.68689421177342;480.30383092505156;0.0
-6.798736690732295;522.2953139941878;0.0
-6.507069649162152;518.2297823131588;0.0
-0.8918566551812555;397.6312897040728;0.0
89.2516338050784;347.05351106768506;0.0
97.16346189782544;343.18837225442456;0.0
46.33643712700628;503.7134585961194;0.0
46.38935265262128;504.5619943344041;0.0
296.9942679288497;454.9680155470355;0.0
313.50511083819566;453.0459321754261;0.0
322.9920229944507;457.8422931880422;0.0
296.8300901584455;565.1766950429427;0.0
289.350772564783;561.9287262350749;0.0
312.62235204264147;485.2730368007627;0.0
73.74965115009782;540.7504260222005;0.0
145.2730068451705;316.9294835742561;0.0
23.83787973547739;362.4753407604358;0.0
24.14740324776003;362.17460194462154;0.0
264.87172337850103;325.41285237548226;0.0
270.9092617219337;585.3844115910169;0.0
260.9786891485275;582.0218091876435;0.0
267.02344376194515;584.0571288295258;0.0
149.4411124700843;633.3688808178363;0.0
98.05732872993678;390.6635637796567;0.0
96.58205172851987;391.350402479074;0.0
145.6592262262984;314.96013255573854;0.0
-49.2730017747292;416.4288828440643;0.0
15.472162191122884;364.92653462462204;0.0
16.641533396902208;363.66604049813446;0.0
-4.878552857569273;516.2986896921262;0.0
2.6576237355622334;401.83807410895935;0.0
139.81673211927773;336.22666888857316;0.0
124.78255787401217;340.8195448275316;0.0
111.98672379703626;359.9838219755469;0.0
-14.944200411157317;437.2892488057846;0.0
-16.098811256272477;439.62752740642986;0.0
9.215928003371795;588.1599973755118;0.0
45.77749402701966;561.6452994213215;0.0
47.125011919076016;566.1762234279981;0.0
42.81211733453774;549.8193482524026;0.0
274.95863798411494;492.5548330545853;0.0
228.70493182310202;375.26366471411114;0.0
264.9612991132375;537.3707097398478;0.0
295.55942204859195;511.5405545168878;0.0
305.49174416080695;516.406821812944;0.0
56.674081270227994;590.5438969711186;0.0
54.03202050295897;584.6453646445029;0.0
25.214587740946374;480.51662493444854;0.0
25.076989182994083;481.6795177642186;0.0
25.88464905531714;499.3365786161711;0.0
296.53096768578206;436.10877113336375;0.0
41.47101311156464;485.54454113802404;0.0
131.1759826836307;280.4889203121915;0.0
134.5711228437856;279.45972952719956;0.0
55.758747904282956;411.59303736049975;0.0
272.1562529836808;379.7799604347635;0.0
253.1798546556881;375.39684519935133;0.0
293.6087856370441;386.5777690388315;0.0
-33.97269808759911;493.4250046174044;0.0
-8.491901956478008;349.9588049386724;0.0
-27.667561849712822;533.4124959268714;0.0
-27.006858020447215;524.7681606421944;0.0
38.79038756970698;461.63903104216115;0.0
219.18150911624858;399.00549799598895;0.0
213.0465430624044;593.448726453072;0.0
225.302230051157;595.2840073109138;0.0
289.5599181923486;549.4385376042004;0.0
294.99105091725323;551.7675314587211;0.0
312.3348073896567;452.42921204587134;0.0
106.03748363403396;458.44095827550217;0.0
101.14937501029677;458.9887669733791;0.0
98.04707330981167;516.1750144569664;0.0
-23.820268681406016;603.8028729251498;0.0
-20.184099063074203;618.4074866302229;0.0
-59.856284151480224;508.6755789829906;0.0
-57.9801916064064;500.3799660551896;0.0
-9.980013635281553;626.492421958437;0.0
310.18515959779614;504.20004688365515;0.0
313.2370820766989;429.66845861274965;0.0
315.10145643236723;430.49146773854767;0.0
69.68513243425721;451.5337048285739;0.0
65.38264776437582;498.252199271891;0.0
313.3635299240981;458.5488032436719;0.0
309.42428752053445;456.6382147008405;0.0
290.69961359708026;362.73964644904254;0.0
43.16424810543637;387.3037257427005;0.0
95.25797343428219;296.13533741178776;0.0
186.62318212235286;284.83516955028784;0.0
154.57207550939634;379.94528007077406;0.0
165.60503913810174;377.89910317180573;0.0
189.39513818422782;375.3370359323326;0.0
159.81294416764237;378.9103823500574;0.0
292.7829340369523;394.7747399875905;0.0
292.7829340369523;394.7747399875905;0.0
265.4289773697633;317.58275491355533;0.0
39.155485478372924;342.2120144964481;0.0
4.55028170812036;506.39306700844327;0.0
4.233381860699861;509.63696913417607;0.0
330.66557105328627;432.79977674849584;0.0
319.1048181253528;517.0804134845486;0.0
278.29100391834953;575.3081666696041;0.0
287.00776803656254;578.1376180469096;0.0
273.5986692885889;573.8464724841934;0.0
302.7202152991126;473.3987248899138;0.0
6.559081024884131;560.9334954439155;0.0
-9.188699727566968;464.6279299152234;0.0
-39.80608550620161;497.0673590905038;0.0
-39.961793079021156;497.73298415120047;0.0
-39.49597165780071;495.7674378335004;0.0
-29.537978590192807;385.144983314912;0.0
52.38065410487582;332.8993813555158;0.0
8.972595005259985;467.24830550444796;0.0
-4.716985648334587;480.45509949937235;0.0
-0.005813497297971594;462.49107290840595;0.0
2.821185191715719;495.9223416382422;0.0
0.15967682420273246;528.5700720894584;0.0
319.7248021704293;442.63152962822153;0.0
309.5861652895829;437.8088161886283;0.0
289.74653433955734;355.9200754811694;0.0
67.24279210271568;365.8769422172737;0.0
298.87284755869706;359.8145575429636;0.0
313.6103449098452;484.55706511738674;0.0
310.2780397905678;482.909569749132;0.0
302.5668525828211;387.29846827863093;0.0
310.2495553248809;389.9941110815981;0.0
68.975259683035;398.0248642477357;0.0
68.975259683035;398.0248642477357;0.0
120.96129221691426;316.3686631365503;0.0
30.669255776251592;352.31960935700437;0.0
31.94525289155859;351.18520033635997;0.0
-0.37145489075949206;496.2364980899829;0.0
51.908539879156244;448.92442441119044;0.0
103.72510131773602;616.6847863750007;0.0
91.17676068201038;602.3680566333775;0.0
247.68169200610038;570.9271423584378;0.0
222.31872831787965;331.5960660876791;0.0
231.56063694044974;332.06721738988847;0.0
32.58185674187424;375.80799591699895;0.0
13.615060399154121;516.3226252072445;0.0
13.534338905431214;519.0322707295777;0.0
87.49826484572988;646.2141371642538;0.0
85.00457869699913;643.367952361769;0.0
131.78425941818426;634.1030867455172;0.0
238.9787289764792;604.1189329684958;0.0
96.62221703745666;640.7507553015178;0.0
96.62221703745666;640.7507553015178;0.0
33.178918563098506;409.83822659065174;0.0
37.240347063294294;559.7344875970739;0.0
31.37359960082789;520.002144083076;0.0
35.22880528753478;550.2540027549239;0.0
23.1028593052184;559.5820038005435;0.0
17.48971841595455;563.9604109057988;0.0
19.344110984466063;573.1497656272008;0.0
308.26893192591285;486.2024717663748;0.0
308.28723911159;456.1335474967532;0.0
298.80051183552314;451.6483467193626;0.0
15.731452969642456;530.6798170772042;0.0
19.182575474910095;407.0375144405312;0.0
16.92167952979716;407.5693212025618;0.0
5.802073989120605;415.0606816258701;0.0
11.365518356000036;522.290852905014;0.0
-22.298336366079635;549.8377512538764;0.0
-15.671771337634063;604.2414974659605;0.0
-23.768676208067497;346.76941095078877;0.0
-24.73484530897004;349.02910381575236;0.0
-41.97674745058235;409.66537672958924;0.0
-10.183928498045749;382.8516142779198;0.0
-10.135739260552262;382.6649260551046;0.0
-19.703958289582165;524.0095256149365;0.0
17.98998489493887;485.29267890080365;0.0
74.29779541772844;439.85900555396427;0.0
122.87879197787076;611.8247099347282;0.0
125.75050905620925;614.0142139252467;0.0
117.80445711118993;607.6363643808091;0.0
67.11149658303854;466.425723947925;0.0
293.1375434775199;436.9518134238719;0.0
293.1375434775199;436.9518134238719;0.0
303.7345766727288;442.0007256824468;0.0
24.10385015320442;504.8530038960459;0.0
48.736643869502636;581.7352776424499;0.0
45.61803577877623;573.0980314785267;0.0
49.350815675354994;583.287327340481;0.0
23.353648874324275;497.7972095966923;0.0
124.58739152413953;427.7310797651341;0.0
103.7906839997341;435.00420588458;0.0
153.39082628593576;354.5359338668568;0.0
-36.63298119677287;464.5777108751002;0.0
-37.17165140901077;465.9668056267227;0.0
306.2877187140796;376.73065708514997;0.0
316.2881814777773;470.21082095356735;0.0
322.69910691536955;473.4304268754387;0.0
305.76123935296755;490.84531272124536;0.0
295.0373616871693;540.3688349098707;0.0
284.41098797267256;535.9144439210269;0.0
274.5476749191758;556.5736463435612;0.0
311.73871055960103;510.6415268068456;0.0
311.73871055960103;510.6415268068456;0.0
132.3486415911969;589.7330011540411;0.0
101.51155062292274;439.2351314967676;0.0
99.08009148941939;439.9331591594499;0.0
162.33890371175497;334.2600505018962;0.0
262.2858882909013;343.3119536894907;0.0
277.76793067531895;346.3975455279003;0.0
304.0157332713662;357.31586535401976;0.0
321.61436976611094;456.6132144829159;0.0
314.5205156589191;453.1359558754789;0.0
48.442899458160525;504.8597756620411;0.0
77.1675711528112;380.044338077728;0.0
208.9785765450061;352.54437836358517;0.0
244.09419150592637;355.3808692759329;0.0
261.86075119408565;382.04670155388817;0.0
213.20378982418785;374.7238152885516;0.0
-31.90308566890502;496.91143418703234;0.0
-32.34848689624728;498.9390332243677;0.0
318.89402745214494;403.20480103060623;0.0
317.99008532246864;501.56217440471096;0.0
310.70686433071046;497.9396966372571;0.0
96.91077164333936;568.0412838274246;0.0
90.06415847337641;420.8012839157388;0.0
262.704689785246;401.53239481787324;0.0
280.5334293295333;407.056095118567;0.0
278.97494416053667;560.4612855210845;0.0
23.219343474291218;629.1950306461015;0.0
26.318333964406442;635.6749910872826;0.0
-26.982236064654945;523.7261765512484;0.0
-26.440953937557246;518.722764689427;0.0
317.5318866821587;418.422858985425;0.0
309.5197631821584;521.5229629442276;0.0
308.12184068229897;520.8430703836572;0.0
149.76335258397995;601.1859820349404;0.0
186.7124681108413;262.36306667262227;0.0
169.03573838567723;618.6799086996265;0.0
155.30607316612054;612.031928067138;0.0
266.7479660230167;568.0682224298029;0.0
290.2290680250015;543.5654865234717;0.0
306.3438247907675;448.1411586926863;0.0
324.6250817025454;456.9363004193976;0.0
297.49946852938905;465.4377220155417;0.0
285.73484894320956;459.24315534110934;0.0
128.57142959593688;469.1725568604656;0.0
122.0351302163274;470.36862726510265;0.0
200.0000028066731;344.88426156086337;0.0
279.616402980439;360.1751031170244;0.0
308.1464725898405;468.65268313675875;0.0
305.7227276773648;467.4024266264524;0.0
316.06606086435505;462.6127116320201;0.0
52.28154100448236;517.7231969259855;0.0
80.66970551804516;379.91834786207573;0.0
79.63560000481189;380.49109852540914;0.0
234.9815532792917;356.89999444056116;0.0
222.56364026479255;355.84756354146316;0.0
277.9791422022847;368.74620906769695;0.0
285.5055092091548;370.74635948357985;0.0
285.5055092091548;370.74635948357985;0.0
295.4666923152652;373.7367055007337;0.0
1.53151954329377;433.3990046836381;0.0
1.9795320804558678;432.31565713133466;0.0
116.68386195868958;365.85384037262924;0.0
104.031204907683;384.7955815704353;0.0
253.40965352566081;373.61301160974;0.0
285.5764811135224;522.2143508317303;0.0
288.56529104304644;523.525307440008;0.0
299.2776426392785;528.5287936036193;0.0
274.44387352867216;380.16818117254854;0.0
308.24726866051304;393.1647757642105;0.0
308.24726866051304;393.1647757642105;0.0
24.893280682063693;434.31453922021285;0.0
79.89560716989413;318.094490028512;0.0
318.98245652132493;335.5616502394933;0.0
313.6237156268984;334.1718981267479;0.0
301.4414711874677;551.9218680245541;0.0
326.55927464631833;438.3510647133749;0.0
329.1715378329448;439.49567601126046;0.0
284.97904459191267;437.2133523099191;0.0
289.7005004446874;439.29237061395776;0.0
236.92916564698908;333.28076682096884;0.0
292.1376019067903;349.9523255577522;0.0
311.5831866151018;359.0184630245492;0.0
324.2132077632457;456.74532965517415;0.0
322.68786806819634;456.0077812726927;0.0
330.22545597868964;459.7391811411596;0.0
320.8179323014093;372.0575364070415;0.0
200.00000498947162;338.25845347259593;0.0
169.71352500590964;340.92992763230524;0.0
94.56335556298801;512.7335839699364;0.0
303.32902989158333;483.3762598446549;0.0
277.7664998269618;367.9496354723097;0.0
3.7387192527819284;430.9330619208187;0.0
3.5832037286278826;431.32547986778997;0.0
24.54732369233189;581.2727669664673;0.0
324.28521099901366;477.2484088924207;0.0
321.65440104757573;475.9815261252959;0.0
322.9726961754649;476.6135260993486;0.0
293.8043422925766;508.4740200313919;0.0
259.56402392638046;379.28569513020597;0.0
288.7722917441841;387.78891910772063;0.0
-34.70847599135522;499.28998597435026;0.0
-10.698072303493728;351.48923641922653;0.0
-12.125393757209117;353.9452941235698;0.0
85.94998855172342;305.6589285974696;0.0
24.849795793507354;456.1281201224674;0.0
24.174731606652653;460.28333317292373;0.0
53.11509793969428;589.5697519881077;0.0
94.6388108462443;571.991658254212;0.0
86.58299214098922;559.191435625635;0.0
291.80174660477417;516.1273148310318;0.0
303.7841310980222;522.0100810350058;0.0
288.3748573481816;391.2767235744151;0.0
22.86824092786244;444.64714183484205;0.0
22.86824092786244;444.64714183484205;0.0
124.7783047088484;385.45256272574267;0.0
177.35123691140376;296.11454188611077;0.0
190.96984626439675;294.5928045713262;0.0
167.97401574661302;361.98831383785483;0.0
286.60535757780366;377.51809414969716;0.0
249.7972147881518;302.39780223239524;0.0
232.39976480684203;301.2083881021726;0.0
-2.2162477984333746;356.7390178393256;0.0
-24.366073947266393;499.5005709412561;0.0
320.5557480569551;409.3258898372326;0.0
314.0306111068374;406.75191124280997;0.0
312.9292937510388;494.0630017557391;0.0
317.6763311937403;488.1465563597793;0.0
318.9383952309595;488.7449776750317;0.0
322.69720096833856;490.55655397332936;0.0
291.80944112236705;534.6736962861042;0.0
270.20094886200405;382.19199670390714;0.0
266.20514526662436;381.14775530571694;0.0
28.18587503079057;435.3545419810263;0.0
27.167896407733206;440.42097727617823;0.0
27.11419766103449;441.51587292332283;0.0
27.66674945884032;438.8507537583285;0.0
286.5350042731229;388.78308776989854;0.0
271.08683013374264;384.00474206569737;0.0
296.8945213243117;517.6991963979406;0.0
310.8150049846874;499.6737104249448;0.0
41.82544585283378;580.4591838686478;0.0
19.733994068463197;442.4980776145757;0.0
19.63279738426648;443.00994605279107;0.0
19.995955364124818;441.07015400952764;0.0
110.92707131058368;657.2040250706896;0.0
241.9267106106302;606.3823183320895;0.0
248.9634870518844;608.986844977863;0.0
293.66621713783076;529.5819020683097;0.0
308.51999836332095;509.76947464120406;0.0
320.78173872169924;516.0989844974871;0.0
322.7822278118089;405.011865777161;0.0
31.75059940206432;438.09574905013505;0.0
63.22353736341252;599.7586167983268;0.0
288.36110050988776;564.8643344691927;0.0
288.36110050988776;564.8643344691927;0.0
200.10537864349627;561.670465690511;0.0
199.8053702055511;400.0001020131787;0.0
302.96535962239193;420.8163191596489;0.0
316.7196826166592;426.95224214108697;0.0
284.54554034890964;325.3552501894977;0.0
33.480884318913866;348.70452797030754;0.0
32.56102994822338;349.5113592569533;0.0
0.41808254436188097;502.73255841843104;0.0
313.6115151859432;425.17983196157803;0.0
23.051234123847575;480.5235377123529;0.0
65.07342271558026;348.5442626432686;0.0
60.94737733976769;351.2465538674768;0.0
23.80612254287476;492.5811619916227;0.0
23.483654873109515;496.2275604057289;0.0
103.25211038075273;437.08807239308203;0.0
97.83733286201608;438.8252360062092;0.0
295.84706297505124;429.9828836120332;0.0
262.09619936790114;336.6841467408719;0.0
264.6408894506906;337.11099343434597;0.0
293.5353101200702;347.73213467206347;0.0
314.38173124549;440.5332876662565;0.0
37.790741146581404;492.09961157463164;0.0
37.81704649609014;490.71536813691773;0.0
81.34910676709322;349.3368116389758;0.0
84.90029364278261;347.4145803465558;0.0
38.52816895363828;503.50895227999075;0.0
287.46313951823106;447.73264316178125;0.0
188.83353289542143;427.70938278294693;0.0
-17.0829543163258;545.8911010843649;0.0
12.523887733604614;517.9162578179549;0.0
12.955650123925295;520.0585395894885;0.0
12.916553631982802;525.1966577827636;0.0
13.091787056978522;534.0678886688755;0.0
71.40052195586378;635.7724580706596;0.0
318.25510327238976;523.8516226196883;0.0
330.2878691135712;431.47518431053834;0.0
139.55504157083274;413.37861449581527;0.0
289.30773516056206;424.7322897223688;0.0
322.170224118361;434.7196298556513;0.0
290.5466205909615;342.0229317800418;0.0
265.7021782095461;336.60344181693233;0.0
280.5524453328679;339.57035159499316;0.0
-13.521142057989003;404.33100881234196;0.0
-18.12573953834637;521.2040856819818;0.0
-17.61007829380767;516.1746843204762;0.0
320.4897176017917;423.04462784642993;0.0
311.3442679911268;517.2355635337747;0.0
317.7334789484274;520.3864212495432;0.0
328.48645422310955;432.26463763721296;0.0
177.81736218353515;407.33909491097256;0.0
310.2519446296889;430.5462443251705;0.0
291.0050440284022;422.19375554174223;0.0
307.6462473698263;429.31514550635063;0.0
-8.40485720195927;519.9918328967843;0.0
-7.970242429314495;522.244215695186;0.0
-8.188031302011419;525.9567842756384;0.0
129.9486069096769;421.3683934471442;0.0
161.7383807844331;401.6664354299833;0.0
113.89841560710106;415.89184818862304;0.0
172.3865757769108;322.929168166001;0.0
263.4006552433274;333.5865029619384;0.0
297.8962637425681;432.39384681291745;0.0
297.8962637425681;432.39384681291745;0.0
313.0546183144579;434.5942853352656;0.0
324.1262501102201;439.79698584829487;0.0
302.05120198560684;341.8211306761581;0.0
93.13182290584928;332.53790946553437;0.0
90.51737846605847;336.18833192750293;0.0
270.73687819261187;331.48881627069517;0.0
275.9786180467768;332.5335217890856;0.0
245.28670365980247;327.8226531244779;0.0
283.4025704143377;436.8739000750905;0.0
307.3507215242043;439.67758427300726;0.0
307.9796801306855;452.98403336238135;0.0
322.0792879308654;459.7309245455445;0.0
13.825541890021352;545.6878472426122;0.0
13.635076153251305;543.4759711845412;0.0
8.886771366134159;428.80524470671224;0.0
301.79674722771824;378.2256810514095;0.0
278.38421986897515;306.8133232760134;0.0
278.38421986897515;306.8133232760134;0.0
116.71956712825006;295.9095377946134;0.0
65.62115496294082;586.3837833274747;0.0
64.06865204860507;583.2437601376181;0.0
301.62758198741284;514.4703981707552;0.0
303.5761565045127;515.4390563128268;0.0
300.24348917213536;410.12793180359955;0.0
2.570992038213546;483.4224089279051;0.0
2.443961107206575;484.0375774761111;0.0
83.73535831222114;420.6000851926142;0.0
107.62411277473046;593.659441790935;0.0
107.62411277473046;593.659441790935;0.0
287.2701029179573;548.9747122956987;0.0
291.2203963964527;421.8184559697897;0.0
258.7869813994147;410.9472814282253;0.0
-7.993988385933449;509.78973414295626;0.0
-3.64036544156753;408.4562129549086;0.0
302.9247205599655;361.085047845557;0.0
313.03888865884574;439.5449055555436;0.0
327.84927245893596;446.13003800174596;0.0
287.53258901119153;447.61848104476854;0.0
281.3208636579624;444.77960008049666;0.0
313.91543313283114;448.25197303330214;0.0
307.36182521529287;445.09643046804126;0.0
308.58009775333215;473.86205317088695;0.0
308.58009775333215;473.86205317088695;0.0
319.08768907239653;466.6559759766402;0.0
295.41442813975783;556.5014024586125;0.0
296.64445834750524;557.072234495441;0.0
199.9999996054429;631.0146425000336;0.0
131.93577890499532;540.5859382429693;0.0
305.99635074293104;503.95031105524;0.0
299.2639438648302;406.51613659532273;0.0
294.14646041375073;404.6025326232474;0.0
5.780115214511361;474.5743343799956;0.0
35.95551677247457;355.54194249985767;0.0
35.95551677247457;355.54194249985767;0.0
36.39593709019869;355.17334706370343;0.0
7.499992499253213;506.11233112858616;0.0
94.36599113278902;438.38303596924646;0.0
140.77287846549424;605.8143997623234;0.0
271.47268394573626;566.7768268234314;0.0
290.1864819391058;572.8789497755184;0.0
316.8670964177819;461.11439976354734;0.0
328.0475860595874;455.31986924881545;0.0
329.7607938223931;456.2306686801307;0.0
313.7705856257261;364.0815411702334;0.0
113.61052649644253;345.92565884261944;0.0
96.32609057673766;353.38379899368664;0.0
104.79155946733805;349.545402862212;0.0
233.20073548634994;338.17710407618233;0.0
302.19039998232137;484.0147913914756;0.0
319.861593705666;470.5108921292229;0.0
304.56439891257133;377.44714114214804;0.0
293.4419301602872;373.8458176902217;0.0
308.3428046568307;493.2774769117083;0.0
318.0493540640787;482.33679181631743;0.0
316.610799504803;481.6372119028261;0.0
319.47927332643377;483.0388783159653;0.0
296.0101054700414;559.2176147314761;0.0
195.04675162059678;635.2917975334703;0.0
132.18149279200003;559.787237515322;0.0
303.5764323901858;514.1651209215127;0.0
293.2865885930051;509.1862606768724;0.0
303.95472004309926;498.20968937195084;0.0
299.95604886641405;396.14353316203466;0.0
319.35985559898995;403.5377079593458;0.0
317.45835203700443;402.74459830629337;0.0
136.56475966353776;381.81826983475315;0.0
110.81026664460046;390.85484776069575;0.0
269.03772093527465;385.72165914476216;0.0
235.89344995687128;615.4550363797963;0.0
97.24068670333205;669.8541227294556;0.0
7.881184690219454;389.39214213566237;0.0
8.030953365164649;389.21618630652364;0.0
8.607070012498905;388.5431584625028;0.0
-2.922253314091281;520.5712675203591;0.0
35.62449967514496;482.94072229517093;0.0
76.86955877941178;359.1659156366734;0.0
252.97853741409503;341.01193107351753;0.0
232.73739033847616;338.65809985979007;0.0
220.77534224442272;284.8271379699676;0.0
29.511859534129048;317.87149226068505;0.0
126.89779423390442;285.7781996645582;0.0
58.44065901088882;402.36290905813524;0.0
57.538471292219484;402.8835493129116;0.0
57.538471292219484;402.8835493129116;0.0
57.838963859006164;559.4348857492145;0.0
268.89541032309205;515.7148825305761;0.0
298.7503620568679;528.334034340996;0.0
0.9389523751234126;608.8935512012662;0.0
-36.237580535110496;501.90316556055535;0.0
-36.53249260668352;503.34437299279;0.0
-26.933766414971423;389.4044633691067;0.0
94.50458705061064;320.0605853046789;0.0
82.57058280611118;326.0331171440667;0.0
90.0729012457732;322.1832238106511;0.0
208.43303899732683;307.1053498711231;0.0
245.15143608287326;401.02908742715766;0.0
23.171396605509738;475.2615285231956;0.0
25.90199972587834;516.8082875590392;0.0
25.898430477960126;515.8509143500539;0.0
313.7116442047482;450.21714709727206;0.0
312.2631940383243;498.2879801960176;0.0
310.377739048229;497.2927358445197;0.0
285.55791655878215;525.8452982230605;0.0
253.05731521141576;577.5043191199248;0.0
230.60368113403985;575.959513673366;0.0
299.69055099918563;523.9519161799687;0.0
304.1760693352308;424.15390957266385;0.0
280.5572498434147;340.8759022449927;0.0
58.75500131168193;355.21088126830386;0.0
59.4743021027012;354.7207661560922;0.0
65.29903598877596;350.876304383354;0.0
24.68050433015082;511.92102677503976;0.0
294.2614178705761;447.89057966755547;0.0
324.4443519071542;466.2957134249103;0.0
62.578577434805034;483.7150658761642;0.0
62.30393907129339;487.24713127739795;0.0
60.98500668066191;479.8192948554388;0.0
62.19290692253383;486.45033212565903;0.0
-3.3605233406706048;549.8118200432759;0.0
-3.8078003489803796;535.0918452711909;0.0
-4.877909800244075;530.873890512581;0.0
18.752340261633936;507.92142341044166;0.0
96.86052319235462;448.6089502653359;0.0
100.14756662280618;447.9432848027318;0.0
149.52716818290924;602.6338095897927;0.0
299.6534345374089;538.1236635661079;0.0
297.8952171614422;537.308491833435;0.0
294.74263159575065;382.3122085350588;0.0
292.34185576431906;381.54202229545433;0.0
302.56774963533184;515.7456613015942;0.0
316.25238954648756;496.7423868877827;0.0
316.25238954648756;496.7423868877827;0.0
320.8121959797565;431.81062877921994;0.0
280.4511194579625;423.84601442209726;0.0
238.83743208730124;328.64560190150354;0.0
-12.59599113125614;401.72584648917075;0.0
-12.923196073938392;402.03317912585186;0.0
157.35170446393704;323.91813845260515;0.0
175.68960919095608;275.2776406241427;0.0
167.29865504742517;276.67260291619687;0.0
164.62392006313894;645.7716800552712;0.0
254.23348317521362;605.2525980467896;0.0
254.23348317521362;605.2525980467896;0.0
96.06475066383086;661.5075938296957;0.0
104.08105443105926;669.1909427987704;0.0
41.4699008538328;342.5730130339087;0.0
38.11425893259565;345.2848916269526;0.0
191.3584518258706;306.7985253025732;0.0
-19.200642485058612;383.2838809648081;0.0
-19.13319250888212;383.36806337191655;0.0
-31.88808320316377;468.87871965125834;0.0
-32.245100218905975;469.87965230599565;0.0
48.35502741668144;401.3982077737544;0.0
105.11120289152554;303.572469502227;0.0
108.22540821312;302.2950503643205;0.0
281.75474107551065;311.7756252703181;0.0
302.6406739557107;540.8417199621263;0.0
310.2424568785726;544.5021310233514;0.0
55.19414798474908;642.0835891197934;0.0
19.728831212583373;350.7079074195481;0.0
18.42104937028783;352.03403048678405;0.0
175.57835641654867;302.8632856306092;0.0
184.65931029042477;254.21889766771463;0.0
261.21163942954644;267.5120216298985;0.0
256.45473339129086;267.20931802725727;0.0
280.92360670926473;572.7173659131778;0.0
309.3860969932779;488.66441379661126;0.0
77.86629829259176;538.1876802607362;0.0
80.33679757500626;544.1327352413872;0.0
79.02965014253206;541.0550551435323;0.0
70.56334268943358;493.13211786345516;0.0
291.3729245093935;464.0653199523236;0.0
300.24561285426586;468.7945846595913;0.0
273.7302090093973;572.4757366707142;0.0
101.35365303187078;599.741486919262;0.0
99.42166119465737;376.15531328864023;0.0
13.773684048393587;429.1212112229557;0.0
13.914635318152714;428.5009541093624;0.0
66.0481043612445;392.5800087546438;0.0
67.45567489646005;391.72961675971516;0.0
83.25563091790666;364.19903698242626;0.0
95.56478824259048;357.88212029491405;0.0
-41.48101292068484;458.1041769864027;0.0
-3.5083955959603936;609.7807079740612;0.0
-35.7708628768758;528.8665467108524;0.0
-35.42823335017136;525.3363292806644;0.0
136.93167100716443;396.0219525098603;0.0
109.95086066813916;405.6390613485945;0.0
298.35158974232905;407.6186624819159;0.0
280.43511854242826;350.2044529884839;0.0
293.8914023366989;353.61123829772515;0.0
78.23275955251545;357.0498695532794;0.0
52.90865132015686;564.425715767713;0.0
90.32550119683195;339.1937181614471;0.0
-23.326506976176905;409.18327412993597;0.0
-23.878315354718453;409.83671714867296;0.0
-23.543415968255783;409.4387179639195;0.0
179.49970584918853;320.6623929225258;0.0
168.30229865886852;346.24322226342116;0.0
301.51635239235924;368.92410142635975;0.0
272.8038844237008;361.0286694425241;0.0
290.3080235955571;517.8276534158622;0.0
300.1667757924277;522.4172654651695;0.0
67.33193786713358;594.2634123670307;0.0
32.208003434229816;488.2661821763223;0.0
111.67319653089514;641.7748886132398;0.0
241.57330744219414;603.3463037887158;0.0
241.57330744219414;603.3463037887158;0.0
64.706489214196;653.0153930609429;0.0
71.82348902416042;662.0997736568789;0.0
23.09277075405115;333.2122490423032;0.0
-10.387540593237505;527.4153012734264;0.0
124.18554957510032;423.4326791489653;0.0
102.76042849101181;431.2870338137555;0.0
160.33825946800343;618.160874985535;0.0
273.91394667456547;568.1194476770795;0.0
275.86232965198946;568.834569968185;0.0
277.7908726877053;569.538946888238;0.0
92.36743622664969;634.6671035750629;0.0
45.029337935807355;572.4113337608264;0.0
275.92410500485033;525.6951452340518;0.0
223.90921838692486;387.0572452728229;0.0
287.0306476202947;402.49496241568363;0.0
324.4823122217149;416.6714831815643;0.0
310.94204499992935;363.87806032152804;0.0
292.5242722860532;358.2799475937303;0.0
304.8252234831907;361.87867692498764;0.0
285.1539873645402;304.85621758010393;0.0
173.26466409011513;284.7523538656286;0.0
162.11121981167156;286.70627619613066;0.0
257.53069496038967;297.20552739995725;0.0
301.64949978258045;426.2254515753888;0.0
301.64949978258045;426.2254515753888;0.0
261.60755632181304;309.6861950542525;0.0
224.54323630622363;301.2841830823212;0.0
231.94388620879954;301.4899372194607;0.0
291.2730030023285;319.4311559834133;0.0
320.9769339366856;444.8146413557427;0.0
72.67969867614346;468.88579408579284;0.0
131.258658967012;359.37084762123555;0.0
138.22373347388407;357.3020272030616;0.0
297.28564828964073;372.6568901725193;0.0
309.42558977810705;529.676236887941;0.0
300.0461080174329;525.0059566837753;0.0
311.20511305251813;530.5999182269463;0.0
318.6544347551364;443.237391555843;0.0
329.61583118780976;441.6085392527911;0.0
318.3374690799565;436.3310492713139;0.0
318.4146747084073;437.87475113049743;0.0
322.9241289714541;437.51749871833226;0.0
312.6757239491755;433.19932317822526;0.0
-9.565294369208203;527.9738487898378;0.0
-16.329918095717936;464.4915735788932;0.0
28.11396537450069;611.6591703132401;0.0
33.72041268939083;624.2638068834909;0.0
231.5432926661619;590.7166081702704;0.0
161.723787306376;581.8298171717735;0.0
45.780604376459344;610.7441373425853;0.0
123.15198838224744;585.9069070403036;0.0
125.68964106179882;588.0059518309894;0.0
133.41219050069805;378.2630411809381;0.0
87.98954833504973;395.3067052480936;0.0
94.61489406154942;392.0410623707587;0.0
93.00243465937916;394.5925122551809;0.0
67.95362734104697;529.1989357077458;0.0
66.95868711027627;525.5233955837286;0.0
29.928739682220407;553.8777929884917;0.0
22.658262606393567;559.7283005914871;0.0
21.546651796613695;552.9323721709209;0.0
9.610732478125193;445.4469188192158;0.0
50.5834751670472;414.5335577895985;0.0
51.75941013419964;414.0163814896289;0.0
29.237576877215027;430.1009037947088;0.0
29.278586641841873;430.20863176870677;0.0
29.366968967865656;430.4210163888866;0.0
1.9491809903057298;453.9373495134024;0.0
1.9491809903057298;453.9373495134024;0.0
-17.785529642038902;473.30571905409073;0.0
-3.419399560881086;556.5354863464003;0.0
-3.875739596104743;550.4252547584856;0.0
-3.419399560881086;556.5354863464003;0.0
19.057463818799462;535.6600303214638;0.0
13.427025119876303;507.1688260260802;0.0
320.52469115177126;436.29343404646704;0.0
327.14922977851586;439.41489088796453;0.0
326.07343266019336;478.85922046163455;0.0
43.348857849836676;560.2565434668538;0.0
41.680712609580326;553.5106447864564;0.0
78.39693053506215;613.9228914698526;0.0
239.1003302502245;587.5108987118872;0.0
191.16421086043573;581.3423964901427;0.0
258.44103841667936;589.7634551318602;0.0
90.92675047370217;618.9932645018471;0.0
99.19311949498523;326.7361103763975;0.0
66.11658675443526;377.0507677541217;0.0
37.23501722585572;460.7491943826478;0.0
37.26574383532618;459.59497349266155;0.0
315.872220695769;419.8969772889996;0.0
323.2254623692495;423.17580549868387;0.0
317.76747542498913;516.1092032756944;0.0
308.2044528891774;533.3010177331413;0.0
317.3630484420695;450.1068102184958;0.0
305.5443628565351;444.19949960880336;0.0
319.9802440208145;443.2988387015325;0.0
317.8593616058087;484.991429019028;0.0
311.4719640790878;492.6908511792068;0.0
316.70805122328755;495.43190691517486;0.0
84.48304611294476;554.1112160358917;0.0
88.79195077045298;420.1288484352669;0.0
85.75540752282741;421.43008145543405;0.0
79.03774582837438;424.0367509600679;0.0
117.95499173617729;347.7980149563814;0.0
-30.355116239243294;435.18995029894177;0.0
-31.606182767566153;437.4222939477473;0.0
-27.156164325232506;526.3996386828071;0.0
84.2577938238767;430.61908576839056;0.0
86.79846998959331;429.7220415447645;0.0
155.31912148030176;327.458912157053;0.0
277.19403578174513;340.58083825350934;0.0
274.781966043262;340.0752145865248;0.0
309.42147100270154;468.0532325518065;0.0
322.53092219639484;460.5624237739799;0.0
321.89630049065755;427.1129727205324;0.0
318.6633009555686;425.71127342943254;0.0
59.58822131682524;451.1196889833219;0.0
59.79203464203984;451.3006230058155;0.0
121.12471613903756;622.4042948970455;0.0
273.71369557240047;572.7563667801833;0.0
302.4370408130884;477.98037786132306;0.0
302.4370408130884;477.98037786132306;0.0
23.397293475479216;553.5237357679181;0.0
23.993986694979807;557.1360221497239;0.0
15.345298758012289;429.72185330530357;0.0
217.7023756966116;359.27554020376454;0.0
305.55187887666483;383.5319832800725;0.0
294.5892307471897;379.86491813233334;0.0
308.6889390578246;473.37251454791254;0.0
308.6889390578246;473.37251454791254;0.0
32.05278299952696;549.4740996240622;0.0
35.042809006514474;563.851391155701;0.0
19.040298365887356;487.878697844147;0.0
56.29879513336716;454.6937546338403;0.0
130.69086838434285;332.78499198129344;0.0
109.45203027846823;340.37400915880926;0.0
75.33164775910883;353.0235137414666;0.0
307.95875758950007;356.7173981228013;0.0
316.451692701501;498.15005819731357;0.0
313.62282936255025;496.75432116142247;0.0
317.2825881799009;428.03649616759367;0.0
255.77877511300122;412.81671260903147;0.0
280.1972817604916;420.7317359006246;0.0
298.99601997807844;428.8485806352773;0.0
260.7646529834714;358.0315516828097;0.0
-41.00648708221625;472.2426076680654;0.0
23.960394205784542;644.8038106559926;0.0
20.83714102113232;638.5441882100981;0.0
309.1399706634332;525.0790017021872;0.0
309.1399706634332;525.0790017021872;0.0
153.93560809273313;606.1490556309046;0.0
188.18048256229955;263.7475011610513;0.0
263.4942367804364;277.35144918696125;0.0
268.45272737455986;277.81412058362116;0.0
290.99982073550086;570.2799384261458;0.0
279.6570852796861;565.6445004041472;0.0
125.6380837098303;631.8474782635817;0.0
64.27904234558432;551.1738033550213;0.0
29.856434352951894;574.1147954283631;0.0
30.550712069099202;576.6420989567919;0.0
46.51649673231955;603.4506751236731;0.0
45.876943632930015;602.0603132105681;0.0
21.45406818714749;555.3119180909699;0.0
56.49320339623282;527.4127786834828;0.0
56.72045421388384;528.5336476439364;0.0
79.61465647587416;385.50042027492054;0.0
265.03340138846073;367.96515199089333;0.0
278.39935226066524;371.3143693256906;0.0
306.70724771671246;506.8312564026767;0.0
321.1469909051542;486.39181727218903;0.0
106.73526097700015;536.1280286607603;0.0
178.40888948661768;376.035820283372;0.0
170.04342287091538;377.05867443287394;0.0
190.14054441708183;315.69449884002927;0.0
165.40452688464552;318.91337703256403;0.0
-14.496052216729533;393.0527914273396;0.0
-18.31155474074096;525.1688387127974;0.0
6.362123151948773;500.6974371685953;0.0
9.745631409753782;477.38772879983003;0.0
32.69977682259752;331.94584364947303;0.0
-26.431025267629813;364.9825261430128;0.0
-26.102482504143634;360.84447148590397;0.0
-25.919679869855585;359.9568914366285;0.0
96.02897134125354;298.2351800635702;0.0
27.1440267389149;432.48635310574366;0.0
21.345550160817478;479.5204082684327;0.0
21.61219971051537;477.76212000714264;0.0
313.33939668256;422.0989883496385;0.0
302.96981992694106;373.74404902038333;0.0
50.40647629602505;391.29484135989844;0.0
50.40647629602505;391.29484135989844;0.0
252.58368705968655;356.23001261530317;0.0
294.9326333843178;509.55431348561643;0.0
303.0466776458119;513.7388648313415;0.0
320.3024315055879;488.87815743799393;0.0
316.82860339792296;401.01921184224045;0.0
318.67613418786254;401.7691325875981;0.0
189.5113958688406;371.9428763228906;0.0
172.58669527409447;373.5023175256816;0.0
148.08978067649892;589.8662807950107;0.0
30.506537634113002;620.0705801248776;0.0
-7.415870696713064;545.3066912018152;0.0
-7.535325257613651;538.5976777868943;0.0
-10.975066373621182;414.55331918210317;0.0
82.61469119030617;356.4529217925576;0.0
92.85196472599645;351.14736457790775;0.0
94.41917625924174;350.38488734437783;0.0
-52.75918011542987;455.9929138857029;0.0
-23.20458886909869;593.1075209198947;0.0
26.219223124180907;550.7581135914702;0.0
25.69550636506143;547.1554864872543;0.0
24.433282082686727;414.42420460130353;0.0
21.446896615977074;413.844052771707;0.0
9.088813888833943;422.0502409098415;0.0
7.419425528260423;444.6296843533919;0.0
3.25579111741473;458.8496712148356;0.0
308.43949309739224;397.76962053962893;0.0
313.40691968138213;428.07283709955004;0.0
325.3527306334605;429.06675481212307;0.0
315.579979384922;511.13881618920203;0.0
312.028474740983;509.4504297194781;0.0
321.37855705877854;439.5043755196576;0.0
329.44375247139425;443.0529705108593;0.0
310.4015949775672;446.55036644095685;0.0
36.328520041653945;500.5198506161133;0.0
70.8772395078314;366.8401199874726;0.0
71.80073483096888;366.2780993523461;0.0
47.40703410862872;550.8410283357485;0.0
306.4916893826286;494.8432749797738;0.0
301.05415441888687;491.86890930350125;0.0
318.82627814644565;475.44801292542513;0.0
313.01739669221774;395.29430987212555;0.0
311.1673670389343;394.59944867561194;0.0
314.8538547804435;395.99549456327424;0.0
192.18593912241434;367.5054060535644;0.0
158.83054168329127;584.753558383315;0.0
143.47461706260552;422.8196319786326;0.0
-11.966944640423675;533.6897909886476;0.0
-11.72003606355027;527.474136852237;0.0
-11.91071633013027;531.8320856449262;0.0
-8.50992736956682;544.3395855725677;0.0
299.07477092862774;445.87157127357955;0.0
282.8091503760047;438.84717794113266;0.0
311.18943539301983;441.2078908748171;0.0
294.71869940481366;540.8947671801525;0.0
311.28987497140207;461.60335458674973;0.0
114.10604236267434;481.2588973092745;0.0
128.6117918380613;481.7022775100065;0.0
298.6793921814278;493.0763399267888;0.0
328.9182458178355;465.19072679364535;0.0
328.10157702027595;473.6296902643003;0.0
312.1705867574297;494.32686953135743;0.0
260.5746377803186;606.2481970640442;0.0
258.68930004846385;605.630880188489;0.0
254.87995701336223;604.3661512259516;0.0
301.52711245352896;515.1448221451443;0.0
316.88617271334533;493.8716008226193;0.0
319.90494989675915;495.4235961439366;0.0
121.6141763443443;555.4324282290839;0.0
186.4687934392615;382.15543371164193;0.0
148.55876364608815;387.9362121701829;0.0
45.0834177123478;436.8277889739487;0.0
39.812617706090826;473.416357260512;0.0
39.79188947555808;474.43047300198236;0.0
287.885559464289;424.3869196810572;0.0
269.0892579109961;574.179527338875;0.0
266.42281489274944;573.4292996411491;0.0
304.02816928810955;530.4641762082374;0.0
316.3392656276655;446.0564800060428;0.0
249.32247427830566;436.2597567000999;0.0
188.64026147233457;430.0501123168581;0.0
200.00186051151675;349.658407742238;0.0
228.53020742176122;350.5104620967904;0.0
300.14247866739936;501.5457584762282;0.0
-9.181253592694734;591.0252515544546;0.0
-9.875553850337724;587.5953687602376;0.0
304.506364524117;484.37187352207565;0.0
299.2632314942625;521.1127257386516;0.0
310.0410828867788;526.6539479417921;0.0
304.2123763259281;543.1566982324293;0.0
145.89951690143207;597.3431956255318;0.0
112.04669243575711;572.5972802694847;0.0
94.6938146279432;439.6936913339996;0.0
303.02011349411003;429.79927464177774;0.0
325.3311180970272;440.1585804346789;0.0
332.1323405239317;439.03492221145865;0.0
321.4578031172172;521.0005415754201;0.0
317.5779865265194;519.0211800955016;0.0
327.7565227239398;447.42256782905633;0.0
307.1784825503665;451.7302090298308;0.0
326.2427118585125;447.98918991707706;0.0
307.068730822632;545.9445949797201;0.0
301.8321358145972;543.4638253405826;0.0
207.67290733383257;616.8640627279422;0.0
203.8251723660729;615.8166584243767;0.0
137.44994922128296;478.39270801424686;0.0
129.87809813245133;479.20143632712313;0.0
3.1017605780868496;566.795321376158;0.0
-15.63006612042351;463.07052782070417;0.0
315.30541526298265;392.5227684156673;0.0
317.20032808603435;478.8896351285231;0.0
327.99386055558114;484.1973391183826;0.0
313.9572380423029;507.7861046304631;0.0
296.56090526537776;498.6718604208282;0.0
281.2245720017722;393.92293346253786;0.0
301.49666071892415;401.0879067844561;0.0
320.84827182822187;408.4104634909626;0.0
319.3452904770417;505.67168497515246;0.0
308.7943958554961;500.34425586179316;0.0
310.7741024255509;420.4350306012993;0.0
238.69972622743163;401.5758555524226;0.0
288.58964451161654;416.25388176988463;0.0
320.5450779523951;425.957043178364;0.0
314.0397732117106;524.4458266792643;0.0
310.9096462979918;522.8421249302983;0.0
318.36638243207886;438.0673822689114;0.0
68.64606594460736;461.0276305981934;0.0
67.35159507833077;459.73220279757135;0.0
298.7304888012151;431.9425042819058;0.0
285.33307118805743;551.3799855084133;0.0
287.2750190901042;552.17063044048;0.0
281.903802900106;558.1936396016451;0.0
302.04251162904416;464.28640376353536;0.0
318.8767713002499;457.91028434662576;0.0
317.30422551981087;457.16967725602035;0.0
298.45668103273636;545.1336038974014;0.0
299.75586824179857;545.7364629922853;0.0
299.02304410551494;333.9805443965294;0.0
87.11188317080111;325.3166787288312;0.0
31.37061816708547;461.42999798745984;0.0
259.85508355659096;400.80478776958137;0.0
259.85508355659096;400.80478776958137;0.0
254.10733990351568;399.3673055898825;0.0
146.57828487685367;399.1612170920618;0.0
128.28774838905568;422.732258793454;0.0
175.53945127981132;411.7748180921821;0.0
41.667511348929644;477.0651319758247;0.0
42.98415052747016;510.33851759708153;0.0
325.0744339865389;453.29857806118395;0.0
324.08894392384127;473.364900104445;0.0
321.0751359213375;471.85036491359455;0.0
319.95417220710806;482.4786786553504;0.0
10.696598664410883;590.986243467101;0.0
9.195973572195719;585.0573069376177;0.0
