Anchor/Range;Anchor/Range;Anchor/Range;Anchor/Range;LS_Estimated;DWM_Estimated;Timestamp;X_DWM;Y_DWM;X_LS;Y_LS;GROUND_X;GROUND_Y;ERRO_X_LS;ERRO_Y_LS;ERRO_X_DWM;ERRO_Y_DWM;ERRO LS;ERRO_DWM
P6[6.70,18.03,0.00]=2.87;P5[13.00,24.00,0.00]=5.80;P7[2.90,24.00,0.00]=6.43;null;[8.32, 20.53, 0.0];[8.24,20.38,0.80];19:21:03.052;8.24;20.38;8.32;20.53;8.30;20.40;-0.02;-0.13;0.06;0.02;0.13;0.06
P6[6.70,18.03,0.00]=2.86;P5[13.00,24.00,0.00]=5.80;P9[13.00,16.50,0.00]=6.77;P7[2.90,24.00,0.00]=6.45;[8.15, 20.8, 0.0];[8.27,20.39,0.75];19:21:03.053;8.27;20.39;8.15;20.8;8.30;20.40;0.15;-0.4;0.03;0.01;0.43;0.03
P6[6.70,18.03,0.00]=2.89;P5[13.00,24.00,0.00]=5.77;P9[13.00,16.50,0.00]=6.88;P7[2.90,24.00,0.00]=6.45;[8.13, 20.89, 0.0];[8.29,20.40,0.70];19:21:03.053;8.29;20.40;8.13;20.89;8.30;20.40;0.17;-0.49;0.01;0.0;0.52;0.01
P6[6.70,18.03,0.00]=2.89;P5[13.00,24.00,0.00]=5.80;P9[13.00,16.50,0.00]=6.72;P7[2.90,24.00,0.00]=6.47;[8.18, 20.78, 0.0];[8.31,20.40,0.70];19:21:03.054;8.31;20.40;8.18;20.78;8.30;20.40;0.12;-0.38;-0.01;0.0;0.4;0.01
P6[6.70,18.03,0.00]=2.89;P5[13.00,24.00,0.00]=5.84;P9[13.00,16.50,0.00]=6.75;P7[2.90,24.00,0.00]=6.50;[8.16, 20.76, 0.0];[8.32,20.40,0.73];19:21:03.054;8.32;20.40;8.16;20.76;8.30;20.40;0.14;-0.36;-0.02;0.0;0.39;0.02
P6[6.70,18.03,0.00]=2.87;P5[13.00,24.00,0.00]=5.82;P9[13.00,16.50,0.00]=6.65;P7[2.90,24.00,0.00]=6.48;[8.19, 20.72, 0.0];[8.33,20.40,0.72];19:21:03.055;8.33;20.40;8.19;20.72;8.30;20.40;0.11;-0.32;-0.03;0.0;0.34;0.03
P6[6.70,18.03,0.00]=2.84;P5[13.00,24.00,0.00]=5.81;P9[13.00,16.50,0.00]=6.78;P7[2.90,24.00,0.00]=6.48;[8.15, 20.79, 0.0];[8.34,20.39,0.68];19:21:03.056;8.34;20.39;8.15;20.79;8.30;20.40;0.15;-0.39;-0.04;0.01;0.42;0.04
P6[6.70,18.03,0.00]=2.63;P5[13.00,24.00,0.00]=5.82;P9[13.00,16.50,0.00]=6.78;P7[2.90,24.00,0.00]=6.40;[8.11, 20.76, -1.02];[8.33,20.36,0.66];19:21:03.056;8.33;20.36;8.11;20.76;8.30;20.40;0.19;-0.36;-0.03;0.04;0.41;0.05
P6[6.70,18.03,0.00]=2.85;P5[13.00,24.00,0.00]=5.84;P9[13.00,16.50,0.00]=6.69;P7[2.90,24.00,0.00]=6.39;[8.13, 20.75, 0.0];[8.32,20.38,0.65];19:21:03.057;8.32;20.38;8.13;20.75;8.30;20.40;0.17;-0.35;-0.02;0.02;0.39;0.03
P6[6.70,18.03,0.00]=2.89;P5[13.00,24.00,0.00]=5.84;P9[13.00,16.50,0.00]=6.67;P7[2.90,24.00,0.00]=6.50;[8.18, 20.71, 0.0];[8.33,20.38,0.69];19:21:03.057;8.33;20.38;8.18;20.71;8.30;20.40;0.12;-0.31;-0.03;0.02;0.33;0.04
P6[6.70,18.03,0.00]=2.84;P5[13.00,24.00,0.00]=5.83;P9[13.00,16.50,0.00]=6.65;P7[2.90,24.00,0.00]=6.49;[8.21, 20.71, -1.17];[8.34,20.38,0.68];19:21:03.057;8.34;20.38;8.21;20.71;8.30;20.40;0.09;-0.31;-0.04;0.02;0.32;0.04
P6[6.70,18.03,0.00]=2.88;P5[13.00,24.00,0.00]=5.83;P9[13.00,16.50,0.00]=6.71;P7[2.90,24.00,0.00]=6.44;[8.15, 20.76, 0.0];[8.34,20.39,0.68];19:21:03.057;8.34;20.39;8.15;20.76;8.30;20.40;0.15;-0.36;-0.04;0.01;0.39;0.04
P6[6.70,18.03,0.00]=2.88;P5[13.00,24.00,0.00]=5.84;P9[13.00,16.50,0.00]=7.31;P7[2.90,24.00,0.00]=6.48;[7.96, 21.09, 0.0];[8.34,20.39,0.70];19:21:03.121;8.34;20.39;7.96;21.09;8.30;20.40;0.34;-0.69;-0.04;0.01;0.77;0.04
P6[6.70,18.03,0.00]=2.87;P5[13.00,24.00,0.00]=5.83;P9[13.00,16.50,0.00]=6.77;P7[2.90,24.00,0.00]=6.48;[8.14, 20.78, 0.0];[8.34,20.39,0.71];19:21:03.220;8.34;20.39;8.14;20.78;8.30;20.40;0.16;-0.38;-0.04;0.01;0.41;0.04
P6[6.70,18.03,0.00]=2.87;P5[13.00,24.00,0.00]=5.78;P9[13.00,16.50,0.00]=6.66;P7[2.90,24.00,0.00]=6.47;[8.2, 20.75, 0.0];[8.35,20.39,0.67];19:21:03.320;8.35;20.39;8.2;20.75;8.30;20.40;0.1;-0.35;-0.05;0.01;0.36;0.05
P6[6.70,18.03,0.00]=2.90;P5[13.00,24.00,0.00]=5.82;P9[13.00,16.50,0.00]=6.74;P7[2.90,24.00,0.00]=6.43;[8.14, 20.79, 0.0];[8.34,20.41,0.69];19:21:03.421;8.34;20.41;8.14;20.79;8.30;20.40;0.16;-0.39;-0.04;-0.01;0.42;0.04
P6[6.70,18.03,0.00]=2.89;P5[13.00,24.00,0.00]=5.78;P9[13.00,16.50,0.00]=6.71;P7[2.90,24.00,0.00]=6.49;[8.2, 20.78, 0.0];[8.36,20.41,0.67];19:21:03.520;8.36;20.41;8.2;20.78;8.30;20.40;0.1;-0.38;-0.06;-0.01;0.39;0.06
P6[6.70,18.03,0.00]=2.89;P5[13.00,24.00,0.00]=5.79;P9[13.00,16.50,0.00]=6.80;P7[2.90,24.00,0.00]=6.43;[8.14, 20.84, 0.0];[8.35,20.42,0.66];19:21:03.620;8.35;20.42;8.14;20.84;8.30;20.40;0.16;-0.44;-0.05;-0.02;0.47;0.05
P6[6.70,18.03,0.00]=2.90;P5[13.00,24.00,0.00]=5.79;P9[13.00,16.50,0.00]=6.73;P7[2.90,24.00,0.00]=6.48;[8.18, 20.79, 0.0];[8.36,20.42,0.67];19:21:03.720;8.36;20.42;8.18;20.79;8.30;20.40;0.12;-0.39;-0.06;-0.02;0.41;0.06
P6[6.70,18.03,0.00]=2.92;P5[13.00,24.00,0.00]=5.80;P9[13.00,16.50,0.00]=6.88;P7[2.90,24.00,0.00]=6.42;[8.11, 20.89, 0.0];[8.35,20.43,0.68];19:21:03.820;8.35;20.43;8.11;20.89;8.30;20.40;0.19;-0.49;-0.05;-0.03;0.53;0.06
P6[6.70,18.03,0.00]=2.90;P5[13.00,24.00,0.00]=5.80;P9[13.00,16.50,0.00]=6.77;P7[2.90,24.00,0.00]=6.45;[8.15, 20.81, 0.0];[8.35,20.43,0.69];19:21:03.921;8.35;20.43;8.15;20.81;8.30;20.40;0.15;-0.41;-0.05;-0.03;0.44;0.06
P6[6.70,18.03,0.00]=2.91;P5[13.00,24.00,0.00]=5.78;P9[13.00,16.50,0.00]=6.87;P7[2.90,24.00,0.00]=6.41;[8.12, 20.89, 0.0];[8.35,20.44,0.67];19:21:04.021;8.35;20.44;8.12;20.89;8.30;20.40;0.18;-0.49;-0.05;-0.04;0.52;0.06
P6[6.70,18.03,0.00]=2.90;P5[13.00,24.00,0.00]=5.84;P9[13.00,16.50,0.00]=6.77;P7[2.90,24.00,0.00]=6.39;[8.11, 20.8, 0.0];[8.33,20.45,0.69];19:21:04.121;8.33;20.45;8.11;20.8;8.30;20.40;0.19;-0.4;-0.03;-0.05;0.44;0.06
P6[6.70,18.03,0.00]=2.90;P5[13.00,24.00,0.00]=5.83;P9[13.00,16.50,0.00]=6.78;P7[2.90,24.00,0.00]=6.51;[8.16, 20.78, 0.0];[8.34,20.43,0.72];19:21:04.220;8.34;20.43;8.16;20.78;8.30;20.40;0.14;-0.38;-0.04;-0.03;0.4;0.05
P6[6.70,18.03,0.00]=2.89;P5[13.00,24.00,0.00]=5.81;P9[13.00,16.50,0.00]=6.76;P7[2.90,24.00,0.00]=6.44;[8.15, 20.8, 0.0];[8.34,20.43,0.71];19:21:04.320;8.34;20.43;8.15;20.8;8.30;20.40;0.15;-0.4;-0.04;-0.03;0.43;0.05
P6[6.70,18.03,0.00]=2.90;P5[13.00,24.00,0.00]=5.78;P9[13.00,16.50,0.00]=6.68;P7[2.90,24.00,0.00]=6.46;[8.2, 20.77, 0.0];[8.35,20.43,0.70];19:21:04.420;8.35;20.43;8.2;20.77;8.30;20.40;0.1;-0.37;-0.05;-0.03;0.38;0.06
P6[6.70,18.03,0.00]=2.93;P5[13.00,24.00,0.00]=5.79;P9[13.00,16.50,0.00]=6.83;P7[2.90,24.00,0.00]=6.45;[8.14, 20.86, 0.0];[8.35,20.44,0.70];19:21:04.521;8.35;20.44;8.14;20.86;8.30;20.40;0.16;-0.46;-0.05;-0.04;0.49;0.06
P6[6.70,18.03,0.00]=2.94;P5[13.00,24.00,0.00]=5.76;P9[13.00,16.50,0.00]=6.77;P7[2.90,24.00,0.00]=6.46;[8.18, 20.84, 0.0];[8.36,20.44,0.70];19:21:04.620;8.36;20.44;8.18;20.84;8.30;20.40;0.12;-0.44;-0.06;-0.04;0.46;0.07
P6[6.70,18.03,0.00]=2.93;P5[13.00,24.00,0.00]=5.81;P9[13.00,16.50,0.00]=6.78;P7[2.90,24.00,0.00]=6.46;[8.15, 20.81, 0.0];[8.35,20.44,0.72];19:21:04.720;8.35;20.44;8.15;20.81;8.30;20.40;0.15;-0.41;-0.05;-0.04;0.44;0.06
P6[6.70,18.03,0.00]=2.91;P5[13.00,24.00,0.00]=5.82;P9[13.00,16.50,0.00]=6.76;P7[2.90,24.00,0.00]=6.42;[8.14, 20.8, 0.0];[8.35,20.45,0.73];19:21:04.821;8.35;20.45;8.14;20.8;8.30;20.40;0.16;-0.4;-0.05;-0.05;0.43;0.07
P6[6.70,18.03,0.00]=2.92;P5[13.00,24.00,0.00]=5.78;P9[13.00,16.50,0.00]=6.76;P7[2.90,24.00,0.00]=6.47;[8.21, 20.82, -1.27];[8.35,20.44,0.72];19:21:04.920;8.35;20.44;8.21;20.82;8.30;20.40;0.09;-0.42;-0.05;-0.04;0.43;0.06
P6[6.70,18.03,0.00]=2.90;P5[13.00,24.00,0.00]=5.80;P9[13.00,16.50,0.00]=6.70;P7[2.90,24.00,0.00]=6.39;[8.17, 20.79, -1.07];[8.34,20.45,0.71];19:21:05.020;8.34;20.45;8.17;20.79;8.30;20.40;0.13;-0.39;-0.04;-0.05;0.41;0.06
P6[6.70,18.03,0.00]=2.91;P5[13.00,24.00,0.00]=5.85;P9[13.00,16.50,0.00]=6.77;P7[2.90,24.00,0.00]=6.44;[8.12, 20.78, 0.0];[8.34,20.45,0.73];19:21:05.120;8.34;20.45;8.12;20.78;8.30;20.40;0.18;-0.38;-0.04;-0.05;0.42;0.06
P6[6.70,18.03,0.00]=2.86;P5[13.00,24.00,0.00]=5.84;P9[13.00,16.50,0.00]=7.28;P7[2.90,24.00,0.00]=6.44;[7.96, 21.08, 0.0];[8.33,20.44,0.72];19:21:05.222;8.33;20.44;7.96;21.08;8.30;20.40;0.34;-0.68;-0.03;-0.04;0.76;0.05
P6[6.70,18.03,0.00]=2.87;P5[13.00,24.00,0.00]=5.82;P9[13.00,16.50,0.00]=6.74;P7[2.90,24.00,0.00]=6.37;[8.12, 20.8, 0.0];[8.32,20.44,0.68];19:21:05.321;8.32;20.44;8.12;20.8;8.30;20.40;0.18;-0.4;-0.02;-0.04;0.44;0.04
P6[6.70,18.03,0.00]=2.88;P5[13.00,24.00,0.00]=5.84;P9[13.00,16.50,0.00]=7.24;P7[2.90,24.00,0.00]=6.43;[7.97, 21.06, 0.0];[8.32,20.44,0.70];19:21:05.421;8.32;20.44;7.97;21.06;8.30;20.40;0.33;-0.66;-0.02;-0.04;0.74;0.04
P6[6.70,18.03,0.00]=2.90;P5[13.00,24.00,0.00]=5.83;P9[13.00,16.50,0.00]=7.28;P7[2.90,24.00,0.00]=6.43;[7.96, 21.1, 0.0];[8.32,20.44,0.72];19:21:05.522;8.32;20.44;7.96;21.1;8.30;20.40;0.34;-0.7;-0.02;-0.04;0.78;0.04
P6[6.70,18.03,0.00]=2.55;P5[13.00,24.00,0.00]=5.83;P9[13.00,16.50,0.00]=7.25;P7[2.90,24.00,0.00]=6.42;[7.93, 21.0, 0.0];[8.32,20.38,0.63];19:21:05.622;8.32;20.38;7.93;21.0;8.30;20.40;0.37;-0.6;-0.02;0.02;0.7;0.03
P6[6.70,18.03,0.00]=2.88;P5[13.00,24.00,0.00]=5.86;P9[13.00,16.50,0.00]=6.74;P7[2.90,24.00,0.00]=6.44;[8.16, 20.76, -1.25];[8.32,20.39,0.67];19:21:05.720;8.32;20.39;8.16;20.76;8.30;20.40;0.14;-0.36;-0.02;0.01;0.39;0.02
P6[6.70,18.03,0.00]=2.91;P5[13.00,24.00,0.00]=5.82;P9[13.00,16.50,0.00]=7.18;P7[2.90,24.00,0.00]=6.46;[8.01, 21.04, 0.0];[8.32,20.40,0.69];19:21:05.821;8.32;20.40;8.01;21.04;8.30;20.40;0.29;-0.64;-0.02;0.0;0.7;0.02
P6[6.70,18.03,0.00]=2.89;P5[13.00,24.00,0.00]=5.84;P7[2.90,24.00,0.00]=6.44;null;[8.31, 20.5, 0.0];[8.32,20.40,0.71];19:21:05.918;8.32;20.40;8.31;20.5;8.30;20.40;-0.01;-0.1;-0.02;0.0;0.1;0.02
P5[13.00,24.00,0.00]=5.79;P9[13.00,16.50,0.00]=7.28;P7[2.90,24.00,0.00]=6.41;null;[8.09, 21.36, 0.0];[8.32,20.69,-0.06];19:21:06.017;8.32;20.69;8.09;21.36;8.30;20.40;0.21;-0.96;-0.02;-0.29;0.98;0.29
P6[6.70,18.03,0.00]=2.92;P5[13.00,24.00,0.00]=5.79;P9[13.00,16.50,0.00]=6.79;P7[2.90,24.00,0.00]=6.44;[8.15, 20.84, 0.0];[8.33,20.63,0.13];19:21:06.121;8.33;20.63;8.15;20.84;8.30;20.40;0.15;-0.44;-0.03;-0.23;0.46;0.23
P6[6.70,18.03,0.00]=2.93;P5[13.00,24.00,0.00]=5.87;P9[13.00,16.50,0.00]=6.85;P7[2.90,24.00,0.00]=6.34;[8.05, 20.85, 0.0];[8.31,20.60,0.31];19:21:06.221;8.31;20.60;8.05;20.85;8.30;20.40;0.25;-0.45;-0.01;-0.2;0.51;0.2
P6[6.70,18.03,0.00]=2.87;P5[13.00,24.00,0.00]=5.79;P9[13.00,16.50,0.00]=7.30;P7[2.90,24.00,0.00]=6.44;[7.98, 21.13, 0.0];[8.32,20.56,0.37];19:21:06.322;8.32;20.56;7.98;21.13;8.30;20.40;0.32;-0.73;-0.02;-0.16;0.8;0.16
P6[6.70,18.03,0.00]=2.89;P5[13.00,24.00,0.00]=5.85;P9[13.00,16.50,0.00]=6.74;P7[2.90,24.00,0.00]=6.49;[8.15, 20.75, 0.0];[8.33,20.51,0.48];19:21:06.420;8.33;20.51;8.15;20.75;8.30;20.40;0.15;-0.35;-0.03;-0.11;0.38;0.11
P6[6.70,18.03,0.00]=2.89;P5[13.00,24.00,0.00]=5.83;P7[2.90,24.00,0.00]=6.39;null;[8.28, 20.54, 0.0];[8.32,20.50,0.54];19:21:06.517;8.32;20.50;8.28;20.54;8.30;20.40;0.02;-0.14;-0.02;-0.1;0.14;0.1
P6[6.70,18.03,0.00]=2.91;P5[13.00,24.00,0.00]=5.81;P9[13.00,16.50,0.00]=6.76;P7[2.90,24.00,0.00]=6.39;[8.13, 20.82, 0.0];[8.32,20.49,0.58];19:21:06.621;8.32;20.49;8.13;20.82;8.30;20.40;0.17;-0.42;-0.02;-0.09;0.45;0.09
P6[6.70,18.03,0.00]=2.89;P5[13.00,24.00,0.00]=5.84;P9[13.00,16.50,0.00]=6.74;P7[2.90,24.00,0.00]=6.40;[8.12, 20.78, 0.0];[8.31,20.48,0.61];19:21:06.720;8.31;20.48;8.12;20.78;8.30;20.40;0.18;-0.38;-0.01;-0.08;0.42;0.08
P6[6.70,18.03,0.00]=2.88;P5[13.00,24.00,0.00]=5.85;P9[13.00,16.50,0.00]=6.83;P7[2.90,24.00,0.00]=6.41;[8.09, 20.82, 0.0];[8.31,20.47,0.65];19:21:06.821;8.31;20.47;8.09;20.82;8.30;20.40;0.21;-0.42;-0.01;-0.07;0.47;0.07
P6[6.70,18.03,0.00]=2.85;P5[13.00,24.00,0.00]=5.87;P7[2.90,24.00,0.00]=6.43;null;[8.28, 20.48, 0.0];[8.30,20.45,0.67];19:21:06.918;8.30;20.45;8.28;20.48;8.30;20.40;0.02;-0.08;0.0;-0.05;0.08;0.05
P6[6.70,18.03,0.00]=2.89;P5[13.00,24.00,0.00]=5.86;P9[13.00,16.50,0.00]=6.81;P7[2.90,24.00,0.00]=6.42;[8.1, 20.8, 0.0];[8.30,20.45,0.70];19:21:07.021;8.30;20.45;8.1;20.8;8.30;20.40;0.2;-0.4;0.0;-0.05;0.45;0.05
P6[6.70,18.03,0.00]=2.89;P5[13.00,24.00,0.00]=5.82;P9[13.00,16.50,0.00]=6.84;P7[2.90,24.00,0.00]=6.42;[8.11, 20.84, 0.0];[8.31,20.44,0.70];19:21:07.121;8.31;20.44;8.11;20.84;8.30;20.40;0.19;-0.44;-0.01;-0.04;0.48;0.04
P6[6.70,18.03,0.00]=2.85;P5[13.00,24.00,0.00]=5.89;P9[13.00,16.50,0.00]=7.33;P7[2.90,24.00,0.00]=6.50;[7.93, 21.06, 0.0];[8.31,20.42,0.73];19:21:07.222;8.31;20.42;7.93;21.06;8.30;20.40;0.37;-0.66;-0.01;-0.02;0.76;0.02
P6[6.70,18.03,0.00]=2.88;P5[13.00,24.00,0.00]=5.86;P9[13.00,16.50,0.00]=6.76;P7[2.90,24.00,0.00]=6.47;[8.13, 20.76, 0.0];[8.32,20.41,0.75];19:21:07.321;8.32;20.41;8.13;20.76;8.30;20.40;0.17;-0.36;-0.02;-0.01;0.4;0.02
P6[6.70,18.03,0.00]=2.89;P5[13.00,24.00,0.00]=5.85;P9[13.00,16.50,0.00]=6.84;P7[2.90,24.00,0.00]=6.50;[8.12, 20.8, 0.0];[8.33,20.40,0.77];19:21:07.421;8.33;20.40;8.12;20.8;8.30;20.40;0.18;-0.4;-0.03;0.0;0.44;0.03
P6[6.70,18.03,0.00]=2.59;P5[13.00,24.00,0.00]=5.81;P9[13.00,16.50,0.00]=6.64;P7[2.90,24.00,0.00]=6.42;[8.14, 20.68, 0.0];[8.33,20.36,0.69];19:21:07.521;8.33;20.36;8.14;20.68;8.30;20.40;0.16;-0.28;-0.03;0.04;0.32;0.05
P6[6.70,18.03,0.00]=2.87;P5[13.00,24.00,0.00]=5.89;P9[13.00,16.50,0.00]=6.86;P7[2.90,24.00,0.00]=6.39;[8.05, 20.81, 0.0];[8.31,20.38,0.72];19:21:07.621;8.31;20.38;8.05;20.81;8.30;20.40;0.25;-0.41;-0.01;0.02;0.48;0.02
P6[6.70,18.03,0.00]=2.88;P5[13.00,24.00,0.00]=5.80;P9[13.00,16.50,0.00]=7.26;P7[2.90,24.00,0.00]=6.46;[8.0, 21.09, 0.0];[8.32,20.39,0.70];19:21:07.722;8.32;20.39;8.0;21.09;8.30;20.40;0.3;-0.69;-0.02;0.01;0.75;0.02
P6[6.70,18.03,0.00]=2.62;P5[13.00,24.00,0.00]=5.82;P9[13.00,16.50,0.00]=6.70;P7[2.90,24.00,0.00]=6.41;[8.12, 20.71, 0.0];[8.32,20.35,0.67];19:21:07.822;8.32;20.35;8.12;20.71;8.30;20.40;0.18;-0.31;-0.02;0.05;0.36;0.05
P6[6.70,18.03,0.00]=2.88;P5[13.00,24.00,0.00]=5.86;P9[13.00,16.50,0.00]=6.80;P7[2.90,24.00,0.00]=6.39;[8.09, 20.8, 0.0];[8.31,20.38,0.69];19:21:07.921;8.31;20.38;8.09;20.8;8.30;20.40;0.21;-0.4;-0.01;0.02;0.45;0.02
P6[6.70,18.03,0.00]=2.60;P5[13.00,24.00,0.00]=5.86;P9[13.00,16.50,0.00]=7.20;P7[2.90,24.00,0.00]=6.44;[7.94, 20.95, 0.0];[8.31,20.34,0.69];19:21:08.023;8.31;20.34;7.94;20.95;8.30;20.40;0.36;-0.55;-0.01;0.06;0.66;0.06
P6[6.70,18.03,0.00]=2.66;P5[13.00,24.00,0.00]=5.82;P7[2.90,24.00,0.00]=6.48;null;[8.33, 20.43, 0.0];[8.32,20.31,0.70];19:21:08.119;8.32;20.31;8.33;20.43;8.30;20.40;-0.03;-0.03;-0.02;0.09;0.04;0.09
P6[6.70,18.03,0.00]=2.86;P5[13.00,24.00,0.00]=5.84;P7[2.90,24.00,0.00]=6.46;null;[8.32, 20.47, 0.0];[8.33,20.33,0.70];19:21:08.218;8.33;20.33;8.32;20.47;8.30;20.40;-0.02;-0.07;-0.03;0.07;0.07;0.08
P6[6.70,18.03,0.00]=2.90;P5[13.00,24.00,0.00]=5.82;P7[2.90,24.00,0.00]=6.44;null;[8.32, 20.51, 0.0];[8.33,20.36,0.71];19:21:08.318;8.33;20.36;8.32;20.51;8.30;20.40;-0.02;-0.11;-0.03;0.04;0.11;0.05
P6[6.70,18.03,0.00]=2.54;P5[13.00,24.00,0.00]=5.79;P9[13.00,16.50,0.00]=7.86;P7[2.90,24.00,0.00]=6.49;[7.86, 21.33, -2.04];[8.34,20.31,0.57];19:21:08.423;8.34;20.31;7.86;21.33;8.30;20.40;0.44;-0.93;-0.04;0.09;1.03;0.1
P6[6.70,18.03,0.00]=2.85;P5[13.00,24.00,0.00]=5.82;P7[2.90,24.00,0.00]=6.44;null;[8.32, 20.5, 0.0];[8.34,20.34,0.58];19:21:08.518;8.34;20.34;8.32;20.5;8.30;20.40;-0.02;-0.1;-0.04;0.06;0.1;0.07
P6[6.70,18.03,0.00]=2.91;P5[13.00,24.00,0.00]=5.85;P7[2.90,24.00,0.00]=6.39;null;[8.27, 20.53, 0.0];[8.33,20.37,0.63];19:21:08.618;8.33;20.37;8.27;20.53;8.30;20.40;0.03;-0.13;-0.03;0.03;0.13;0.04
P6[6.70,18.03,0.00]=2.82;P5[13.00,24.00,0.00]=5.81;P7[2.90,24.00,0.00]=6.51;null;[8.36, 20.45, 0.0];[8.34,20.36,0.61];19:21:08.718;8.34;20.36;8.36;20.45;8.30;20.40;-0.06;-0.05;-0.04;0.04;0.08;0.06
P6[6.70,18.03,0.00]=2.87;P5[13.00,24.00,0.00]=5.87;P9[13.00,16.50,0.00]=7.95;P7[2.90,24.00,0.00]=6.45;[7.82, 21.41, 2.2];[8.33,20.37,0.66];19:21:08.823;8.33;20.37;7.82;21.41;8.30;20.40;0.48;-1.01;-0.03;0.03;1.12;0.04
P6[6.70,18.03,0.00]=2.88;P5[13.00,24.00,0.00]=5.86;P9[13.00,16.50,0.00]=7.32;P7[2.90,24.00,0.00]=6.44;[7.93, 21.1, 0.0];[8.33,20.38,0.69];19:21:08.922;8.33;20.38;7.93;21.1;8.30;20.40;0.37;-0.7;-0.03;0.02;0.79;0.04
P6[6.70,18.03,0.00]=2.60;P5[13.00,24.00,0.00]=5.86;P7[2.90,24.00,0.00]=6.46;null;[8.29, 20.41, 0.0];[8.33,20.33,0.68];19:21:09.018;8.33;20.33;8.29;20.41;8.30;20.40;0.01;-0.01;-0.03;0.07;0.01;0.08
P6[6.70,18.03,0.00]=2.64;P5[13.00,24.00,0.00]=5.82;P7[2.90,24.00,0.00]=6.41;null;[8.28, 20.48, 0.0];[8.32,20.32,0.68];19:21:09.118;8.32;20.32;8.28;20.48;8.30;20.40;0.02;-0.08;-0.02;0.08;0.08;0.08
P6[6.70,18.03,0.00]=2.59;P5[13.00,24.00,0.00]=5.83;P7[2.90,24.00,0.00]=6.45;null;[8.3, 20.43, 0.0];[8.33,20.29,0.65];19:21:09.219;8.33;20.29;8.3;20.43;8.30;20.40;0.0;-0.03;-0.03;0.11;0.03;0.11
P6[6.70,18.03,0.00]=2.62;P9[13.00,16.50,0.00]=8.46;P7[2.90,24.00,0.00]=6.42;null;[4.6, 17.79, 0.0];[7.48,19.78,0.97];19:21:09.518;7.48;19.78;4.6;17.79;8.30;20.40;3.7;2.61;0.82;0.62;4.53;1.03
P6[6.70,18.03,0.00]=2.86;P7[2.90,24.00,0.00]=6.37;P9[13.00,16.50,0.00]=7.79;P5[13.00,24.00,0.00]=5.83;[7.76, 21.46, 0.0];[7.68,19.95,0.58];19:21:09.622;7.68;19.95;7.76;21.46;8.30;20.40;0.54;-1.06;0.62;0.45;1.19;0.77
P6[6.70,18.03,0.00]=2.84;P7[2.90,24.00,0.00]=6.36;P9[13.00,16.50,0.00]=7.79;P5[13.00,24.00,0.00]=5.85;[7.83, 21.35, 1.99];[7.83,20.07,0.29];19:21:09.723;7.83;20.07;7.83;21.35;8.30;20.40;0.47;-0.95;0.47;0.33;1.06;0.57
P6[6.70,18.03,0.00]=2.85;P7[2.90,24.00,0.00]=6.38;P5[13.00,24.00,0.00]=5.78;null;[8.3, 20.57, 0.0];[7.95,20.17,0.12];19:21:09.818;7.95;20.17;8.3;20.57;8.30;20.40;0.0;-0.17;0.35;0.23;0.17;0.42
P6[6.70,18.03,0.00]=2.86;P5[13.00,24.00,0.00]=5.84;P7[2.90,24.00,0.00]=6.39;null;[8.27, 20.53, 0.0];[8.03,20.24,0.25];19:21:09.919;8.03;20.24;8.27;20.53;8.30;20.40;0.03;-0.13;0.27;0.16;0.13;0.31
P6[6.70,18.03,0.00]=2.87;P9[13.00,16.50,0.00]=8.17;P5[13.00,24.00,0.00]=5.88;P7[2.90,24.00,0.00]=6.32;[7.58, 21.73, 0.0];[8.08,20.30,0.37];19:21:10.022;8.08;20.30;7.58;21.73;8.30;20.40;0.72;-1.33;0.22;0.1;1.51;0.24
P6[6.70,18.03,0.00]=2.60;P5[13.00,24.00,0.00]=5.85;P9[13.00,16.50,0.00]=7.43;P7[2.90,24.00,0.00]=6.39;[7.85, 21.12, 0.0];[8.13,20.29,0.42];19:21:10.123;8.13;20.29;7.85;21.12;8.30;20.40;0.45;-0.72;0.17;0.11;0.85;0.2
P6[6.70,18.03,0.00]=2.88;P5[13.00,24.00,0.00]=5.87;P9[13.00,16.50,0.00]=6.78;P7[2.90,24.00,0.00]=6.44;[8.11, 20.77, 0.0];[8.17,20.32,0.52];19:21:10.221;8.17;20.32;8.11;20.77;8.30;20.40;0.19;-0.37;0.13;0.08;0.42;0.15
P6[6.70,18.03,0.00]=2.83;P5[13.00,24.00,0.00]=5.80;P7[2.90,24.00,0.00]=6.44;null;[8.32, 20.51, 0.0];[8.22,20.34,0.51];19:21:10.319;8.22;20.34;8.32;20.51;8.30;20.40;-0.02;-0.11;0.08;0.06;0.11;0.1
P6[6.70,18.03,0.00]=2.87;P5[13.00,24.00,0.00]=5.85;P7[2.90,24.00,0.00]=6.44;null;[8.3, 20.49, 0.0];[8.24,20.36,0.56];19:21:10.418;8.24;20.36;8.3;20.49;8.30;20.40;0.0;-0.09;0.06;0.04;0.09;0.07
P6[6.70,18.03,0.00]=2.87;P5[13.00,24.00,0.00]=5.82;P9[13.00,16.50,0.00]=6.74;P7[2.90,24.00,0.00]=6.43;[8.14, 20.78, 0.0];[8.26,20.37,0.58];19:21:10.522;8.26;20.37;8.14;20.78;8.30;20.40;0.16;-0.38;0.04;0.03;0.41;0.05
P6[6.70,18.03,0.00]=2.87;P5[13.00,24.00,0.00]=5.87;P7[2.90,24.00,0.00]=6.45;null;[8.3, 20.47, 0.0];[8.27,20.38,0.63];19:21:10.619;8.27;20.38;8.3;20.47;8.30;20.40;0.0;-0.07;0.03;0.02;0.07;0.04
P6[6.70,18.03,0.00]=2.86;P5[13.00,24.00,0.00]=5.83;P9[13.00,16.50,0.00]=7.33;P7[2.90,24.00,0.00]=6.44;[7.95, 21.12, 0.0];[8.29,20.39,0.64];19:21:10.722;8.29;20.39;7.95;21.12;8.30;20.40;0.35;-0.72;0.01;0.01;0.8;0.01
P6[6.70,18.03,0.00]=2.84;P5[13.00,24.00,0.00]=5.87;P9[13.00,16.50,0.00]=7.25;P7[2.90,24.00,0.00]=6.46;[7.95, 21.03, 0.0];[8.30,20.38,0.66];19:21:10.822;8.30;20.38;7.95;21.03;8.30;20.40;0.35;-0.63;0.0;0.02;0.72;0.02
P6[6.70,18.03,0.00]=2.84;P5[13.00,24.00,0.00]=5.85;P9[13.00,16.50,0.00]=7.72;P7[2.90,24.00,0.00]=6.38;[7.78, 21.39, 0.0];[8.29,20.40,0.64];19:21:10.923;8.29;20.40;7.78;21.39;8.30;20.40;0.52;-0.99;0.01;0.0;1.12;0.01
P6[6.70,18.03,0.00]=2.88;P5[13.00,24.00,0.00]=5.87;P9[13.00,16.50,0.00]=7.26;P7[2.90,24.00,0.00]=6.45;[7.95, 21.05, 0.0];[8.30,20.40,0.69];19:21:11.023;8.30;20.40;7.95;21.05;8.30;20.40;0.35;-0.65;0.0;0.0;0.74;0.0
P6[6.70,18.03,0.00]=2.57;P5[13.00,24.00,0.00]=5.88;P9[13.00,16.50,0.00]=7.36;P7[2.90,24.00,0.00]=6.44;[7.94, 21.01, -1.7];[8.30,20.34,0.68];19:21:11.123;8.30;20.34;7.94;21.01;8.30;20.40;0.36;-0.61;0.0;0.06;0.71;0.06
P6[6.70,18.03,0.00]=2.89;P5[13.00,24.00,0.00]=5.87;P9[13.00,16.50,0.00]=6.64;P7[2.90,24.00,0.00]=6.44;[8.15, 20.7, 0.0];[8.30,20.36,0.71];19:21:11.221;8.30;20.36;8.15;20.7;8.30;20.40;0.15;-0.3;0.0;0.04;0.34;0.04
P6[6.70,18.03,0.00]=2.88;P5[13.00,24.00,0.00]=5.83;P9[13.00,16.50,0.00]=6.80;P7[2.90,24.00,0.00]=6.42;[8.11, 20.81, 0.0];[8.30,20.38,0.71];19:21:11.322;8.30;20.38;8.11;20.81;8.30;20.40;0.19;-0.41;0.0;0.02;0.45;0.02
P6[6.70,18.03,0.00]=2.88;P5[13.00,24.00,0.00]=5.82;P9[13.00,16.50,0.00]=7.28;P7[2.90,24.00,0.00]=6.45;[8.04, 21.06, -1.74];[8.31,20.39,0.71];19:21:11.423;8.31;20.39;8.04;21.06;8.30;20.40;0.26;-0.66;-0.01;0.01;0.71;0.01
P6[6.70,18.03,0.00]=2.88;P5[13.00,24.00,0.00]=5.83;P7[2.90,24.00,0.00]=6.43;null;[8.31, 20.51, 0.0];[8.31,20.40,0.70];19:21:11.518;8.31;20.40;8.31;20.51;8.30;20.40;-0.01;-0.11;-0.01;0.0;0.11;0.01
P6[6.70,18.03,0.00]=2.85;P5[13.00,24.00,0.00]=5.81;P7[2.90,24.00,0.00]=6.43;null;[8.31, 20.51, 0.0];[8.32,20.40,0.67];19:21:11.619;8.32;20.40;8.31;20.51;8.30;20.40;-0.01;-0.11;-0.02;0.0;0.11;0.02
P6[6.70,18.03,0.00]=2.87;P5[13.00,24.00,0.00]=5.84;P9[13.00,16.50,0.00]=7.39;P7[2.90,24.00,0.00]=6.45;[7.92, 21.15, 0.0];[8.32,20.40,0.68];19:21:11.723;8.32;20.40;7.92;21.15;8.30;20.40;0.38;-0.75;-0.02;0.0;0.84;0.02
P6[6.70,18.03,0.00]=2.82;P5[13.00,24.00,0.00]=5.87;P9[13.00,16.50,0.00]=7.34;P7[2.90,24.00,0.00]=6.44;[7.99, 21.06, -1.78];[8.32,20.40,0.68];19:21:11.822;8.32;20.40;7.99;21.06;8.30;20.40;0.31;-0.66;-0.02;0.0;0.73;0.02
P6[6.70,18.03,0.00]=2.86;P5[13.00,24.00,0.00]=5.87;P9[13.00,16.50,0.00]=6.76;P7[2.90,24.00,0.00]=6.42;[8.1, 20.76, 0.0];[8.31,20.40,0.69];19:21:11.921;8.31;20.40;8.1;20.76;8.30;20.40;0.2;-0.36;-0.01;0.0;0.41;0.01
P6[6.70,18.03,0.00]=2.86;P5[13.00,24.00,0.00]=5.83;P7[2.90,24.00,0.00]=6.38;null;[8.27, 20.54, 0.0];[8.30,20.41,0.67];19:21:12.019;8.30;20.41;8.27;20.54;8.30;20.40;0.03;-0.14;0.0;-0.01;0.14;0.01
P6[6.70,18.03,0.00]=2.85;P5[13.00,24.00,0.00]=5.87;P9[13.00,16.50,0.00]=6.74;P7[2.90,24.00,0.00]=6.44;[8.11, 20.74, 0.0];[8.30,20.41,0.68];19:21:12.122;8.30;20.41;8.11;20.74;8.30;20.40;0.19;-0.34;0.0;-0.01;0.39;0.01
P6[6.70,18.03,0.00]=2.86;P5[13.00,24.00,0.00]=5.81;P9[13.00,16.50,0.00]=6.80;P7[2.90,24.00,0.00]=6.43;[8.16, 20.82, -1.24];[8.31,20.41,0.65];19:21:12.222;8.31;20.41;8.16;20.82;8.30;20.40;0.14;-0.42;-0.01;-0.01;0.44;0.01
P6[6.70,18.03,0.00]=2.87;P5[13.00,24.00,0.00]=5.82;P9[13.00,16.50,0.00]=6.73;P7[2.90,24.00,0.00]=6.43;[8.14, 20.78, 0.0];[8.32,20.41,0.65];19:21:12.322;8.32;20.41;8.14;20.78;8.30;20.40;0.16;-0.38;-0.02;-0.01;0.41;0.02
P6[6.70,18.03,0.00]=2.86;P5[13.00,24.00,0.00]=5.81;P9[13.00,16.50,0.00]=6.68;P7[2.90,24.00,0.00]=6.42;[8.16, 20.76, 0.0];[8.32,20.42,0.64];19:21:12.422;8.32;20.42;8.16;20.76;8.30;20.40;0.14;-0.36;-0.02;-0.02;0.39;0.03
P6[6.70,18.03,0.00]=2.59;P5[13.00,24.00,0.00]=5.87;P9[13.00,16.50,0.00]=6.80;P7[2.90,24.00,0.00]=6.45;[8.07, 20.71, 0.0];[8.32,20.36,0.64];19:21:12.523;8.32;20.36;8.07;20.71;8.30;20.40;0.23;-0.31;-0.02;0.04;0.39;0.04
P6[6.70,18.03,0.00]=2.87;P5[13.00,24.00,0.00]=5.80;P9[13.00,16.50,0.00]=6.83;P7[2.90,24.00,0.00]=6.47;[8.14, 20.83, 0.0];[8.33,20.37,0.64];19:21:12.622;8.33;20.37;8.14;20.83;8.30;20.40;0.16;-0.43;-0.03;0.03;0.46;0.04
P6[6.70,18.03,0.00]=2.58;P5[13.00,24.00,0.00]=5.83;P9[13.00,16.50,0.00]=6.81;P7[2.90,24.00,0.00]=6.44;[8.09, 20.75, 0.0];[8.33,20.33,0.61];19:21:12.723;8.33;20.33;8.09;20.75;8.30;20.40;0.21;-0.35;-0.03;0.07;0.41;0.08
P6[6.70,18.03,0.00]=2.86;P5[13.00,24.00,0.00]=5.86;P7[2.90,24.00,0.00]=6.38;null;[8.26, 20.52, 0.0];[8.31,20.36,0.62];19:21:12.819;8.31;20.36;8.26;20.52;8.30;20.40;0.04;-0.12;-0.01;0.04;0.13;0.04
P6[6.70,18.03,0.00]=2.88;P5[13.00,24.00,0.00]=5.81;P9[13.00,16.50,0.00]=6.82;P7[2.90,24.00,0.00]=6.39;[8.11, 20.85, 0.0];[8.31,20.39,0.62];19:21:12.922;8.31;20.39;8.11;20.85;8.30;20.40;0.19;-0.45;-0.01;0.01;0.49;0.01
P6[6.70,18.03,0.00]=2.89;P5[13.00,24.00,0.00]=5.82;P9[13.00,16.50,0.00]=6.81;P7[2.90,24.00,0.00]=6.42;[8.12, 20.83, 0.0];[8.31,20.40,0.63];19:21:13.022;8.31;20.40;8.12;20.83;8.30;20.40;0.18;-0.43;-0.01;0.0;0.47;0.01
P6[6.70,18.03,0.00]=2.88;P5[13.00,24.00,0.00]=5.86;P7[2.90,24.00,0.00]=6.41;null;[8.28, 20.5, 0.0];[8.31,20.41,0.67];19:21:13.119;8.31;20.41;8.28;20.5;8.30;20.40;0.02;-0.1;-0.01;-0.01;0.1;0.01
P6[6.70,18.03,0.00]=2.83;P5[13.00,24.00,0.00]=5.84;P9[13.00,16.50,0.00]=6.70;P7[2.90,24.00,0.00]=6.44;[8.14, 20.74, 0.0];[8.31,20.40,0.65];19:21:13.222;8.31;20.40;8.14;20.74;8.30;20.40;0.16;-0.34;-0.01;0.0;0.38;0.01
P6[6.70,18.03,0.00]=2.59;P5[13.00,24.00,0.00]=5.84;P7[2.90,24.00,0.00]=6.45;null;[8.29, 20.43, 0.0];[8.32,20.35,0.64];19:21:13.319;8.32;20.35;8.29;20.43;8.30;20.40;0.01;-0.03;-0.02;0.05;0.03;0.05
P6[6.70,18.03,0.00]=2.88;P5[13.00,24.00,0.00]=5.88;P7[2.90,24.00,0.00]=6.42;null;[8.28, 20.48, 0.0];[8.31,20.37,0.68];19:21:13.419;8.31;20.37;8.28;20.48;8.30;20.40;0.02;-0.08;-0.01;0.03;0.08;0.03
P6[6.70,18.03,0.00]=2.86;P5[13.00,24.00,0.00]=5.85;P7[2.90,24.00,0.00]=6.39;null;[8.27, 20.52, 0.0];[8.30,20.39,0.67];19:21:13.519;8.30;20.39;8.27;20.52;8.30;20.40;0.03;-0.12;0.0;0.01;0.12;0.01
P6[6.70,18.03,0.00]=2.86;P5[13.00,24.00,0.00]=5.82;P9[13.00,16.50,0.00]=6.85;P7[2.90,24.00,0.00]=6.40;[8.09, 20.85, 0.0];[8.30,20.40,0.66];19:21:13.622;8.30;20.40;8.09;20.85;8.30;20.40;0.21;-0.45;0.0;0.0;0.5;0.0
P6[6.70,18.03,0.00]=2.56;P5[13.00,24.00,0.00]=5.85;P9[13.00,16.50,0.00]=6.88;P7[2.90,24.00,0.00]=6.41;[8.04, 20.78, 0.0];[8.30,20.35,0.62];19:21:13.723;8.30;20.35;8.04;20.78;8.30;20.40;0.26;-0.38;0.0;0.05;0.46;0.05
P6[6.70,18.03,0.00]=2.89;P5[13.00,24.00,0.00]=5.81;P7[2.90,24.00,0.00]=6.39;null;[8.29, 20.55, 0.0];[8.30,20.38,0.62];19:21:13.819;8.30;20.38;8.29;20.55;8.30;20.40;0.01;-0.15;0.0;0.02;0.15;0.02
P6[6.70,18.03,0.00]=2.86;P5[13.00,24.00,0.00]=5.82;P7[2.90,24.00,0.00]=6.45;null;[8.32, 20.5, 0.0];[8.31,20.39,0.62];19:21:13.920;8.31;20.39;8.32;20.5;8.30;20.40;-0.02;-0.1;-0.01;0.01;0.1;0.01
P6[6.70,18.03,0.00]=2.87;P5[13.00,24.00,0.00]=5.83;P9[13.00,16.50,0.00]=6.83;P7[2.90,24.00,0.00]=6.41;[8.1, 20.83, 0.0];[8.31,20.40,0.63];19:21:14.022;8.31;20.40;8.1;20.83;8.30;20.40;0.2;-0.43;-0.01;0.0;0.47;0.01
P6[6.70,18.03,0.00]=2.83;P5[13.00,24.00,0.00]=5.82;P9[13.00,16.50,0.00]=6.81;P7[2.90,24.00,0.00]=6.44;[8.12, 20.81, 0.0];[8.32,20.40,0.61];19:21:14.122;8.32;20.40;8.12;20.81;8.30;20.40;0.18;-0.41;-0.02;0.0;0.45;0.02
P6[6.70,18.03,0.00]=2.85;P5[13.00,24.00,0.00]=5.82;P9[13.00,16.50,0.00]=6.83;P7[2.90,24.00,0.00]=6.46;[8.12, 20.82, 0.0];[8.32,20.40,0.61];19:21:14.222;8.32;20.40;8.12;20.82;8.30;20.40;0.18;-0.42;-0.02;0.0;0.46;0.02
P6[6.70,18.03,0.00]=2.87;P5[13.00,24.00,0.00]=5.84;P9[13.00,16.50,0.00]=6.74;P7[2.90,24.00,0.00]=6.42;[8.13, 20.77, 0.0];[8.32,20.40,0.63];19:21:14.322;8.32;20.40;8.13;20.77;8.30;20.40;0.17;-0.37;-0.02;0.0;0.41;0.02
P6[6.70,18.03,0.00]=2.85;P5[13.00,24.00,0.00]=5.80;P9[13.00,16.50,0.00]=6.76;P7[2.90,24.00,0.00]=6.50;[8.17, 20.78, 0.0];[8.34,20.40,0.62];19:21:14.422;8.34;20.40;8.17;20.78;8.30;20.40;0.13;-0.38;-0.04;0.0;0.4;0.04
P6[6.70,18.03,0.00]=2.88;P5[13.00,24.00,0.00]=5.83;P9[13.00,16.50,0.00]=6.83;P7[2.90,24.00,0.00]=6.46;[8.12, 20.82, 0.0];[8.34,20.40,0.65];19:21:14.522;8.34;20.40;8.12;20.82;8.30;20.40;0.18;-0.42;-0.04;0.0;0.46;0.04
P6[6.70,18.03,0.00]=2.89;P5[13.00,24.00,0.00]=5.84;P9[13.00,16.50,0.00]=6.87;P7[2.90,24.00,0.00]=6.45;[8.1, 20.84, 0.0];[8.34,20.40,0.68];19:21:14.623;8.34;20.40;8.1;20.84;8.30;20.40;0.2;-0.44;-0.04;0.0;0.48;0.04
P6[6.70,18.03,0.00]=2.82;P5[13.00,24.00,0.00]=5.78;P9[13.00,16.50,0.00]=6.86;P7[2.90,24.00,0.00]=6.46;[8.16, 20.85, -1.3];[8.35,20.40,0.59];19:21:14.722;8.35;20.40;8.16;20.85;8.30;20.40;0.14;-0.45;-0.05;0.0;0.47;0.05
P6[6.70,18.03,0.00]=2.81;P5[13.00,24.00,0.00]=5.85;P9[13.00,16.50,0.00]=6.92;P7[2.90,24.00,0.00]=6.47;[8.12, 20.83, -1.44];[8.34,20.39,0.59];19:21:14.822;8.34;20.39;8.12;20.83;8.30;20.40;0.18;-0.43;-0.04;0.01;0.47;0.04
P6[6.70,18.03,0.00]=2.88;P5[13.00,24.00,0.00]=5.84;P9[13.00,16.50,0.00]=6.84;P7[2.90,24.00,0.00]=6.45;[8.11, 20.82, 0.0];[8.34,20.39,0.62];19:21:14.922;8.34;20.39;8.11;20.82;8.30;20.40;0.19;-0.42;-0.04;0.01;0.46;0.04
P6[6.70,18.03,0.00]=2.87;P5[13.00,24.00,0.00]=5.83;P9[13.00,16.50,0.00]=6.83;P7[2.90,24.00,0.00]=6.48;[8.13, 20.81, 0.0];[8.34,20.39,0.65];19:21:15.023;8.34;20.39;8.13;20.81;8.30;20.40;0.17;-0.41;-0.04;0.01;0.44;0.04
P6[6.70,18.03,0.00]=2.84;P5[13.00,24.00,0.00]=5.86;P9[13.00,16.50,0.00]=6.88;P7[2.90,24.00,0.00]=6.44;[8.12, 20.82, -1.38];[8.33,20.39,0.66];19:21:15.122;8.33;20.39;8.12;20.82;8.30;20.40;0.18;-0.42;-0.03;0.01;0.46;0.03
P6[6.70,18.03,0.00]=2.83;P5[13.00,24.00,0.00]=5.84;P9[13.00,16.50,0.00]=6.92;P7[2.90,24.00,0.00]=6.34;[8.03, 20.88, 0.0];[8.32,20.41,0.62];19:21:15.223;8.32;20.41;8.03;20.88;8.30;20.40;0.27;-0.48;-0.02;-0.01;0.55;0.02
P6[6.70,18.03,0.00]=2.85;P5[13.00,24.00,0.00]=5.84;P9[13.00,16.50,0.00]=6.80;P7[2.90,24.00,0.00]=6.39;[8.09, 20.81, 0.0];[8.31,20.41,0.62];19:21:15.323;8.31;20.41;8.09;20.81;8.30;20.40;0.21;-0.41;-0.01;-0.01;0.46;0.01
P6[6.70,18.03,0.00]=2.86;P5[13.00,24.00,0.00]=5.92;P9[13.00,16.50,0.00]=6.91;P7[2.90,24.00,0.00]=6.36;[8.0, 20.83, 0.0];[8.29,20.42,0.67];19:21:15.423;8.29;20.42;8.0;20.83;8.30;20.40;0.3;-0.43;0.01;-0.02;0.52;0.02
P6[6.70,18.03,0.00]=2.84;P5[13.00,24.00,0.00]=5.85;P9[13.00,16.50,0.00]=6.77;P7[2.90,24.00,0.00]=6.38;[8.09, 20.79, 0.0];[8.29,20.42,0.65];19:21:15.522;8.29;20.42;8.09;20.79;8.30;20.40;0.21;-0.39;0.01;-0.02;0.44;0.02
P6[6.70,18.03,0.00]=2.85;P5[13.00,24.00,0.00]=5.88;P9[13.00,16.50,0.00]=6.85;P7[2.90,24.00,0.00]=6.34;[8.04, 20.82, 0.0];[8.27,20.43,0.66];19:21:15.623;8.27;20.43;8.04;20.82;8.30;20.40;0.26;-0.42;0.03;-0.03;0.49;0.04
P6[6.70,18.03,0.00]=2.81;P5[13.00,24.00,0.00]=5.85;P9[13.00,16.50,0.00]=6.86;P7[2.90,24.00,0.00]=6.44;[8.08, 20.81, 0.0];[8.28,20.42,0.63];19:21:15.723;8.28;20.42;8.08;20.81;8.30;20.40;0.22;-0.41;0.02;-0.02;0.47;0.03
P6[6.70,18.03,0.00]=2.79;P5[13.00,24.00,0.00]=5.91;P9[13.00,16.50,0.00]=6.83;P7[2.90,24.00,0.00]=6.43;[8.05, 20.75, 0.0];[8.28,20.40,0.64];19:21:15.822;8.28;20.40;8.05;20.75;8.30;20.40;0.25;-0.35;0.02;0.0;0.43;0.02
P6[6.70,18.03,0.00]=2.75;P5[13.00,24.00,0.00]=5.89;P9[13.00,16.50,0.00]=6.87;P7[2.90,24.00,0.00]=6.41;[8.04, 20.78, 0.0];[8.28,20.39,0.61];19:21:15.923;8.28;20.39;8.04;20.78;8.30;20.40;0.26;-0.38;0.02;0.01;0.46;0.02
P6[6.70,18.03,0.00]=2.78;P5[13.00,24.00,0.00]=5.88;P9[13.00,16.50,0.00]=6.90;P7[2.90,24.00,0.00]=6.45;[8.05, 20.8, 0.0];[8.28,20.38,0.60];19:21:16.023;8.28;20.38;8.05;20.8;8.30;20.40;0.25;-0.4;0.02;0.02;0.47;0.03
P6[6.70,18.03,0.00]=2.70;P5[13.00,24.00,0.00]=5.91;P9[13.00,16.50,0.00]=8.44;P7[2.90,24.00,0.00]=6.43;[7.62, 21.66, -2.4];[8.28,20.36,0.55];19:21:16.124;8.28;20.36;7.62;21.66;8.30;20.40;0.68;-1.26;0.02;0.04;1.43;0.04
P6[6.70,18.03,0.00]=2.71;P5[13.00,24.00,0.00]=5.86;P7[2.90,24.00,0.00]=6.40;null;[8.26, 20.48, 0.0];[8.29,20.34,0.63];19:21:16.219;8.29;20.34;8.26;20.48;8.30;20.40;0.04;-0.08;0.01;0.06;0.09;0.06
P6[6.70,18.03,0.00]=2.74;P5[13.00,24.00,0.00]=5.94;P7[2.90,24.00,0.00]=6.43;null;[8.24, 20.41, 0.0];[8.28,20.34,0.62];19:21:16.319;8.28;20.34;8.24;20.41;8.30;20.40;0.06;-0.01;0.02;0.06;0.06;0.06
P6[6.70,18.03,0.00]=2.72;P5[13.00,24.00,0.00]=5.93;P9[13.00,16.50,0.00]=9.84;P7[2.90,24.00,0.00]=6.45;[7.0, 23.1, 0.0];[8.28,20.33,0.61];19:21:16.427;8.28;20.33;7.0;23.1;8.30;20.40;1.3;-2.7;0.02;0.07;3.0;0.07
P6[6.70,18.03,0.00]=2.73;P5[13.00,24.00,0.00]=5.94;P9[13.00,16.50,0.00]=9.58;P7[2.90,24.00,0.00]=6.44;[7.08, 22.87, 0.0];[8.27,20.32,0.61];19:21:16.526;8.27;20.32;7.08;22.87;8.30;20.40;1.22;-2.47;0.03;0.08;2.75;0.09
P6[6.70,18.03,0.00]=2.71;P5[13.00,24.00,0.00]=5.96;P9[13.00,16.50,0.00]=6.94;P7[2.90,24.00,0.00]=6.38;[7.96, 20.78, 0.0];[8.26,20.32,0.59];19:21:16.623;8.26;20.32;7.96;20.78;8.30;20.40;0.34;-0.38;0.04;0.08;0.51;0.09
P6[6.70,18.03,0.00]=2.73;P5[13.00,24.00,0.00]=5.87;P9[13.00,16.50,0.00]=6.90;P7[2.90,24.00,0.00]=6.49;[8.07, 20.78, 0.0];[8.28,20.32,0.55];19:21:16.723;8.28;20.32;8.07;20.78;8.30;20.40;0.23;-0.38;0.02;0.08;0.44;0.08
P6[6.70,18.03,0.00]=2.73;P5[13.00,24.00,0.00]=5.95;P9[13.00,16.50,0.00]=6.90;P7[2.90,24.00,0.00]=6.41;[7.99, 20.76, 0.0];[8.27,20.32,0.56];19:21:16.823;8.27;20.32;7.99;20.76;8.30;20.40;0.31;-0.36;0.03;0.08;0.48;0.09
P6[6.70,18.03,0.00]=2.72;P5[13.00,24.00,0.00]=5.92;P9[13.00,16.50,0.00]=8.80;P7[2.90,24.00,0.00]=6.49;[7.53, 21.87, -2.62];[8.28,20.31,0.56];19:21:16.924;8.28;20.31;7.53;21.87;8.30;20.40;0.77;-1.47;0.02;0.09;1.66;0.09
P6[6.70,18.03,0.00]=2.74;P5[13.00,24.00,0.00]=5.92;P9[13.00,16.50,0.00]=6.89;P7[2.90,24.00,0.00]=6.47;[8.04, 20.75, 0.0];[8.28,20.30,0.57];19:21:17.023;8.28;20.30;8.04;20.75;8.30;20.40;0.26;-0.35;0.02;0.1;0.44;0.1
P6[6.70,18.03,0.00]=2.70;P5[13.00,24.00,0.00]=5.89;P9[13.00,16.50,0.00]=9.80;P7[2.90,24.00,0.00]=6.49;[7.05, 23.09, 0.0];[8.29,20.30,0.53];19:21:17.127;8.29;20.30;7.05;23.09;8.30;20.40;1.25;-2.69;0.01;0.1;2.97;0.1
P6[6.70,18.03,0.00]=2.70;P5[13.00,24.00,0.00]=5.87;P9[13.00,16.50,0.00]=9.60;P7[2.90,24.00,0.00]=6.52;[7.15, 22.93, 0.0];[8.31,20.29,0.48];19:21:17.227;8.31;20.29;7.15;22.93;8.30;20.40;1.15;-2.53;-0.01;0.11;2.78;0.11
P6[6.70,18.03,0.00]=2.74;P5[13.00,24.00,0.00]=5.93;P9[13.00,16.50,0.00]=9.65;P7[2.90,24.00,0.00]=6.42;[7.05, 22.94, 0.0];[8.29,20.30,0.51];19:21:17.326;8.29;20.30;7.05;22.94;8.30;20.40;1.25;-2.54;0.01;0.1;2.83;0.1
P6[6.70,18.03,0.00]=2.71;P5[13.00,24.00,0.00]=5.93;P9[13.00,16.50,0.00]=9.82;P7[2.90,24.00,0.00]=6.47;[7.01, 23.08, 0.0];[8.29,20.29,0.52];19:21:17.427;8.29;20.29;7.01;23.08;8.30;20.40;1.29;-2.68;0.01;0.11;2.97;0.11
P6[6.70,18.03,0.00]=2.74;P5[13.00,24.00,0.00]=5.92;P9[13.00,16.50,0.00]=9.92;P7[2.90,24.00,0.00]=6.46;[6.98, 23.18, 0.0];[8.29,20.30,0.54];19:21:17.527;8.29;20.30;6.98;23.18;8.30;20.40;1.32;-2.78;0.01;0.1;3.08;0.1
P6[6.70,18.03,0.00]=2.69;P5[13.00,24.00,0.00]=5.93;P9[13.00,16.50,0.00]=8.15;P7[2.90,24.00,0.00]=6.48;[7.72, 21.45, -2.33];[8.29,20.29,0.53];19:21:17.625;8.29;20.29;7.72;21.45;8.30;20.40;0.58;-1.05;0.01;0.11;1.2;0.11
P6[6.70,18.03,0.00]=2.70;P5[13.00,24.00,0.00]=5.97;P9[13.00,16.50,0.00]=8.12;P7[2.90,24.00,0.00]=6.43;[7.69, 21.42, -2.29];[8.28,20.29,0.54];19:21:17.724;8.28;20.29;7.69;21.42;8.30;20.40;0.61;-1.02;0.02;0.11;1.19;0.11
P6[6.70,18.03,0.00]=2.70;P5[13.00,24.00,0.00]=5.92;P7[2.90,24.00,0.00]=6.48;null;[8.28, 20.38, 0.0];[8.28,20.28,0.53];19:21:17.820;8.28;20.28;8.28;20.38;8.30;20.40;0.02;0.02;0.02;0.12;0.03;0.12
P6[6.70,18.03,0.00]=2.71;P5[13.00,24.00,0.00]=5.94;P9[13.00,16.50,0.00]=7.64;P7[2.90,24.00,0.00]=6.41;[7.74, 21.22, 0.0];[8.27,20.29,0.53];19:21:17.925;8.27;20.29;7.74;21.22;8.30;20.40;0.56;-0.82;0.03;0.11;0.99;0.11
P6[6.70,18.03,0.00]=2.67;P5[13.00,24.00,0.00]=5.98;P9[13.00,16.50,0.00]=9.40;P7[2.90,24.00,0.00]=6.44;[7.1, 22.67, 0.0];[8.26,20.28,0.54];19:21:18.026;8.26;20.28;7.1;22.67;8.30;20.40;1.2;-2.27;0.04;0.12;2.57;0.13
P6[6.70,18.03,0.00]=2.67;P5[13.00,24.00,0.00]=5.99;P9[13.00,16.50,0.00]=9.52;P7[2.90,24.00,0.00]=6.39;[7.03, 22.77, 0.0];[8.25,20.28,0.54];19:21:18.127;8.25;20.28;7.03;22.77;8.30;20.40;1.27;-2.37;0.05;0.12;2.69;0.13
P6[6.70,18.03,0.00]=2.72;P5[13.00,24.00,0.00]=5.97;P9[13.00,16.50,0.00]=8.97;P7[2.90,24.00,0.00]=6.44;[7.26, 22.3, 0.0];[8.25,20.29,0.57];19:21:18.224;8.25;20.29;7.26;22.3;8.30;20.40;1.04;-1.9;0.05;0.11;2.17;0.12
P6[6.70,18.03,0.00]=2.71;P5[13.00,24.00,0.00]=5.94;P9[13.00,16.50,0.00]=9.71;P7[2.90,24.00,0.00]=6.41;[7.02, 22.98, 0.0];[8.25,20.29,0.56];19:21:18.327;8.25;20.29;7.02;22.98;8.30;20.40;1.28;-2.58;0.05;0.11;2.88;0.12
P6[6.70,18.03,0.00]=2.74;P5[13.00,24.00,0.00]=5.94;P9[13.00,16.50,0.00]=9.32;P7[2.90,24.00,0.00]=6.45;[7.17, 22.64, 0.0];[8.25,20.30,0.58];19:21:18.427;8.25;20.30;7.17;22.64;8.30;20.40;1.13;-2.24;0.05;0.1;2.51;0.11
P6[6.70,18.03,0.00]=2.74;P5[13.00,24.00,0.00]=5.92;P9[13.00,16.50,0.00]=8.73;P7[2.90,24.00,0.00]=6.38;[7.36, 22.13, 0.0];[8.25,20.31,0.56];19:21:18.524;8.25;20.31;7.36;22.13;8.30;20.40;0.94;-1.73;0.05;0.09;1.97;0.1
P6[6.70,18.03,0.00]=2.73;P5[13.00,24.00,0.00]=5.93;P9[13.00,16.50,0.00]=8.31;P7[2.90,24.00,0.00]=6.47;[7.54, 21.75, 0.0];[8.26,20.31,0.57];19:21:18.625;8.26;20.31;7.54;21.75;8.30;20.40;0.76;-1.35;0.04;0.09;1.55;0.1
P6[6.70,18.03,0.00]=2.69;P5[13.00,24.00,0.00]=5.91;P9[13.00,16.50,0.00]=8.86;P7[2.90,24.00,0.00]=6.44;[7.34, 22.23, 0.0];[8.26,20.30,0.52];19:21:18.725;8.26;20.30;7.34;22.23;8.30;20.40;0.96;-1.83;0.04;0.1;2.07;0.11
P6[6.70,18.03,0.00]=2.68;P5[13.00,24.00,0.00]=5.96;P9[13.00,16.50,0.00]=8.83;P7[2.90,24.00,0.00]=6.44;[7.47, 21.87, -2.59];[8.26,20.30,0.53];19:21:18.824;8.26;20.30;7.47;21.87;8.30;20.40;0.83;-1.47;0.04;0.1;1.69;0.11
P6[6.70,18.03,0.00]=2.68;P5[13.00,24.00,0.00]=5.92;P9[13.00,16.50,0.00]=8.80;P7[2.90,24.00,0.00]=6.47;[7.52, 21.87, -2.59];[8.27,20.29,0.49];19:21:18.925;8.27;20.29;7.52;21.87;8.30;20.40;0.78;-1.47;0.03;0.11;1.66;0.11
P6[6.70,18.03,0.00]=2.70;P5[13.00,24.00,0.00]=5.92;P9[13.00,16.50,0.00]=7.94;P7[2.90,24.00,0.00]=6.44;[7.66, 21.45, 0.0];[8.27,20.29,0.48];19:21:19.025;8.27;20.29;7.66;21.45;8.30;20.40;0.64;-1.05;0.03;0.11;1.23;0.11
P6[6.70,18.03,0.00]=2.68;P9[13.00,16.50,0.00]=8.94;P7[2.90,24.00,0.00]=6.49;null;[4.12, 17.62, 0.0];[7.25,19.64,0.58];19:21:19.119;7.25;19.64;4.12;17.62;8.30;20.40;4.18;2.78;1.05;0.76;5.02;1.3
P6[6.70,18.03,0.00]=2.68;P7[2.90,24.00,0.00]=6.38;P9[13.00,16.50,0.00]=7.93;P5[13.00,24.00,0.00]=5.88;[7.77, 21.38, -2.06];[7.50,19.80,0.22];19:21:19.225;7.50;19.80;7.77;21.38;8.30;20.40;0.53;-0.98;0.8;0.6;1.11;1.0
P6[6.70,18.03,0.00]=2.65;P7[2.90,24.00,0.00]=6.44;P9[13.00,16.50,0.00]=7.86;P5[13.00,24.00,0.00]=5.83;[7.83, 21.34, -2.05];[7.71,19.92,-0.02];19:21:19.325;7.71;19.92;7.83;21.34;8.30;20.40;0.47;-0.94;0.59;0.48;1.05;0.76
P6[6.70,18.03,0.00]=2.68;P9[13.00,16.50,0.00]=8.08;P7[2.90,24.00,0.00]=6.44;null;[4.98, 17.88, 0.0];[7.18,19.60,0.58];19:21:19.420;7.18;19.60;4.98;17.88;8.30;20.40;3.32;2.52;1.12;0.8;4.17;1.38
P6[6.70,18.03,0.00]=2.68;P7[2.90,24.00,0.00]=6.36;P9[13.00,16.50,0.00]=9.00;P5[13.00,24.00,0.00]=5.96;[7.23, 22.32, 0.0];[7.43,19.78,0.32];19:21:19.524;7.43;19.78;7.23;22.32;8.30;20.40;1.07;-1.92;0.87;0.62;2.2;1.07
P6[6.70,18.03,0.00]=2.65;P7[2.90,24.00,0.00]=6.41;P9[13.00,16.50,0.00]=10.61;P5[13.00,24.00,0.00]=5.91;[6.7, 23.72, 0.0];[7.64,19.89,0.02];19:21:19.627;7.64;19.89;6.7;23.72;8.30;20.40;1.6;-3.32;0.66;0.51;3.69;0.83
P6[6.70,18.03,0.00]=2.67;P7[2.90,24.00,0.00]=6.38;P5[13.00,24.00,0.00]=5.91;null;[8.22, 20.45, 0.0];[7.79,19.99,-0.21];19:21:19.721;7.79;19.99;8.22;20.45;8.30;20.40;0.08;-0.05;0.51;0.41;0.09;0.65
P6[6.70,18.03,0.00]=2.65;P9[13.00,16.50,0.00]=9.12;P7[2.90,24.00,0.00]=6.38;P5[13.00,24.00,0.00]=5.90;[7.23, 22.46, 0.0];[7.91,20.06,-0.37];19:21:19.828;7.91;20.06;7.23;22.46;8.30;20.40;1.07;-2.06;0.39;0.34;2.32;0.52
P6[6.70,18.03,0.00]=2.68;P9[13.00,16.50,0.00]=8.88;P7[2.90,24.00,0.00]=6.44;P5[13.00,24.00,0.00]=5.89;[7.35, 22.26, 0.0];[8.00,20.10,-0.50];19:21:19.925;8.00;20.10;7.35;22.26;8.30;20.40;0.95;-1.86;0.3;0.3;2.09;0.42
P6[6.70,18.03,0.00]=2.69;P9[13.00,16.50,0.00]=9.95;P5[13.00,24.00,0.00]=5.95;P7[2.90,24.00,0.00]=6.37;[6.91, 23.16, 0.0];[8.05,20.16,-0.27];19:21:20.027;8.05;20.16;6.91;23.16;8.30;20.40;1.39;-2.76;0.25;0.24;3.09;0.35
P6[6.70,18.03,0.00]=2.65;P9[13.00,16.50,0.00]=9.98;P5[13.00,24.00,0.00]=5.91;P7[2.90,24.00,0.00]=6.32;[6.9, 23.19, 0.0];[8.09,20.20,0.00];19:21:20.128;8.09;20.20;6.9;23.19;8.30;20.40;1.4;-2.79;0.21;0.2;3.12;0.29
P6[6.70,18.03,0.00]=2.69;P5[13.00,24.00,0.00]=5.96;P7[2.90,24.00,0.00]=6.39;null;[8.2, 20.42, 0.0];[8.12,20.23,0.13];19:21:20.220;8.12;20.23;8.2;20.42;8.30;20.40;0.1;-0.02;0.18;0.17;0.1;0.25
P6[6.70,18.03,0.00]=2.66;P9[13.00,16.50,0.00]=7.95;P5[13.00,24.00,0.00]=5.88;P7[2.90,24.00,0.00]=6.38;[7.65, 21.48, 0.0];[8.16,20.24,0.30];19:21:20.325;8.16;20.24;7.65;21.48;8.30;20.40;0.65;-1.08;0.14;0.16;1.26;0.21
P6[6.70,18.03,0.00]=2.63;P9[13.00,16.50,0.00]=7.81;P5[13.00,24.00,0.00]=5.88;P7[2.90,24.00,0.00]=6.33;[7.68, 21.38, 0.0];[8.18,20.25,0.40];19:21:20.425;8.18;20.25;7.68;21.38;8.30;20.40;0.62;-0.98;0.12;0.15;1.16;0.19
P6[6.70,18.03,0.00]=2.68;P5[13.00,24.00,0.00]=5.91;P9[13.00,16.50,0.00]=8.85;P7[2.90,24.00,0.00]=6.39;[7.47, 21.93, -2.52];[8.19,20.27,0.37];19:21:20.524;8.19;20.27;7.47;21.93;8.30;20.40;0.83;-1.53;0.11;0.13;1.74;0.17
P6[6.70,18.03,0.00]=2.67;P5[13.00,24.00,0.00]=5.93;P9[13.00,16.50,0.00]=9.87;P7[2.90,24.00,0.00]=6.49;[6.99, 23.12, 0.0];[8.22,20.27,0.38];19:21:20.627;8.22;20.27;6.99;23.12;8.30;20.40;1.31;-2.72;0.08;0.13;3.02;0.15
P6[6.70,18.03,0.00]=2.68;P5[13.00,24.00,0.00]=5.95;P7[2.90,24.00,0.00]=6.48;null;[8.26, 20.35, 0.0];[8.24,20.26,0.41];19:21:20.720;8.24;20.26;8.26;20.35;8.30;20.40;0.04;0.05;0.06;0.14;0.06;0.15
P6[6.70,18.03,0.00]=2.65;P5[13.00,24.00,0.00]=5.95;P7[2.90,24.00,0.00]=6.46;null;[8.25, 20.36, 0.0];[8.24,20.26,0.40];19:21:20.820;8.24;20.26;8.25;20.36;8.30;20.40;0.05;0.04;0.06;0.14;0.06;0.15
P6[6.70,18.03,0.00]=2.68;P5[13.00,24.00,0.00]=5.91;P7[2.90,24.00,0.00]=6.44;null;[8.26, 20.41, 0.0];[8.25,20.27,0.38];19:21:20.920;8.25;20.27;8.26;20.41;8.30;20.40;0.04;-0.01;0.05;0.13;0.04;0.14
P6[6.70,18.03,0.00]=2.68;P5[13.00,24.00,0.00]=5.94;P7[2.90,24.00,0.00]=6.46;null;[8.26, 20.37, 0.0];[8.26,20.27,0.39];19:21:21.020;8.26;20.27;8.26;20.37;8.30;20.40;0.04;0.03;0.04;0.13;0.05;0.14
P6[6.70,18.03,0.00]=2.66;P5[13.00,24.00,0.00]=5.95;P7[2.90,24.00,0.00]=6.39;null;[8.2, 20.42, 0.0];[8.25,20.28,0.38];19:21:21.120;8.25;20.28;8.2;20.42;8.30;20.40;0.1;-0.02;0.05;0.12;0.1;0.13
P6[6.70,18.03,0.00]=2.65;P5[13.00,24.00,0.00]=5.96;P9[13.00,16.50,0.00]=10.25;P7[2.90,24.00,0.00]=6.49;[6.83, 23.42, 0.0];[8.26,20.26,0.40];19:21:21.228;8.26;20.26;6.83;23.42;8.30;20.40;1.47;-3.02;0.04;0.14;3.36;0.15
P6[6.70,18.03,0.00]=2.68;P5[13.00,24.00,0.00]=5.94;P9[13.00,16.50,0.00]=9.88;P7[2.90,24.00,0.00]=6.41;[6.95, 23.11, 0.0];[8.25,20.27,0.41];19:21:21.327;8.25;20.27;6.95;23.11;8.30;20.40;1.35;-2.71;0.05;0.13;3.03;0.14
P6[6.70,18.03,0.00]=2.71;P5[13.00,24.00,0.00]=5.96;P7[2.90,24.00,0.00]=6.39;null;[8.2, 20.42, 0.0];[8.24,20.29,0.45];19:21:21.420;8.24;20.29;8.2;20.42;8.30;20.40;0.1;-0.02;0.06;0.11;0.1;0.13
P6[6.70,18.03,0.00]=2.65;P5[13.00,24.00,0.00]=5.90;P9[13.00,16.50,0.00]=8.12;P7[2.90,24.00,0.00]=6.40;[7.71, 21.47, -2.19];[8.25,20.28,0.55];19:21:21.525;8.25;20.28;7.71;21.47;8.30;20.40;0.59;-1.07;0.05;0.12;1.22;0.13
P6[6.70,18.03,0.00]=2.68;P5[13.00,24.00,0.00]=5.96;P9[13.00,16.50,0.00]=9.30;P7[2.90,24.00,0.00]=6.45;[7.16, 22.59, 0.0];[8.25,20.28,0.55];19:21:21.627;8.25;20.28;7.16;22.59;8.30;20.40;1.14;-2.19;0.05;0.12;2.47;0.13
P6[6.70,18.03,0.00]=2.69;P5[13.00,24.00,0.00]=5.91;P7[2.90,24.00,0.00]=6.45;null;[8.27, 20.4, 0.0];[8.26,20.28,0.51];19:21:21.720;8.26;20.28;8.27;20.4;8.30;20.40;0.03;0.0;0.04;0.12;0.03;0.13
P6[6.70,18.03,0.00]=2.71;P5[13.00,24.00,0.00]=5.93;P9[13.00,16.50,0.00]=8.18;P7[2.90,24.00,0.00]=6.49;[7.72, 21.47, -2.36];[8.27,20.28,0.52];19:21:21.825;8.27;20.28;7.72;21.47;8.30;20.40;0.58;-1.07;0.03;0.12;1.22;0.12
P6[6.70,18.03,0.00]=2.66;P5[13.00,24.00,0.00]=5.92;P9[13.00,16.50,0.00]=9.19;P7[2.90,24.00,0.00]=6.49;[7.23, 22.51, 0.0];[8.28,20.27,0.46];19:21:21.928;8.28;20.27;7.23;22.51;8.30;20.40;1.07;-2.11;0.02;0.13;2.37;0.13
P6[6.70,18.03,0.00]=2.68;P5[13.00,24.00,0.00]=5.95;P9[13.00,16.50,0.00]=8.05;P7[2.90,24.00,0.00]=6.42;[7.72, 21.39, -2.22];[8.27,20.27,0.46];19:21:22.025;8.27;20.27;7.72;21.39;8.30;20.40;0.58;-0.99;0.03;0.13;1.15;0.13
P6[6.70,18.03,0.00]=2.68;P5[13.00,24.00,0.00]=5.95;P7[2.90,24.00,0.00]=6.45;null;[8.24, 20.38, 0.0];[8.27,20.27,0.47];19:21:22.120;8.27;20.27;8.24;20.38;8.30;20.40;0.06;0.02;0.03;0.13;0.06;0.13
P6[6.70,18.03,0.00]=2.67;P5[13.00,24.00,0.00]=5.94;P7[2.90,24.00,0.00]=6.48;null;[8.27, 20.36, 0.0];[8.27,20.27,0.46];19:21:22.221;8.27;20.27;8.27;20.36;8.30;20.40;0.03;0.04;0.03;0.13;0.05;0.13
P6[6.70,18.03,0.00]=2.69;P5[13.00,24.00,0.00]=5.91;P9[13.00,16.50,0.00]=6.90;P7[2.90,24.00,0.00]=6.43;[8.02, 20.77, 0.0];[8.27,20.28,0.43];19:21:22.324;8.27;20.28;8.02;20.77;8.30;20.40;0.28;-0.37;0.03;0.12;0.46;0.12
P6[6.70,18.03,0.00]=2.72;P5[13.00,24.00,0.00]=5.91;P9[13.00,16.50,0.00]=8.10;P7[2.90,24.00,0.00]=6.43;[7.61, 21.59, 0.0];[8.27,20.29,0.44];19:21:22.425;8.27;20.29;7.61;21.59;8.30;20.40;0.69;-1.19;0.03;0.11;1.38;0.11
P6[6.70,18.03,0.00]=2.70;P5[13.00,24.00,0.00]=5.93;P9[13.00,16.50,0.00]=6.96;P7[2.90,24.00,0.00]=6.47;[8.06, 20.78, -1.49];[8.28,20.29,0.45];19:21:22.524;8.28;20.29;8.06;20.78;8.30;20.40;0.24;-0.38;0.02;0.11;0.45;0.11
P6[6.70,18.03,0.00]=2.73;P5[13.00,24.00,0.00]=5.95;P9[13.00,16.50,0.00]=6.84;P7[2.90,24.00,0.00]=6.44;[8.03, 20.71, 0.0];[8.27,20.29,0.50];19:21:22.624;8.27;20.29;8.03;20.71;8.30;20.40;0.27;-0.31;0.03;0.11;0.41;0.11
P6[6.70,18.03,0.00]=2.72;P5[13.00,24.00,0.00]=5.91;P9[13.00,16.50,0.00]=6.83;P7[2.90,24.00,0.00]=6.44;[8.05, 20.73, 0.0];[8.27,20.29,0.50];19:21:22.724;8.27;20.29;8.05;20.73;8.30;20.40;0.25;-0.33;0.03;0.11;0.41;0.11
P6[6.70,18.03,0.00]=2.68;P5[13.00,24.00,0.00]=5.87;P9[13.00,16.50,0.00]=6.90;P7[2.90,24.00,0.00]=6.41;[8.07, 20.8, -1.27];[8.28,20.29,0.59];19:21:22.824;8.28;20.29;8.07;20.8;8.30;20.40;0.23;-0.4;0.02;0.11;0.46;0.11
P6[6.70,18.03,0.00]=2.73;P5[13.00,24.00,0.00]=5.89;P9[13.00,16.50,0.00]=6.95;P7[2.90,24.00,0.00]=6.50;[8.05, 20.8, 0.0];[8.29,20.29,0.57];19:21:22.924;8.29;20.29;8.05;20.8;8.30;20.40;0.25;-0.4;0.01;0.11;0.47;0.11
P6[6.70,18.03,0.00]=2.74;P5[13.00,24.00,0.00]=5.90;P9[13.00,16.50,0.00]=6.81;P7[2.90,24.00,0.00]=6.53;[8.1, 20.7, 0.0];[8.31,20.28,0.58];19:21:23.024;8.31;20.28;8.1;20.7;8.30;20.40;0.2;-0.3;-0.01;0.12;0.36;0.12
P6[6.70,18.03,0.00]=2.77;P5[13.00,24.00,0.00]=5.89;P9[13.00,16.50,0.00]=9.87;P7[2.90,24.00,0.00]=6.48;[7.03, 23.17, 0.0];[8.31,20.29,0.59];19:21:23.127;8.31;20.29;7.03;23.17;8.30;20.40;1.27;-2.77;-0.01;0.11;3.05;0.11
P6[6.70,18.03,0.00]=2.77;P5[13.00,24.00,0.00]=5.87;P9[13.00,16.50,0.00]=8.10;P7[2.90,24.00,0.00]=6.44;[7.64, 21.63, 0.0];[8.31,20.30,0.57];19:21:23.225;8.31;20.30;7.64;21.63;8.30;20.40;0.66;-1.23;-0.01;0.1;1.4;0.1
P6[6.70,18.03,0.00]=2.77;P5[13.00,24.00,0.00]=5.88;P9[13.00,16.50,0.00]=8.34;P7[2.90,24.00,0.00]=6.50;[7.71, 21.61, -2.43];[8.31,20.31,0.58];19:21:23.325;8.31;20.31;7.71;21.61;8.30;20.40;0.59;-1.21;-0.01;0.09;1.35;0.09
P6[6.70,18.03,0.00]=2.82;P5[13.00,24.00,0.00]=5.87;P9[13.00,16.50,0.00]=6.83;P7[2.90,24.00,0.00]=6.45;[8.13, 20.78, -1.34];[8.31,20.32,0.60];19:21:23.424;8.31;20.32;8.13;20.78;8.30;20.40;0.17;-0.38;-0.01;0.08;0.42;0.08
P6[6.70,18.03,0.00]=2.81;P5[13.00,24.00,0.00]=5.88;P9[13.00,16.50,0.00]=6.72;P7[2.90,24.00,0.00]=6.46;[8.12, 20.71, 0.0];[8.31,20.33,0.62];19:21:23.523;8.31;20.33;8.12;20.71;8.30;20.40;0.18;-0.31;-0.01;0.07;0.36;0.07
P6[6.70,18.03,0.00]=2.86;P5[13.00,24.00,0.00]=5.83;P9[13.00,16.50,0.00]=6.73;P7[2.90,24.00,0.00]=6.51;[8.17, 20.74, 0.0];[8.32,20.34,0.64];19:21:23.624;8.32;20.34;8.17;20.74;8.30;20.40;0.13;-0.34;-0.02;0.06;0.36;0.06
P6[6.70,18.03,0.00]=2.86;P5[13.00,24.00,0.00]=5.85;P9[13.00,16.50,0.00]=6.77;P7[2.90,24.00,0.00]=6.49;[8.14, 20.76, 0.0];[8.33,20.34,0.67];19:21:23.724;8.33;20.34;8.14;20.76;8.30;20.40;0.16;-0.36;-0.03;0.06;0.39;0.07
P6[6.70,18.03,0.00]=2.86;P5[13.00,24.00,0.00]=5.82;P9[13.00,16.50,0.00]=6.79;P7[2.90,24.00,0.00]=6.42;[8.12, 20.81, 0.0];[8.33,20.37,0.65];19:21:23.824;8.33;20.37;8.12;20.81;8.30;20.40;0.18;-0.41;-0.03;0.03;0.45;0.04
P6[6.70,18.03,0.00]=2.84;P5[13.00,24.00,0.00]=5.87;P9[13.00,16.50,0.00]=6.91;P7[2.90,24.00,0.00]=6.47;[8.07, 20.82, 0.0];[8.33,20.37,0.68];19:21:23.924;8.33;20.37;8.07;20.82;8.30;20.40;0.23;-0.42;-0.03;0.03;0.48;0.04
P6[6.70,18.03,0.00]=2.86;P5[13.00,24.00,0.00]=5.88;P9[13.00,16.50,0.00]=6.82;P7[2.90,24.00,0.00]=6.50;[8.11, 20.76, 0.0];[8.33,20.36,0.71];19:21:24.024;8.33;20.36;8.11;20.76;8.30;20.40;0.19;-0.36;-0.03;0.04;0.41;0.05
P6[6.70,18.03,0.00]=2.86;P5[13.00,24.00,0.00]=5.88;P9[13.00,16.50,0.00]=6.78;P7[2.90,24.00,0.00]=6.44;[8.1, 20.76, 0.0];[8.32,20.37,0.73];19:21:24.124;8.32;20.37;8.1;20.76;8.30;20.40;0.2;-0.36;-0.02;0.03;0.41;0.04
P6[6.70,18.03,0.00]=2.83;P5[13.00,24.00,0.00]=5.86;P9[13.00,16.50,0.00]=6.83;P7[2.90,24.00,0.00]=6.51;[8.12, 20.77, 0.0];[8.33,20.36,0.73];19:21:24.224;8.33;20.36;8.12;20.77;8.30;20.40;0.18;-0.37;-0.03;0.04;0.41;0.05
P6[6.70,18.03,0.00]=2.80;P5[13.00,24.00,0.00]=5.88;P9[13.00,16.50,0.00]=6.80;P7[2.90,24.00,0.00]=6.46;[8.09, 20.75, 0.0];[8.32,20.36,0.71];19:21:24.324;8.32;20.36;8.09;20.75;8.30;20.40;0.21;-0.35;-0.02;0.04;0.41;0.04
P6[6.70,18.03,0.00]=2.84;P5[13.00,24.00,0.00]=5.89;P9[13.00,16.50,0.00]=6.81;P7[2.90,24.00,0.00]=6.47;[8.09, 20.75, 0.0];[8.32,20.36,0.73];19:21:24.424;8.32;20.36;8.09;20.75;8.30;20.40;0.21;-0.35;-0.02;0.04;0.41;0.04
P6[6.70,18.03,0.00]=2.82;P5[13.00,24.00,0.00]=5.92;P9[13.00,16.50,0.00]=6.82;P7[2.90,24.00,0.00]=6.48;[8.07, 20.73, 0.0];[8.32,20.35,0.75];19:21:24.524;8.32;20.35;8.07;20.73;8.30;20.40;0.23;-0.33;-0.02;0.05;0.4;0.05
P6[6.70,18.03,0.00]=2.83;P5[13.00,24.00,0.00]=5.87;P9[13.00,16.50,0.00]=6.73;P7[2.90,24.00,0.00]=6.35;[8.08, 20.76, 0.0];[8.30,20.37,0.72];19:21:24.624;8.30;20.37;8.08;20.76;8.30;20.40;0.22;-0.36;0.0;0.03;0.42;0.03
P6[6.70,18.03,0.00]=2.84;P5[13.00,24.00,0.00]=5.87;P9[13.00,16.50,0.00]=6.79;P7[2.90,24.00,0.00]=6.45;[8.1, 20.76, 0.0];[8.30,20.38,0.71];19:21:24.724;8.30;20.38;8.1;20.76;8.30;20.40;0.2;-0.36;0.0;0.02;0.41;0.02
P6[6.70,18.03,0.00]=2.84;P5[13.00,24.00,0.00]=5.87;P9[13.00,16.50,0.00]=6.88;P7[2.90,24.00,0.00]=6.38;[8.08, 20.83, -1.3];[8.29,20.39,0.70];19:21:24.824;8.29;20.39;8.08;20.83;8.30;20.40;0.22;-0.43;0.01;0.01;0.48;0.01
P6[6.70,18.03,0.00]=2.82;P5[13.00,24.00,0.00]=5.87;P9[13.00,16.50,0.00]=6.86;P7[2.90,24.00,0.00]=6.39;[8.09, 20.82, -1.28];[8.29,20.39,0.68];19:21:24.924;8.29;20.39;8.09;20.82;8.30;20.40;0.21;-0.42;0.01;0.01;0.47;0.01
P6[6.70,18.03,0.00]=2.87;P5[13.00,24.00,0.00]=5.85;P9[13.00,16.50,0.00]=6.82;P7[2.90,24.00,0.00]=6.45;[8.11, 20.8, 0.0];[8.29,20.39,0.70];19:21:25.024;8.29;20.39;8.11;20.8;8.30;20.40;0.19;-0.4;0.01;0.01;0.44;0.01
P6[6.70,18.03,0.00]=2.81;P5[13.00,24.00,0.00]=5.85;P9[13.00,16.50,0.00]=6.79;P7[2.90,24.00,0.00]=6.45;[8.11, 20.77, 0.0];[8.30,20.39,0.66];19:21:25.124;8.30;20.39;8.11;20.77;8.30;20.40;0.19;-0.37;0.0;0.01;0.42;0.01
P6[6.70,18.03,0.00]=2.83;P5[13.00,24.00,0.00]=5.81;P9[13.00,16.50,0.00]=6.88;P7[2.90,24.00,0.00]=6.42;[8.09, 20.86, 0.0];[8.31,20.40,0.62];19:21:25.225;8.31;20.40;8.09;20.86;8.30;20.40;0.21;-0.46;-0.01;0.0;0.51;0.01
P6[6.70,18.03,0.00]=2.86;P5[13.00,24.00,0.00]=5.84;P9[13.00,16.50,0.00]=6.81;P7[2.90,24.00,0.00]=6.45;[8.11, 20.8, 0.0];[8.31,20.40,0.64];19:21:25.324;8.31;20.40;8.11;20.8;8.30;20.40;0.19;-0.4;-0.01;0.0;0.44;0.01
P6[6.70,18.03,0.00]=2.85;P5[13.00,24.00,0.00]=5.80;P9[13.00,16.50,0.00]=6.90;P7[2.90,24.00,0.00]=6.45;[8.11, 20.87, 0.0];[8.32,20.40,0.62];19:21:25.424;8.32;20.40;8.11;20.87;8.30;20.40;0.19;-0.47;-0.02;0.0;0.51;0.02
P6[6.70,18.03,0.00]=2.83;P5[13.00,24.00,0.00]=5.87;P9[13.00,16.50,0.00]=6.82;P7[2.90,24.00,0.00]=6.38;[8.06, 20.8, 0.0];[8.31,20.41,0.63];19:21:25.524;8.31;20.41;8.06;20.8;8.30;20.40;0.24;-0.4;-0.01;-0.01;0.47;0.01
P6[6.70,18.03,0.00]=2.90;P5[13.00,24.00,0.00]=5.85;P9[13.00,16.50,0.00]=6.86;P7[2.90,24.00,0.00]=6.39;[8.07, 20.85, 0.0];[8.30,20.42,0.66];19:21:25.625;8.30;20.42;8.07;20.85;8.30;20.40;0.23;-0.45;0.0;-0.02;0.51;0.02
P6[6.70,18.03,0.00]=2.87;P5[13.00,24.00,0.00]=5.81;P9[13.00,16.50,0.00]=6.85;P7[2.90,24.00,0.00]=6.41;[8.1, 20.85, 0.0];[8.30,20.42,0.65];19:21:25.724;8.30;20.42;8.1;20.85;8.30;20.40;0.2;-0.45;0.0;-0.02;0.49;0.02
P6[6.70,18.03,0.00]=2.86;P5[13.00,24.00,0.00]=5.90;P9[13.00,16.50,0.00]=6.83;P7[2.90,24.00,0.00]=6.36;[8.04, 20.8, 0.0];[8.29,20.43,0.68];19:21:25.824;8.29;20.43;8.04;20.8;8.30;20.40;0.26;-0.4;0.01;-0.03;0.48;0.03
P6[6.70,18.03,0.00]=2.89;P5[13.00,24.00,0.00]=5.86;P9[13.00,16.50,0.00]=6.85;P7[2.90,24.00,0.00]=6.43;[8.09, 20.82, 0.0];[8.29,20.42,0.70];19:21:25.925;8.29;20.42;8.09;20.82;8.30;20.40;0.21;-0.42;0.01;-0.02;0.47;0.02
P6[6.70,18.03,0.00]=2.85;P5[13.00,24.00,0.00]=5.86;P9[13.00,16.50,0.00]=6.83;P7[2.90,24.00,0.00]=6.42;[8.08, 20.8, 0.0];[8.29,20.42,0.70];19:21:26.024;8.29;20.42;8.08;20.8;8.30;20.40;0.22;-0.4;0.01;-0.02;0.46;0.02
P6[6.70,18.03,0.00]=2.87;P5[13.00,24.00,0.00]=5.87;P9[13.00,16.50,0.00]=6.81;P7[2.90,24.00,0.00]=6.44;[8.13, 20.79, -1.33];[8.30,20.42,0.72];19:21:26.124;8.30;20.42;8.13;20.79;8.30;20.40;0.17;-0.39;0.0;-0.02;0.43;0.02
P6[6.70,18.03,0.00]=2.88;P5[13.00,24.00,0.00]=5.87;P9[13.00,16.50,0.00]=6.83;P7[2.90,24.00,0.00]=6.41;[8.08, 20.81, 0.0];[8.29,20.42,0.74];19:21:26.225;8.29;20.42;8.08;20.81;8.30;20.40;0.22;-0.41;0.01;-0.02;0.47;0.02
P6[6.70,18.03,0.00]=2.89;P5[13.00,24.00,0.00]=5.87;P9[13.00,16.50,0.00]=6.89;P7[2.90,24.00,0.00]=6.44;[8.07, 20.83, 0.0];[8.29,20.41,0.76];19:21:26.325;8.29;20.41;8.07;20.83;8.30;20.40;0.23;-0.43;0.01;-0.01;0.49;0.01
P6[6.70,18.03,0.00]=2.88;P5[13.00,24.00,0.00]=5.85;P9[13.00,16.50,0.00]=6.82;P7[2.90,24.00,0.00]=6.45;[8.11, 20.8, 0.0];[8.30,20.41,0.76];19:21:26.424;8.30;20.41;8.11;20.8;8.30;20.40;0.19;-0.4;0.0;-0.01;0.44;0.01
P6[6.70,18.03,0.00]=2.86;P5[13.00,24.00,0.00]=5.85;P9[13.00,16.50,0.00]=6.85;P7[2.90,24.00,0.00]=6.44;[8.09, 20.82, 0.0];[8.30,20.41,0.75];19:21:26.524;8.30;20.41;8.09;20.82;8.30;20.40;0.21;-0.42;0.0;-0.01;0.47;0.01
P6[6.70,18.03,0.00]=2.85;P5[13.00,24.00,0.00]=5.83;P9[13.00,16.50,0.00]=6.83;P7[2.90,24.00,0.00]=6.41;[8.1, 20.83, 0.0];[8.31,20.41,0.72];19:21:26.625;8.31;20.41;8.1;20.83;8.30;20.40;0.2;-0.43;-0.01;-0.01;0.47;0.01
P6[6.70,18.03,0.00]=2.84;P5[13.00,24.00,0.00]=5.77;P9[13.00,16.50,0.00]=6.82;P7[2.90,24.00,0.00]=6.49;[8.19, 20.83, -1.31];[8.33,20.41,0.65];19:21:26.724;8.33;20.41;8.19;20.83;8.30;20.40;0.11;-0.43;-0.03;-0.01;0.44;0.03
P6[6.70,18.03,0.00]=2.84;P5[13.00,24.00,0.00]=5.85;P7[2.90,24.00,0.00]=6.45;null;[8.31, 20.47, 0.0];[8.32,20.40,0.65];19:21:26.821;8.32;20.40;8.31;20.47;8.30;20.40;-0.01;-0.07;-0.02;0.0;0.07;0.02
P6[6.70,18.03,0.00]=2.87;P5[13.00,24.00,0.00]=5.88;P9[13.00,16.50,0.00]=6.81;P7[2.90,24.00,0.00]=6.45;[8.09, 20.77, 0.0];[8.32,20.40,0.69];19:21:26.925;8.32;20.40;8.09;20.77;8.30;20.40;0.21;-0.37;-0.02;0.0;0.43;0.02
P6[6.70,18.03,0.00]=2.82;P5[13.00,24.00,0.00]=5.83;P9[13.00,16.50,0.00]=6.85;P7[2.90,24.00,0.00]=6.34;[8.06, 20.85, 0.0];[8.31,20.41,0.63];19:21:27.025;8.31;20.41;8.06;20.85;8.30;20.40;0.24;-0.45;-0.01;-0.01;0.51;0.01
P6[6.70,18.03,0.00]=2.80;P5[13.00,24.00,0.00]=5.85;P9[13.00,16.50,0.00]=6.97;P7[2.90,24.00,0.00]=6.45;[8.05, 20.87, 0.0];[8.31,20.40,0.61];19:21:27.125;8.31;20.40;8.05;20.87;8.30;20.40;0.25;-0.47;-0.01;0.0;0.53;0.01
P6[6.70,18.03,0.00]=2.81;P5[13.00,24.00,0.00]=5.82;P9[13.00,16.50,0.00]=6.80;P7[2.90,24.00,0.00]=6.41;[8.14, 20.81, -1.19];[8.31,20.40,0.56];19:21:27.225;8.31;20.40;8.14;20.81;8.30;20.40;0.16;-0.41;-0.01;0.0;0.44;0.01
P6[6.70,18.03,0.00]=2.81;P5[13.00,24.00,0.00]=5.83;P9[13.00,16.50,0.00]=6.87;P7[2.90,24.00,0.00]=6.39;[8.07, 20.84, 0.0];[8.31,20.41,0.53];19:21:27.325;8.31;20.41;8.07;20.84;8.30;20.40;0.23;-0.44;-0.01;-0.01;0.5;0.01
P6[6.70,18.03,0.00]=2.83;P5[13.00,24.00,0.00]=5.83;P9[13.00,16.50,0.00]=6.85;P7[2.90,24.00,0.00]=6.44;[8.1, 20.82, 0.0];[8.31,20.40,0.55];19:21:27.424;8.31;20.40;8.1;20.82;8.30;20.40;0.2;-0.42;-0.01;0.0;0.47;0.01
P6[6.70,18.03,0.00]=2.84;P5[13.00,24.00,0.00]=5.85;P9[13.00,16.50,0.00]=6.85;P7[2.90,24.00,0.00]=6.46;[8.1, 20.8, 0.0];[8.31,20.40,0.58];19:21:27.524;8.31;20.40;8.1;20.8;8.30;20.40;0.2;-0.4;-0.01;0.0;0.45;0.01
P6[6.70,18.03,0.00]=2.85;P5[13.00,24.00,0.00]=5.84;P9[13.00,16.50,0.00]=6.75;P7[2.90,24.00,0.00]=6.41;[8.12, 20.78, 0.0];[8.31,20.40,0.59];19:21:27.625;8.31;20.40;8.12;20.78;8.30;20.40;0.18;-0.38;-0.01;0.0;0.42;0.01
P6[6.70,18.03,0.00]=2.81;P5[13.00,24.00,0.00]=5.84;P9[13.00,16.50,0.00]=6.76;P7[2.90,24.00,0.00]=6.43;[8.12, 20.77, 0.0];[8.31,20.40,0.58];19:21:27.725;8.31;20.40;8.12;20.77;8.30;20.40;0.18;-0.37;-0.01;0.0;0.41;0.01
P6[6.70,18.03,0.00]=2.83;P5[13.00,24.00,0.00]=5.87;P9[13.00,16.50,0.00]=6.86;P7[2.90,24.00,0.00]=6.40;[8.06, 20.81, 0.0];[8.30,20.40,0.60];19:21:27.824;8.30;20.40;8.06;20.81;8.30;20.40;0.24;-0.41;0.0;0.0;0.48;0.0
P6[6.70,18.03,0.00]=2.83;P5[13.00,24.00,0.00]=5.86;P9[13.00,16.50,0.00]=6.88;P7[2.90,24.00,0.00]=6.46;[8.08, 20.81, 0.0];[8.31,20.39,0.62];19:21:27.925;8.31;20.39;8.08;20.81;8.30;20.40;0.22;-0.41;-0.01;0.01;0.47;0.01
P6[6.70,18.03,0.00]=2.83;P5[13.00,24.00,0.00]=5.84;P9[13.00,16.50,0.00]=6.79;P7[2.90,24.00,0.00]=6.41;[8.1, 20.79, 0.0];[8.31,20.40,0.61];19:21:28.025;8.31;20.40;8.1;20.79;8.30;20.40;0.2;-0.39;-0.01;0.0;0.44;0.01
P6[6.70,18.03,0.00]=2.80;P5[13.00,24.00,0.00]=5.85;P9[13.00,16.50,0.00]=6.79;P7[2.90,24.00,0.00]=6.46;[8.11, 20.76, 0.0];[8.31,20.39,0.60];19:21:28.125;8.31;20.39;8.11;20.76;8.30;20.40;0.19;-0.36;-0.01;0.01;0.41;0.01
P6[6.70,18.03,0.00]=2.82;P5[13.00,24.00,0.00]=5.84;P9[13.00,16.50,0.00]=6.90;P7[2.90,24.00,0.00]=6.45;[8.08, 20.84, 0.0];[8.32,20.39,0.59];19:21:28.225;8.32;20.39;8.08;20.84;8.30;20.40;0.22;-0.44;-0.02;0.01;0.49;0.02
P6[6.70,18.03,0.00]=2.81;P5[13.00,24.00,0.00]=5.84;P9[13.00,16.50,0.00]=6.90;P7[2.90,24.00,0.00]=6.42;[8.07, 20.84, 0.0];[8.31,20.39,0.57];19:21:28.325;8.31;20.39;8.07;20.84;8.30;20.40;0.23;-0.44;-0.01;0.01;0.5;0.01
P6[6.70,18.03,0.00]=2.79;P5[13.00,24.00,0.00]=5.82;P9[13.00,16.50,0.00]=6.83;P7[2.90,24.00,0.00]=6.42;[8.1, 20.82, 0.0];[8.32,20.39,0.52];19:21:28.425;8.32;20.39;8.1;20.82;8.30;20.40;0.2;-0.42;-0.02;0.01;0.47;0.02
P6[6.70,18.03,0.00]=2.82;P5[13.00,24.00,0.00]=5.84;P9[13.00,16.50,0.00]=6.80;P7[2.90,24.00,0.00]=6.44;[8.11, 20.79, 0.0];[8.32,20.39,0.54];19:21:28.524;8.32;20.39;8.11;20.79;8.30;20.40;0.19;-0.39;-0.02;0.01;0.43;0.02
P6[6.70,18.03,0.00]=2.81;P5[13.00,24.00,0.00]=5.83;P9[13.00,16.50,0.00]=6.81;P7[2.90,24.00,0.00]=6.46;[8.12, 20.79, 0.0];[8.32,20.38,0.54];19:21:28.625;8.32;20.38;8.12;20.79;8.30;20.40;0.18;-0.39;-0.02;0.02;0.43;0.03
P6[6.70,18.03,0.00]=2.80;P5[13.00,24.00,0.00]=5.84;P9[13.00,16.50,0.00]=6.81;P7[2.90,24.00,0.00]=6.44;[8.1, 20.79, 0.0];[8.32,20.38,0.53];19:21:28.725;8.32;20.38;8.1;20.79;8.30;20.40;0.2;-0.39;-0.02;0.02;0.44;0.03
P6[6.70,18.03,0.00]=2.84;P5[13.00,24.00,0.00]=5.85;P9[13.00,16.50,0.00]=6.85;P7[2.90,24.00,0.00]=6.39;[8.07, 20.83, 0.0];[8.31,20.39,0.55];19:21:28.824;8.31;20.39;8.07;20.83;8.30;20.40;0.23;-0.43;-0.01;0.01;0.49;0.01
P6[6.70,18.03,0.00]=2.80;P5[13.00,24.00,0.00]=5.84;P9[13.00,16.50,0.00]=6.97;P7[2.90,24.00,0.00]=6.53;[8.09, 20.85, 0.0];[8.33,20.37,0.56];19:21:28.926;8.33;20.37;8.09;20.85;8.30;20.40;0.21;-0.45;-0.03;0.03;0.5;0.04
P6[6.70,18.03,0.00]=2.82;P5[13.00,24.00,0.00]=5.88;P9[13.00,16.50,0.00]=6.85;P7[2.90,24.00,0.00]=6.42;[8.06, 20.79, 0.0];[8.32,20.37,0.59];19:21:29.025;8.32;20.37;8.06;20.79;8.30;20.40;0.24;-0.39;-0.02;0.03;0.46;0.04
P6[6.70,18.03,0.00]=2.80;P5[13.00,24.00,0.00]=5.86;P9[13.00,16.50,0.00]=6.88;P7[2.90,24.00,0.00]=6.42;[8.06, 20.82, 0.0];[8.31,20.38,0.58];19:21:29.125;8.31;20.38;8.06;20.82;8.30;20.40;0.24;-0.42;-0.01;0.02;0.48;0.02
P6[6.70,18.03,0.00]=2.83;P5[13.00,24.00,0.00]=5.86;P9[13.00,16.50,0.00]=6.85;P7[2.90,24.00,0.00]=6.38;[8.09, 20.82, -1.25];[8.30,20.39,0.58];19:21:29.224;8.30;20.39;8.09;20.82;8.30;20.40;0.21;-0.42;0.0;0.01;0.47;0.01
P6[6.70,18.03,0.00]=2.84;P5[13.00,24.00,0.00]=5.84;P9[13.00,16.50,0.00]=6.92;P7[2.90,24.00,0.00]=6.28;[8.04, 20.9, -1.15];[8.28,20.42,0.55];19:21:29.325;8.28;20.42;8.04;20.9;8.30;20.40;0.26;-0.5;0.02;-0.02;0.56;0.03
P6[6.70,18.03,0.00]=2.85;P5[13.00,24.00,0.00]=5.87;P9[13.00,16.50,0.00]=6.91;P7[2.90,24.00,0.00]=6.49;[8.08, 20.82, 0.0];[8.30,20.40,0.60];19:21:29.425;8.30;20.40;8.08;20.82;8.30;20.40;0.22;-0.42;0.0;0.0;0.47;0.0
P6[6.70,18.03,0.00]=2.84;P5[13.00,24.00,0.00]=5.88;P9[13.00,16.50,0.00]=6.80;P7[2.90,24.00,0.00]=6.38;[8.07, 20.78, 0.0];[8.29,20.41,0.62];19:21:29.524;8.29;20.41;8.07;20.78;8.30;20.40;0.23;-0.38;0.01;-0.01;0.44;0.01
P6[6.70,18.03,0.00]=2.81;P5[13.00,24.00,0.00]=5.86;P9[13.00,16.50,0.00]=6.81;P7[2.90,24.00,0.00]=6.38;[8.07, 20.8, 0.0];[8.28,20.41,0.60];19:21:29.625;8.28;20.41;8.07;20.8;8.30;20.40;0.23;-0.4;0.02;-0.01;0.46;0.02
P6[6.70,18.03,0.00]=2.81;P5[13.00,24.00,0.00]=5.86;P9[13.00,16.50,0.00]=6.86;P7[2.90,24.00,0.00]=6.37;[8.05, 20.83, 0.0];[8.28,20.41,0.58];19:21:29.725;8.28;20.41;8.05;20.83;8.30;20.40;0.25;-0.43;0.02;-0.01;0.5;0.02
P6[6.70,18.03,0.00]=2.77;P5[13.00,24.00,0.00]=5.83;P9[13.00,16.50,0.00]=6.73;P7[2.90,24.00,0.00]=6.39;[8.11, 20.76, 0.0];[8.28,20.41,0.49];19:21:29.825;8.28;20.41;8.11;20.76;8.30;20.40;0.19;-0.36;0.02;-0.01;0.41;0.02
P6[6.70,18.03,0.00]=2.82;P5[13.00,24.00,0.00]=5.91;P9[13.00,16.50,0.00]=6.81;P7[2.90,24.00,0.00]=6.39;[8.05, 20.76, 0.0];[8.27,20.40,0.55];19:21:29.925;8.27;20.40;8.05;20.76;8.30;20.40;0.25;-0.36;0.03;0.0;0.44;0.03
P6[6.70,18.03,0.00]=2.81;P5[13.00,24.00,0.00]=5.86;P9[13.00,16.50,0.00]=6.84;P7[2.90,24.00,0.00]=6.40;[8.07, 20.81, 0.0];[8.28,20.40,0.55];19:21:30.025;8.28;20.40;8.07;20.81;8.30;20.40;0.23;-0.41;0.02;0.0;0.47;0.02
P6[6.70,18.03,0.00]=2.81;P5[13.00,24.00,0.00]=5.86;P9[13.00,16.50,0.00]=6.76;P7[2.90,24.00,0.00]=6.45;[8.11, 20.75, 0.0];[8.28,20.39,0.56];19:21:30.125;8.28;20.39;8.11;20.75;8.30;20.40;0.19;-0.35;0.02;0.01;0.4;0.02
P6[6.70,18.03,0.00]=2.84;P5[13.00,24.00,0.00]=5.91;P9[13.00,16.50,0.00]=6.76;P7[2.90,24.00,0.00]=6.43;[8.08, 20.73, 0.0];[8.28,20.39,0.63];19:21:30.224;8.28;20.39;8.08;20.73;8.30;20.40;0.22;-0.33;0.02;0.01;0.4;0.02
P6[6.70,18.03,0.00]=2.82;P5[13.00,24.00,0.00]=5.90;P9[13.00,16.50,0.00]=7.33;P7[2.90,24.00,0.00]=6.43;[7.97, 21.04, -1.78];[8.28,20.39,0.65];19:21:30.326;8.28;20.39;7.97;21.04;8.30;20.40;0.33;-0.64;0.02;0.01;0.72;0.02
P6[6.70,18.03,0.00]=2.81;P5[13.00,24.00,0.00]=5.91;P9[13.00,16.50,0.00]=6.85;P7[2.90,24.00,0.00]=6.45;[8.06, 20.76, 0.0];[8.28,20.38,0.68];19:21:30.425;8.28;20.38;8.06;20.76;8.30;20.40;0.24;-0.36;0.02;0.02;0.43;0.03
P6[6.70,18.03,0.00]=2.83;P5[13.00,24.00,0.00]=5.87;P9[13.00,16.50,0.00]=6.82;P7[2.90,24.00,0.00]=6.44;[8.12, 20.78, -1.32];[8.29,20.38,0.68];19:21:30.525;8.29;20.38;8.12;20.78;8.30;20.40;0.18;-0.38;0.01;0.02;0.42;0.02
P6[6.70,18.03,0.00]=2.81;P5[13.00,24.00,0.00]=5.88;P9[13.00,16.50,0.00]=6.85;P7[2.90,24.00,0.00]=6.35;[8.04, 20.81, 0.0];[8.28,20.39,0.65];19:21:30.625;8.28;20.39;8.04;20.81;8.30;20.40;0.26;-0.41;0.02;0.01;0.49;0.02
P6[6.70,18.03,0.00]=2.85;P5[13.00,24.00,0.00]=5.88;P9[13.00,16.50,0.00]=9.89;P7[2.90,24.00,0.00]=6.43;[7.02, 23.21, 0.0];[8.28,20.39,0.68];19:21:30.729;8.28;20.39;7.02;23.21;8.30;20.40;1.28;-2.81;0.02;0.01;3.09;0.02
P6[6.70,18.03,0.00]=2.82;P5[13.00,24.00,0.00]=5.90;P9[13.00,16.50,0.00]=8.56;P7[2.90,24.00,0.00]=6.45;[7.61, 21.76, -2.5];[8.28,20.38,0.69];19:21:30.826;8.28;20.38;7.61;21.76;8.30;20.40;0.69;-1.36;0.02;0.02;1.53;0.03
P6[6.70,18.03,0.00]=2.81;P5[13.00,24.00,0.00]=5.90;P9[13.00,16.50,0.00]=7.23;P7[2.90,24.00,0.00]=6.34;[7.9, 21.02, 0.0];[8.27,20.39,0.68];19:21:30.925;8.27;20.39;7.9;21.02;8.30;20.40;0.4;-0.62;0.03;0.01;0.74;0.03
P6[6.70,18.03,0.00]=2.79;P5[13.00,24.00,0.00]=5.88;P9[13.00,16.50,0.00]=7.28;P7[2.90,24.00,0.00]=6.35;[7.95, 21.04, -1.62];[8.26,20.40,0.64];19:21:31.026;8.26;20.40;7.95;21.04;8.30;20.40;0.35;-0.64;0.04;0.0;0.73;0.04
P6[6.70,18.03,0.00]=2.77;P5[13.00,24.00,0.00]=5.88;P9[13.00,16.50,0.00]=10.05;P7[2.90,24.00,0.00]=6.35;[6.92, 23.3, 0.0];[8.25,20.40,0.59];19:21:31.129;8.25;20.40;6.92;23.3;8.30;20.40;1.38;-2.9;0.05;0.0;3.21;0.05
P6[6.70,18.03,0.00]=2.78;P5[13.00,24.00,0.00]=5.88;P9[13.00,16.50,0.00]=6.82;P7[2.90,24.00,0.00]=6.42;[8.07, 20.77, 0.0];[8.26,20.39,0.58];19:21:31.225;8.26;20.39;8.07;20.77;8.30;20.40;0.23;-0.37;0.04;0.01;0.44;0.04
P6[6.70,18.03,0.00]=2.79;P5[13.00,24.00,0.00]=5.93;P9[13.00,16.50,0.00]=6.83;P7[2.90,24.00,0.00]=6.41;[8.04, 20.75, 0.0];[8.26,20.38,0.62];19:21:31.325;8.26;20.38;8.04;20.75;8.30;20.40;0.26;-0.35;0.04;0.02;0.44;0.04
P6[6.70,18.03,0.00]=2.77;P5[13.00,24.00,0.00]=5.91;P9[13.00,16.50,0.00]=7.27;P7[2.90,24.00,0.00]=6.47;[7.99, 20.97, -1.77];[8.27,20.37,0.63];19:21:31.426;8.27;20.37;7.99;20.97;8.30;20.40;0.31;-0.57;0.03;0.03;0.65;0.04
P6[6.70,18.03,0.00]=2.79;P5[13.00,24.00,0.00]=5.90;P9[13.00,16.50,0.00]=7.32;P7[2.90,24.00,0.00]=6.42;[7.89, 21.05, 0.0];[8.27,20.37,0.63];19:21:31.526;8.27;20.37;7.89;21.05;8.30;20.40;0.41;-0.65;0.03;0.03;0.77;0.04
P6[6.70,18.03,0.00]=2.80;P5[13.00,24.00,0.00]=5.93;P9[13.00,16.50,0.00]=7.32;P7[2.90,24.00,0.00]=6.44;[7.88, 21.03, 0.0];[8.27,20.36,0.67];19:21:31.626;8.27;20.36;7.88;21.03;8.30;20.40;0.42;-0.63;0.03;0.04;0.76;0.05
P6[6.70,18.03,0.00]=2.80;P5[13.00,24.00,0.00]=5.92;P9[13.00,16.50,0.00]=6.87;P7[2.90,24.00,0.00]=6.41;[8.03, 20.78, 0.0];[8.27,20.36,0.68];19:21:31.725;8.27;20.36;8.03;20.78;8.30;20.40;0.27;-0.38;0.03;0.04;0.47;0.05
P5[13.00,24.00,0.00]=5.91;P9[13.00,16.50,0.00]=6.91;P7[2.90,24.00,0.00]=6.32;null;[8.03, 20.93, 0.0];[8.25,20.55,0.04];19:21:31.822;8.25;20.55;8.03;20.93;8.30;20.40;0.27;-0.53;0.05;-0.15;0.59;0.16
P6[6.70,18.03,0.00]=2.82;P5[13.00,24.00,0.00]=5.91;P9[13.00,16.50,0.00]=6.99;P7[2.90,24.00,0.00]=6.45;[8.01, 20.84, 0.0];[8.26,20.50,0.22];19:21:31.926;8.26;20.50;8.01;20.84;8.30;20.40;0.29;-0.44;0.04;-0.1;0.53;0.11
P6[6.70,18.03,0.00]=2.79;P5[13.00,24.00,0.00]=5.88;P9[13.00,16.50,0.00]=7.00;P7[2.90,24.00,0.00]=6.34;[7.98, 20.89, 0.0];[8.25,20.48,0.30];19:21:32.025;8.25;20.48;7.98;20.89;8.30;20.40;0.32;-0.49;0.05;-0.08;0.59;0.09
P6[6.70,18.03,0.00]=2.77;P5[13.00,24.00,0.00]=5.90;P9[13.00,16.50,0.00]=6.92;P7[2.90,24.00,0.00]=6.39;[8.01, 20.82, 0.0];[8.25,20.45,0.36];19:21:32.125;8.25;20.45;8.01;20.82;8.30;20.40;0.29;-0.42;0.05;-0.05;0.51;0.07
P6[6.70,18.03,0.00]=2.78;P5[13.00,24.00,0.00]=5.91;P9[13.00,16.50,0.00]=6.91;P7[2.90,24.00,0.00]=6.41;[8.02, 20.8, 0.0];[8.25,20.43,0.43];19:21:32.225;8.25;20.43;8.02;20.8;8.30;20.40;0.28;-0.4;0.05;-0.03;0.49;0.06
P6[6.70,18.03,0.00]=2.74;P5[13.00,24.00,0.00]=5.93;P9[13.00,16.50,0.00]=8.59;P7[2.90,24.00,0.00]=6.38;[7.55, 21.76, -2.44];[8.25,20.41,0.46];19:21:32.327;8.25;20.41;7.55;21.76;8.30;20.40;0.75;-1.36;0.05;-0.01;1.55;0.05
P6[6.70,18.03,0.00]=2.74;P5[13.00,24.00,0.00]=5.94;P9[13.00,16.50,0.00]=6.90;P7[2.90,24.00,0.00]=6.39;[7.99, 20.77, 0.0];[8.24,20.39,0.48];19:21:32.425;8.24;20.39;7.99;20.77;8.30;20.40;0.31;-0.37;0.06;0.01;0.48;0.06
P6[6.70,18.03,0.00]=2.76;P5[13.00,24.00,0.00]=5.88;P9[13.00,16.50,0.00]=7.24;P7[2.90,24.00,0.00]=6.31;[7.89, 21.04, 0.0];[8.24,20.40,0.45];19:21:32.526;8.24;20.40;7.89;21.04;8.30;20.40;0.41;-0.64;0.06;0.0;0.76;0.06
P6[6.70,18.03,0.00]=2.75;P5[13.00,24.00,0.00]=5.91;P9[13.00,16.50,0.00]=7.28;P7[2.90,24.00,0.00]=6.31;[7.86, 21.04, 0.0];[8.23,20.41,0.45];19:21:32.627;8.23;20.41;7.86;21.04;8.30;20.40;0.44;-0.64;0.07;-0.01;0.78;0.07
P6[6.70,18.03,0.00]=2.74;P5[13.00,24.00,0.00]=5.89;P9[13.00,16.50,0.00]=7.27;P7[2.90,24.00,0.00]=6.36;[7.89, 21.03, 0.0];[8.23,20.40,0.43];19:21:32.726;8.23;20.40;7.89;21.03;8.30;20.40;0.41;-0.63;0.07;0.0;0.75;0.07
P6[6.70,18.03,0.00]=2.75;P5[13.00,24.00,0.00]=5.91;P9[13.00,16.50,0.00]=7.61;P7[2.90,24.00,0.00]=6.33;[7.75, 21.25, 0.0];[8.22,20.40,0.44];19:21:32.826;8.22;20.40;7.75;21.25;8.30;20.40;0.55;-0.85;0.08;0.0;1.01;0.08
P6[6.70,18.03,0.00]=2.74;P5[13.00,24.00,0.00]=5.91;P9[13.00,16.50,0.00]=7.37;P7[2.90,24.00,0.00]=6.42;[7.94, 21.04, -1.78];[8.23,20.39,0.46];19:21:32.927;8.23;20.39;7.94;21.04;8.30;20.40;0.36;-0.64;0.07;0.01;0.73;0.07
P6[6.70,18.03,0.00]=2.74;P5[13.00,24.00,0.00]=5.92;P9[13.00,16.50,0.00]=8.09;P7[2.90,24.00,0.00]=6.34;[7.57, 21.6, 0.0];[8.23,20.39,0.47];19:21:33.026;8.23;20.39;7.57;21.6;8.30;20.40;0.73;-1.2;0.07;0.01;1.4;0.07
P6[6.70,18.03,0.00]=2.75;P5[13.00,24.00,0.00]=5.91;P9[13.00,16.50,0.00]=8.03;P7[2.90,24.00,0.00]=6.45;[7.76, 21.41, 2.24];[8.24,20.37,0.49];19:21:33.126;8.24;20.37;7.76;21.41;8.30;20.40;0.54;-1.01;0.06;0.03;1.15;0.07
P6[6.70,18.03,0.00]=2.75;P5[13.00,24.00,0.00]=5.90;P9[13.00,16.50,0.00]=8.35;P7[2.90,24.00,0.00]=6.44;[7.53, 21.81, 0.0];[8.25,20.36,0.51];19:21:33.227;8.25;20.36;7.53;21.81;8.30;20.40;0.77;-1.41;0.05;0.04;1.61;0.06
P6[6.70,18.03,0.00]=2.80;P5[13.00,24.00,0.00]=5.91;P9[13.00,16.50,0.00]=6.92;P7[2.90,24.00,0.00]=6.38;[8.01, 20.82, 0.0];[8.25,20.37,0.55];19:21:33.326;8.25;20.37;8.01;20.82;8.30;20.40;0.29;-0.42;0.05;0.03;0.51;0.06
P6[6.70,18.03,0.00]=2.76;P5[13.00,24.00,0.00]=5.87;P9[13.00,16.50,0.00]=7.37;P7[2.90,24.00,0.00]=6.39;[7.95, 21.07, -1.72];[8.25,20.37,0.52];19:21:33.426;8.25;20.37;7.95;21.07;8.30;20.40;0.35;-0.67;0.05;0.03;0.76;0.06
P6[6.70,18.03,0.00]=2.81;P5[13.00,24.00,0.00]=5.91;P9[13.00,16.50,0.00]=7.25;P7[2.90,24.00,0.00]=6.41;[7.91, 21.01, 0.0];[8.26,20.37,0.57];19:21:33.526;8.26;20.37;7.91;21.01;8.30;20.40;0.39;-0.61;0.04;0.03;0.72;0.05
P6[6.70,18.03,0.00]=2.82;P5[13.00,24.00,0.00]=5.88;P9[13.00,16.50,0.00]=7.20;P7[2.90,24.00,0.00]=6.40;[7.94, 21.0, 0.0];[8.26,20.38,0.59];19:21:33.626;8.26;20.38;7.94;21.0;8.30;20.40;0.36;-0.6;0.04;0.02;0.7;0.04
P9[13.00,16.50,0.00]=8.83;P6[6.70,18.03,0.00]=2.78;P5[13.00,24.00,0.00]=5.88;P7[2.90,24.00,0.00]=6.33;[7.34, 22.26, 0.0];[8.25,20.39,0.56];19:21:33.826;8.25;20.39;7.34;22.26;8.30;20.40;0.96;-1.86;0.05;0.01;2.09;0.05
P6[6.70,18.03,0.00]=2.81;P5[13.00,24.00,0.00]=5.92;P9[13.00,16.50,0.00]=8.41;P7[2.90,24.00,0.00]=6.46;[7.65, 21.65, -2.45];[8.26,20.37,0.61];19:21:33.927;8.26;20.37;7.65;21.65;8.30;20.40;0.65;-1.25;0.04;0.03;1.41;0.05
P6[6.70,18.03,0.00]=2.82;P5[13.00,24.00,0.00]=5.89;P9[13.00,16.50,0.00]=6.85;P7[2.90,24.00,0.00]=6.33;[8.06, 20.82, -1.19];[8.25,20.39,0.61];19:21:34.026;8.25;20.39;8.06;20.82;8.30;20.40;0.24;-0.42;0.05;0.01;0.48;0.05
P6[6.70,18.03,0.00]=2.82;P5[13.00,24.00,0.00]=5.89;P9[13.00,16.50,0.00]=7.48;P7[2.90,24.00,0.00]=6.39;[7.83, 21.18, 0.0];[8.25,20.39,0.63];19:21:34.127;8.25;20.39;7.83;21.18;8.30;20.40;0.47;-0.78;0.05;0.01;0.91;0.05
P6[6.70,18.03,0.00]=2.80;P5[13.00,24.00,0.00]=5.91;P9[13.00,16.50,0.00]=6.96;P7[2.90,24.00,0.00]=6.42;[8.01, 20.83, 0.0];[8.26,20.39,0.64];19:21:34.225;8.26;20.39;8.01;20.83;8.30;20.40;0.29;-0.43;0.04;0.01;0.52;0.04
P6[6.70,18.03,0.00]=2.78;P5[13.00,24.00,0.00]=5.91;P9[13.00,16.50,0.00]=7.00;P7[2.90,24.00,0.00]=6.42;[7.99, 20.85, 0.0];[8.26,20.38,0.65];19:21:34.326;8.26;20.38;7.99;20.85;8.30;20.40;0.31;-0.45;0.04;0.02;0.55;0.04
P6[6.70,18.03,0.00]=2.73;P5[13.00,24.00,0.00]=5.87;P9[13.00,16.50,0.00]=7.01;P7[2.90,24.00,0.00]=6.41;[8.05, 20.87, -1.42];[8.27,20.37,0.57];19:21:34.426;8.27;20.37;8.05;20.87;8.30;20.40;0.25;-0.47;0.03;0.03;0.53;0.04
P6[6.70,18.03,0.00]=2.77;P5[13.00,24.00,0.00]=5.93;P9[13.00,16.50,0.00]=7.01;P7[2.90,24.00,0.00]=6.32;[7.99, 20.87, -1.36];[8.25,20.38,0.57];19:21:34.526;8.25;20.38;7.99;20.87;8.30;20.40;0.31;-0.47;0.05;0.02;0.56;0.05
P6[6.70,18.03,0.00]=2.76;P5[13.00,24.00,0.00]=5.91;P9[13.00,16.50,0.00]=7.05;P7[2.90,24.00,0.00]=6.39;[7.96, 20.88, 0.0];[8.25,20.38,0.57];19:21:34.626;8.25;20.38;7.96;20.88;8.30;20.40;0.34;-0.48;0.05;0.02;0.59;0.05
P6[6.70,18.03,0.00]=2.77;P5[13.00,24.00,0.00]=5.89;P9[13.00,16.50,0.00]=7.20;P7[2.90,24.00,0.00]=6.37;[7.92, 20.99, 0.0];[8.25,20.38,0.56];19:21:34.727;8.25;20.38;7.92;20.99;8.30;20.40;0.38;-0.59;0.05;0.02;0.7;0.05
P6[6.70,18.03,0.00]=2.76;P5[13.00,24.00,0.00]=5.92;P9[13.00,16.50,0.00]=7.06;P7[2.90,24.00,0.00]=6.36;[7.94, 20.89, 0.0];[8.24,20.38,0.56];19:21:34.826;8.24;20.38;7.94;20.89;8.30;20.40;0.36;-0.49;0.06;0.02;0.61;0.06
P6[6.70,18.03,0.00]=2.75;P5[13.00,24.00,0.00]=5.91;P9[13.00,16.50,0.00]=7.01;P7[2.90,24.00,0.00]=6.44;[7.99, 20.84, 0.0];[8.25,20.37,0.57];19:21:34.926;8.25;20.37;7.99;20.84;8.30;20.40;0.31;-0.44;0.05;0.03;0.54;0.06
P6[6.70,18.03,0.00]=2.74;P5[13.00,24.00,0.00]=5.88;P9[13.00,16.50,0.00]=7.08;P7[2.90,24.00,0.00]=6.36;[8.01, 20.92, -1.43];[8.25,20.37,0.51];19:21:35.026;8.25;20.37;8.01;20.92;8.30;20.40;0.29;-0.52;0.05;0.03;0.6;0.06
P6[6.70,18.03,0.00]=2.76;P5[13.00,24.00,0.00]=5.87;P9[13.00,16.50,0.00]=7.00;P7[2.90,24.00,0.00]=6.43;[8.06, 20.86, -1.45];[8.26,20.37,0.49];19:21:35.126;8.26;20.37;8.06;20.86;8.30;20.40;0.24;-0.46;0.04;0.03;0.52;0.05
P6[6.70,18.03,0.00]=2.80;P5[13.00,24.00,0.00]=5.87;P9[13.00,16.50,0.00]=6.95;P7[2.90,24.00,0.00]=6.40;[8.03, 20.86, 0.0];[8.27,20.37,0.51];19:21:35.225;8.27;20.37;8.03;20.86;8.30;20.40;0.27;-0.46;0.03;0.03;0.53;0.04
P6[6.70,18.03,0.00]=2.79;P5[13.00,24.00,0.00]=5.85;P9[13.00,16.50,0.00]=6.98;P7[2.90,24.00,0.00]=6.39;[8.02, 20.89, 0.0];[8.27,20.38,0.49];19:21:35.326;8.27;20.38;8.02;20.89;8.30;20.40;0.28;-0.49;0.03;0.02;0.56;0.04
P6[6.70,18.03,0.00]=2.79;P5[13.00,24.00,0.00]=5.86;P9[13.00,16.50,0.00]=6.95;P7[2.90,24.00,0.00]=6.43;[8.09, 20.85, -1.41];[8.28,20.38,0.50];19:21:35.426;8.28;20.38;8.09;20.85;8.30;20.40;0.21;-0.45;0.02;0.02;0.5;0.03
P6[6.70,18.03,0.00]=2.80;P5[13.00,24.00,0.00]=5.87;P9[13.00,16.50,0.00]=7.46;P7[2.90,24.00,0.00]=6.42;[7.86, 21.17, 0.0];[8.28,20.38,0.53];19:21:35.527;8.28;20.38;7.86;21.17;8.30;20.40;0.44;-0.77;0.02;0.02;0.89;0.03
P6[6.70,18.03,0.00]=2.80;P5[13.00,24.00,0.00]=5.89;P9[13.00,16.50,0.00]=7.53;P7[2.90,24.00,0.00]=6.32;[7.87, 21.18, -1.78];[8.26,20.39,0.53];19:21:35.627;8.26;20.39;7.87;21.18;8.30;20.40;0.43;-0.78;0.04;0.01;0.89;0.04
P6[6.70,18.03,0.00]=2.79;P5[13.00,24.00,0.00]=5.87;P9[13.00,16.50,0.00]=6.94;P7[2.90,24.00,0.00]=6.39;[8.03, 20.85, 0.0];[8.27,20.39,0.53];19:21:35.726;8.27;20.39;8.03;20.85;8.30;20.40;0.27;-0.45;0.03;0.01;0.52;0.03
P6[6.70,18.03,0.00]=2.78;P5[13.00,24.00,0.00]=5.88;P9[13.00,16.50,0.00]=6.76;P7[2.90,24.00,0.00]=6.40;[8.08, 20.74, 0.0];[8.27,20.39,0.53];19:21:35.826;8.27;20.39;8.08;20.74;8.30;20.40;0.22;-0.34;0.03;0.01;0.4;0.03
P6[6.70,18.03,0.00]=2.81;P5[13.00,24.00,0.00]=5.90;P9[13.00,16.50,0.00]=6.99;P7[2.90,24.00,0.00]=6.41;[8.0, 20.86, 0.0];[8.27,20.39,0.57];19:21:35.925;8.27;20.39;8.0;20.86;8.30;20.40;0.3;-0.46;0.03;0.01;0.55;0.03
P6[6.70,18.03,0.00]=2.82;P5[13.00,24.00,0.00]=5.90;P9[13.00,16.50,0.00]=6.91;P7[2.90,24.00,0.00]=6.44;[8.09, 20.81, -1.43];[8.27,20.38,0.61];19:21:36.026;8.27;20.38;8.09;20.81;8.30;20.40;0.21;-0.41;0.03;0.02;0.46;0.04
P6[6.70,18.03,0.00]=2.82;P5[13.00,24.00,0.00]=5.91;P9[13.00,16.50,0.00]=6.88;P7[2.90,24.00,0.00]=6.39;[8.03, 20.8, 0.0];[8.27,20.38,0.64];19:21:36.126;8.27;20.38;8.03;20.8;8.30;20.40;0.27;-0.4;0.03;0.02;0.48;0.04
P6[6.70,18.03,0.00]=2.83;P5[13.00,24.00,0.00]=5.92;P9[13.00,16.50,0.00]=6.83;P7[2.90,24.00,0.00]=6.38;[8.03, 20.77, 0.0];[8.26,20.39,0.67];19:21:36.225;8.26;20.39;8.03;20.77;8.30;20.40;0.27;-0.37;0.04;0.01;0.46;0.04
P6[6.70,18.03,0.00]=2.77;P5[13.00,24.00,0.00]=5.90;P9[13.00,16.50,0.00]=6.90;P7[2.90,24.00,0.00]=6.43;[8.03, 20.79, 0.0];[8.26,20.38,0.66];19:21:36.326;8.26;20.38;8.03;20.79;8.30;20.40;0.27;-0.39;0.04;0.02;0.47;0.04
P6[6.70,18.03,0.00]=2.83;P5[13.00,24.00,0.00]=5.88;P9[13.00,16.50,0.00]=6.98;P7[2.90,24.00,0.00]=6.41;[8.02, 20.87, 0.0];[8.27,20.38,0.67];19:21:36.426;8.27;20.38;8.02;20.87;8.30;20.40;0.28;-0.47;0.03;0.02;0.55;0.04
P6[6.70,18.03,0.00]=2.80;P5[13.00,24.00,0.00]=5.88;P9[13.00,16.50,0.00]=6.96;P7[2.90,24.00,0.00]=6.36;[8.04, 20.87, -1.34];[8.26,20.39,0.64];19:21:36.526;8.26;20.39;8.04;20.87;8.30;20.40;0.26;-0.47;0.04;0.01;0.54;0.04
P6[6.70,18.03,0.00]=2.80;P5[13.00,24.00,0.00]=5.86;P9[13.00,16.50,0.00]=6.84;P7[2.90,24.00,0.00]=6.42;[8.08, 20.8, 0.0];[8.27,20.39,0.62];19:21:36.625;8.27;20.39;8.08;20.8;8.30;20.40;0.22;-0.4;0.03;0.01;0.46;0.03
P6[6.70,18.03,0.00]=2.82;P5[13.00,24.00,0.00]=5.89;P9[13.00,16.50,0.00]=6.83;P7[2.90,24.00,0.00]=6.41;[8.1, 20.78, -1.3];[8.27,20.39,0.63];19:21:36.726;8.27;20.39;8.1;20.78;8.30;20.40;0.2;-0.38;0.03;0.01;0.43;0.03
P6[6.70,18.03,0.00]=2.82;P5[13.00,24.00,0.00]=5.91;P9[13.00,16.50,0.00]=6.81;P7[2.90,24.00,0.00]=6.48;[8.08, 20.73, 0.0];[8.28,20.37,0.67];19:21:36.826;8.28;20.37;8.08;20.73;8.30;20.40;0.22;-0.33;0.02;0.03;0.4;0.04
P6[6.70,18.03,0.00]=2.69;P5[13.00,24.00,0.00]=5.83;P9[13.00,16.50,0.00]=6.74;P7[2.90,24.00,0.00]=6.41;[8.11, 20.74, 0.0];[8.29,20.35,0.70];19:21:36.926;8.29;20.35;8.11;20.74;8.30;20.40;0.19;-0.34;0.01;0.05;0.39;0.05
P6[6.70,18.03,0.00]=2.75;P5[13.00,24.00,0.00]=5.88;P9[13.00,16.50,0.00]=6.86;P7[2.90,24.00,0.00]=6.46;[8.07, 20.77, 0.0];[8.29,20.35,0.65];19:21:37.026;8.29;20.35;8.07;20.77;8.30;20.40;0.23;-0.37;0.01;0.05;0.44;0.05
P6[6.70,18.03,0.00]=2.72;P5[13.00,24.00,0.00]=5.85;P9[13.00,16.50,0.00]=6.73;P7[2.90,24.00,0.00]=6.44;[8.12, 20.72, 0.0];[8.30,20.34,0.53];19:21:37.126;8.30;20.34;8.12;20.72;8.30;20.40;0.18;-0.32;0.0;0.06;0.37;0.06
P6[6.70,18.03,0.00]=2.73;P5[13.00,24.00,0.00]=5.88;P9[13.00,16.50,0.00]=6.75;P7[2.90,24.00,0.00]=6.44;[8.09, 20.71, 0.0];[8.30,20.34,0.50];19:21:37.226;8.30;20.34;8.09;20.71;8.30;20.40;0.21;-0.31;0.0;0.06;0.37;0.06
P6[6.70,18.03,0.00]=2.76;P5[13.00,24.00,0.00]=5.91;P9[13.00,16.50,0.00]=6.79;P7[2.90,24.00,0.00]=6.42;[8.1, 20.74, -1.25];[8.29,20.34,0.53];19:21:37.325;8.29;20.34;8.1;20.74;8.30;20.40;0.2;-0.34;0.01;0.06;0.39;0.06
