TagID,Distance,Timestamp
49BA,469,"1471340057
"
49BA,474,"1572008332
"
49BA,469,"1771413993
"
49BA,387,"1870999273
"
49BA,459,"1971837891
"
49BA,462,"2072550273
"
49BA,476,"2171150905
"
49BA,397,"2270923283
"
49BA,476,"2371629315
"
49BA,460,"2471275589
"
49BA,456,"2569782256
"
49BA,478,"2671825572
"
49BA,431,"2771488199
"
49BA,431,"2871053391
"
49BA,478,"2970942347
"
49BA,478,"3071640058
"
49BA,479,"3171429878
"
49BA,479,"3270971595
"
49BA,477,"3370774157
"
49BA,477,"3471474707
"
49BA,477,"3571188140
"
49BA,478,"3670888441
"
49BA,478,"3772650612
"
49BA,454,"3871245933
"
49BA,477,"3971015078
"
49BA,477,"4070750557
"
49BA,479,"4171339441
"
49BA,479,"4370768358
"
49BA,477,"4470534661
"
49BA,477,"4571189836
"
49BA,452,"4670933629
"
49BA,452,"4770610676
"
49BA,434,"4871304589
"
49BA,478,"4971033667
"
49BA,477,"5070766309
"
49BA,478,"5170467127
"
49BA,433,"5271112583
"
49BA,428,"5370930143
"
49BA,458,"5470670704
"
49BA,477,"5570352205
"
49BA,478,"5671073486
"
49BA,453,"5770800904
"
49BA,479,"5870501591
"
49BA,477,"5970191080
"
49BA,431,"6070806006
"
49BA,429,"6170644676
"
49BA,477,"6270301764
"
49BA,455,"6470736216
"
49BA,430,"6570433910
"
49BA,428,"6670190231
"
49BA,475,"6770902407
"
49BA,477,"6870605671
"
49BA,477,"6970261475
"
49BA,479,"7071018051
"
49BA,478,"7170693197
"
49BA,455,"7270403373
"
49BA,477,"7370121680
"
49BA,477,"7470842095
"
49BA,434,"7570555708
"
49BA,478,"7670214357
"
49BA,477,"7769941470
"
49BA,480,"7870692803
"
49BA,455,"7970382636
"
49BA,477,"8070088056
"
49BA,478,"8170795511
"
49BA,478,"8270496364
"
49BA,431,"8370188421
"
49BA,481,"8469908943
"
49BA,478,"8570641415
"
49BA,478,"8670295123
"
49BA,478,"8770024607
"
49BA,476,"8869693546
"
49BA,478,"8970392412
"
49BA,430,"9070107325
"
49BA,454,"9270544817
"
49BA,476,"9370257218
"
49BA,458,"9469944916
"
49BA,477,"9569572735
"
49BA,454,"9670435150
"
49BA,455,"9770124990
"
49BA,478,"9869822945
"
49BA,449,"9969524784
"
49BA,477,"10070237293
"
49BA,477,"10169981979
"
49BA,477,"10269660401
"
49BA,478,"10370365032
"
49BA,457,"10470062413
"
49BA,456,"10569780108
"
49BA,477,"10669494110
"
49BA,456,"10770218445
"
49BA,431,"10869922543
"
49BA,457,"10969484941
"
49BA,435,"11069343120
"
49BA,479,"11170052706
"
49BA,477,"11269748030
"
49BA,479,"11369449088
"
49BA,456,"11470180625
"
49BA,476,"11569888795
"
49BA,426,"11669589948
"
49BA,480,"11769295242
"
49BA,477,"11870026976
"
49BA,477,"11969722573
"
49BA,435,"12069404885
"
49BA,428,"12169142686
"
49BA,477,"12269855835
"
49BA,478,"12369482699
"
49BA,477,"12468132716
"
49BA,477,"12569959951
"
49BA,477,"12669677790
"
49BA,477,"12769364557
"
49BA,478,"12869090259
"
49BA,477,"12969809416
"
49BA,477,"13069497853
"
49BA,457,"13169208424
"
49BA,473,"13268934120
"
49BA,479,"13369692909
"
49BA,478,"13469243123
"
49BA,452,"13569032109
"
49BA,478,"13668745054
"
49BA,455,"13769476081
"
49BA,478,"13869162389
"
49BA,479,"13968881592
"
49BA,477,"14069601020
"
49BA,477,"14169312020
"
49BA,478,"14269020228
"
49BA,479,"14368722408
"
49BA,475,"14469437521
"
49BA,477,"14569162442
"
49BA,478,"14668837587
"
49BA,452,"14769530350
"
49BA,478,"14869064498
"
49BA,478,"14968958985
"
49BA,478,"15068697240
"
49BA,432,"15169370215
"
49BA,455,"15269099343
"
49BA,478,"15368808344
"
49BA,478,"15468502910
"
49BA,477,"15569229379
"
49BA,477,"15668918064
"
49BA,479,"15767612587
"
49BA,477,"15869357605
"
49BA,475,"15969054382
"
49BA,477,"16068787920
"
49BA,475,"16168468741
"
49BA,434,"16269152880
"
49BA,478,"16368893912
"
49BA,478,"16468582836
"
49BA,455,"16568301845
"
49BA,479,"16669046703
"
49BA,455,"16768637775
"
49BA,477,"16868418771
"
49BA,432,"16969140139
"
49BA,454,"17068847175
"
49BA,477,"17168567029
"
49BA,482,"17268285968
"
49BA,485,"17468680872
"
49BA,479,"17568374280
"
49BA,474,"17668115526
"
49BA,472,"17768824947
"
49BA,470,"17868501947
"
49BA,456,"17968222319
"
49BA,474,"18068927275
"
49BA,478,"18168632607
"
49BA,477,"18268357762
"
49BA,479,"18368051671
"
49BA,427,"18468789671
"
49BA,477,"18568482996
"
49BA,479,"18668189574
"
49BA,477,"18767893195
"
49BA,477,"18868596100
"
49BA,456,"19068019779
"
49BA,476,"19168705934
"
49BA,478,"19268428503
"
49BA,456,"19368152820
"
49BA,479,"19467879892
"
49BA,477,"19568510737
"
49BA,452,"19668217092
"
49BA,479,"19767999789
"
49BA,435,"19867684601
"
49BA,477,"19968375183
"
49BA,432,"20167799175
"
49BA,455,"20268516425
"
49BA,456,"20368226229
"
49BA,453,"20467946163
"
49BA,431,"20567626966
"
49BA,476,"20668367243
"
49BA,477,"20768076017
"
49BA,477,"20867756379
"
49BA,478,"20967478293
"
49BA,479,"21068200225
"
49BA,455,"21167934206
"
49BA,478,"21267607791
"
49BA,476,"21368319919
"
49BA,478,"21468005065
"
49BA,476,"21567699738
"
49BA,479,"21667398909
"
49BA,477,"21768144300
"
49BA,434,"21867855345
"
49BA,475,"21967587528
"
49BA,477,"22067279573
"
49BA,434,"22167978700
"
49BA,476,"22367390275
"
49BA,452,"22468140467
"
49BA,475,"22567840179
"
49BA,477,"22667511980
"
49BA,446,"22768256000
"
49BA,476,"22867981152
"
49BA,476,"22967632329
"
49BA,475,"23067364546
"
49BA,478,"23167053121
"
49BA,477,"23267735136
"
49BA,455,"23367477932
"
49BA,476,"23467189858
"
49BA,458,"23566907035
"
49BA,453,"23667590011
"
49BA,479,"23767238685
"
49BA,479,"23867023121
"
49BA,477,"23967713483
"
49BA,429,"24067425475
"
49BA,477,"24167149920
"
49BA,481,"24266879595
"
49BA,477,"24367564880
"
49BA,479,"24468320763
"
49BA,477,"24567048435
"
49BA,477,"24667682837
"
49BA,476,"24767410995
"
49BA,477,"24867111887
"
49BA,454,"24966819864
"
49BA,477,"25067544784
"
49BA,453,"25167250341
"
49BA,457,"25266943563
"
49BA,455,"25366642879
"
49BA,477,"25467360901
"
49BA,475,"25567019669
"
49BA,477,"25666776883
"
49BA,477,"25767496167
"
49BA,477,"25867214806
"
49BA,477,"25966920898
"
49BA,432,"26066642424
"
49BA,477,"26168352585
"
49BA,477,"26267059823
"
49BA,477,"26366762975
"
49BA,476,"26466490122
"
49BA,478,"26567152775
"
49BA,478,"26666829981
"
49BA,455,"26766568845
"
49BA,477,"26867269030
"
49BA,477,"26966947890
"
49BA,404,"27066668495
"
49BA,478,"27165390609
"
49BA,457,"27267097050
"
49BA,477,"27366806565
"
49BA,448,"27466538284
"
49BA,476,"27566201809
"
49BA,478,"27666977738
"
49BA,435,"27766681715
"
49BA,477,"27866372880
"
49BA,456,"27967113748
"
49BA,431,"28066773072
"
49BA,457,"28166513115
"
49BA,477,"28266200347
"
49BA,458,"28366900413
"
49BA,480,"28466635449
"
49BA,478,"28566323536
"
49BA,477,"28666018667
"
49BA,458,"28766724412
"
49BA,426,"28866461023
"
49BA,477,"28966152252
"
49BA,456,"29066873559
"
49BA,478,"29166583772
"
49BA,476,"29266299054
"
49BA,457,"29365987851
"
49BA,457,"29466710500
"
49BA,454,"29566415193
"
49BA,479,"29666167711
"
49BA,477,"29765803869
"
49BA,458,"29866575984
"
49BA,479,"29966265117
"
49BA,453,"30064951911
"
49BA,477,"30165674033
"
49BA,412,"30266181833
"
49BA,478,"30366098951
"
49BA,478,"30465769731
"
49BA,453,"30566495075
"
49BA,478,"30666193330
"
49BA,453,"30765919907
"
49BA,478,"30865631812
"
49BA,478,"30966274058
"
49BA,478,"31065984284
"
49BA,477,"31165672223
"
49BA,457,"31266520329
"
49BA,478,"31366220509
"
49BA,476,"31465866647
"
49BA,455,"31565564480
"
49BA,454,"31666286386
"
49BA,479,"31766000273
"
49BA,478,"31865709556
"
49BA,478,"31965397879
"
49BA,478,"32066138871
"
49BA,476,"32165812113
"
49BA,477,"32264534872
"
49BA,477,"32365949289
"
49BA,454,"32465969442
"
49BA,478,"32565680618
"
49BA,476,"32665369997
"
49BA,412,"32766057260
"
49BA,477,"32865768623
"
49BA,456,"32967500917
"
49BA,477,"33065278759
"
49BA,478,"33165902943
"
49BA,452,"33265621694
"
49BA,478,"33365312120
"
49BA,450,"33466041767
"
49BA,430,"33565748032
"
49BA,429,"33665457225
"
49BA,479,"33765175245
"
49BA,476,"33865880470
"
49BA,478,"33965575737
"
49BA,477,"34065189191
"
49BA,478,"34164920211
"
49BA,478,"34265726047
"
49BA,456,"34365403990
"
49BA,436,"34464082648
"
49BA,479,"34565808228
"
49BA,477,"34666569451
"
49BA,477,"34765295925
"
49BA,477,"34864979674
"
49BA,477,"34965667298
"
49BA,477,"35065366620
"
49BA,478,"35165088581
"
49BA,476,"35264776276
"
49BA,477,"35365517260
"
49BA,479,"35465183059
"
49BA,479,"35564920989
"
49BA,477,"35665648281
"
49BA,449,"35765284970
"
49BA,478,"35864977677
"
49BA,479,"35964691829
"
49BA,475,"36065411048
"
49BA,477,"36165109195
"
49BA,478,"36264837484
"
49BA,454,"36364517454
"
49BA,449,"36465354736
"
49BA,451,"36565013025
"
49BA,431,"36664720810
"
49BA,477,"36765420532
"
49BA,477,"36865149922
"
49BA,449,"36964859919
"
49BA,477,"37064561668
"
49BA,478,"37264947775
"
49BA,479,"37364692478
"
49BA,477,"37464390002
"
49BA,477,"37565087452
"
49BA,478,"37664796659
"
49BA,447,"37764523682
"
49BA,478,"37864213289
"
49BA,413,"37964877610
"
49BA,478,"38064559159
"
49BA,456,"38164280423
"
49BA,477,"38265003485
"
49BA,476,"38364717767
"
49BA,478,"38464432391
"
49BA,478,"38564108118
"
49BA,476,"38664849420
"
49BA,477,"38764556812
"
49BA,456,"38864248913
"
49BA,476,"38964954020
"
49BA,477,"39065690973
"
49BA,476,"39164370825
"
49BA,454,"39264072349
"
49BA,474,"39364792513
"
49BA,478,"39464498818
"
49BA,478,"39564223795
"
49BA,480,"39663926661
"
49BA,477,"39764634094
"
49BA,477,"39864319358
"
49BA,478,"39964060117
"
49BA,456,"40064738636
"
49BA,458,"40164459526
"
49BA,457,"40264161405
"
49BA,429,"40363850731
"
49BA,456,"40464594364
"
49BA,456,"40564318291
"
49BA,457,"40664003705
"
49BA,478,"40764735412
"
49BA,457,"40864417921
"
49BA,455,"40964132085
"
49BA,477,"41063826430
"
49BA,454,"41264257915
"
49BA,476,"41363975719
"
49BA,478,"41463678384
"
49BA,479,"41564367098
"
49BA,477,"41664118482
"
49BA,480,"41763792634
"
49BA,478,"41863507718
"
49BA,479,"41964215183
"
49BA,452,"42063922356
"
49BA,478,"42163629839
"
49BA,479,"42264350432
"
49BA,478,"42363931180
"
49BA,477,"42463737938
"
49BA,453,"42563485645
"
49BA,477,"42664181804
"
49BA,454,"42763872025
"
49BA,478,"42863587654
"
49BA,476,"42963288053
"
49BA,478,"43064010138
"
49BA,477,"43163707500
"
49BA,478,"43263414786
"
49BA,434,"43364118649
"
49BA,477,"43463868136
"
49BA,477,"43563520711
"
49BA,477,"43663177121
"
49BA,455,"43763973884
"
49BA,477,"43863694348
"
49BA,456,"43963405822
"
49BA,478,"44063002112
"
49BA,478,"44163765208
"
49BA,477,"44363225083
"
49BA,478,"44463886364
"
49BA,477,"44563616547
"
49BA,477,"44663280937
"
49BA,479,"44763106973
"
49BA,480,"44863826732
"
49BA,429,"44963525367
"
49BA,475,"45063217766
"
49BA,478,"45162908146
"
49BA,457,"45363369398
"
49BA,477,"45463067454
"
49BA,475,"45562770214
"
49BA,478,"45663411300
"
49BA,477,"45763192498
"
49BA,454,"45862907237
"
49BA,456,"45963639186
"
49BA,478,"46063332811
"
49BA,479,"46163005129
"
49BA,476,"46262688424
"
49BA,456,"46363381170
"
49BA,478,"46463002706
"
49BA,477,"46562816903
"
49BA,478,"46663506092
"
49BA,477,"46763277210
"
49BA,455,"46862989887
"
49BA,478,"46962704139
"
49BA,477,"47063317552
"
49BA,477,"47163112239
"
49BA,430,"47362524347
"
49BA,477,"47463277799
"
49BA,480,"47562898719
"
49BA,477,"47662704699
"
49BA,477,"47863086751
"
49BA,454,"47962806281
"
49BA,478,"48062490037
"
49BA,475,"48163178794
"
49BA,477,"48262922560
"
49BA,476,"48362629627
"
49BA,477,"48462323093
"
49BA,477,"48563027691
"
49BA,458,"48662703568
"
49BA,478,"48761416375
"
49BA,450,"48962874337
"
49BA,429,"49062586287
"
49BA,477,"49162274783
"
49BA,476,"49263000967
"
49BA,476,"49362727501
"
49BA,477,"49462380715
"
49BA,434,"49562119341
"
49BA,477,"49662855003
"
49BA,477,"49762582291
"
49BA,477,"49861234744
"
49BA,477,"49962949810
"
49BA,478,"50062693857
"
49BA,479,"50162396957
"
49BA,477,"50262069890
"
49BA,479,"50362780453
"
49BA,455,"50462548299
"
49BA,477,"50562211193
"
49BA,477,"50661918809
"
49BA,478,"50762624773
"
49BA,477,"50862347915
"
49BA,455,"50962056297
"
49BA,454,"51062822060
"
49BA,476,"51162456001
"
49BA,480,"51262159780
"
49BA,456,"51361839635
"
49BA,477,"51462605610
"
49BA,478,"51562308066
"
49BA,477,"51661989886
"
49BA,478,"51761695247
"
49BA,453,"51862417604
"
49BA,451,"51962162014
"
49BA,477,"52061821628
"
49BA,477,"52162559974
"
49BA,477,"52262232262
"
49BA,432,"52361946229
"
49BA,476,"52461617170
"
49BA,452,"52562381033
"
49BA,479,"52662079319
"
49BA,479,"52761809124
"
49BA,477,"52861484066
"
49BA,476,"52962190813
"
49BA,479,"53061890341
"
49BA,479,"53161629454
"
49BA,456,"53262321892
"
49BA,451,"53362045089
"
49BA,479,"53461755586
"
49BA,458,"53561442214
"
49BA,453,"53662182182
"
49BA,476,"53861567851
"
49BA,479,"53961276037
"
49BA,477,"54061992007
"
49BA,476,"54161690481
"
49BA,454,"54260408222
"
49BA,454,"54361110348
"
49BA,435,"54461860571
"
49BA,477,"54561542937
"
49BA,454,"54661239801
"
49BA,477,"54761936184
"
49BA,457,"54861675746
"
49BA,477,"54961375356
"
49BA,478,"55061083426
"
49BA,454,"55161761894
"
49BA,430,"55261478762
"
49BA,479,"55362205202
"
49BA,478,"55461913302
"
49BA,450,"55561593425
"
49BA,478,"55661341679
"
49BA,477,"55761035835
"
49BA,477,"55861752696
"
49BA,478,"55961438001
"
49BA,476,"56061133791
"
49BA,477,"56160893661
"
49BA,483,"56261582703
"
49BA,456,"56361293744
"
49BA,475,"56460922087
"
49BA,454,"56661419407
"
49BA,478,"56761130917
"
49BA,476,"56860833865
"
49BA,477,"56961544652
"
49BA,477,"57062256004
"
49BA,476,"57160780715
"
49BA,451,"57260655209
"
49BA,476,"57361368238
"
49BA,480,"57461034693
"
49BA,453,"57560782610
"
49BA,435,"57661488326
"
49BA,478,"57761197584
"
49BA,479,"57860960597
"
49BA,479,"57960635240
"
49BA,478,"58061335043
"
49BA,433,"58161073092
"
49BA,477,"58260714555
"
49BA,478,"58360456473
"
49BA,478,"58461138194
"
49BA,477,"58560874271
"
49BA,477,"58660588915
"
49BA,457,"58761286040
"
49BA,479,"58860996360
"
49BA,477,"58960710755
"
49BA,478,"59060437206
"
49BA,477,"59161122755
"
49BA,476,"59260853761
"
49BA,457,"59360528007
"
49BA,479,"59460253950
"
49BA,413,"59560996010
"
49BA,454,"59660668497
"
49BA,479,"59760363602
"
49BA,476,"59860065825
"
49BA,406,"59960799032
"
49BA,478,"60060471388
"
49BA,477,"60160192464
"
49BA,479,"60260920744
"
49BA,479,"60360633629
"
49BA,478,"60460253444
"
49BA,478,"60559923597
"
49BA,453,"60660747308
"
49BA,453,"60760453602
"
49BA,431,"60860171025
"
49BA,477,"60960887920
"
49BA,454,"61060498021
"
49BA,480,"61160287587
"
49BA,456,"61260051728
"
49BA,434,"61360691763
"
49BA,454,"61460440416
"
49BA,434,"61560122053
"
49BA,478,"61659840682
"
49BA,477,"61760549414
"
49BA,478,"61860255154
"
49BA,477,"61959979986
"
49BA,477,"62160388807
"
49BA,478,"62260091201
"
49BA,456,"62359799279
"
49BA,478,"62460464783
"
49BA,458,"62560224997
"
49BA,435,"62659933753
"
49BA,478,"62759630862
"
49BA,457,"62860348785
"
49BA,479,"62960126680
"
49BA,478,"63059762320
"
49BA,479,"63160481298
"
49BA,434,"63260198878
"
49BA,454,"63359900298
"
49BA,477,"63459613325
"
49BA,478,"63560319451
"
49BA,478,"63660045480
"
49BA,476,"63759736470
"
49BA,454,"63859419729
"
49BA,454,"63960147587
"
49BA,476,"64059852914
"
49BA,454,"64159575151
"
49BA,477,"64260273818
"
49BA,430,"64359977937
"
49BA,477,"64459688277
"
49BA,479,"64559408891
"
49BA,456,"64660165802
"
49BA,478,"64759808807
"
49BA,432,"64859537244
"
49BA,477,"64959218591
"
49BA,478,"65059925898
"
49BA,477,"65159651624
"
49BA,478,"65259367115
"
49BA,453,"65360062671
"
49BA,453,"65459793663
"
49BA,477,"65559476349
"
49BA,477,"65659169162
"
49BA,477,"65759922755
"
49BA,478,"65859647191
"
49BA,478,"65959269396
"
49BA,433,"66059014422
"
49BA,478,"66159726898
"
49BA,476,"66259448238
"
49BA,452,"66359189858
"
49BA,408,"66459844059
"
49BA,480,"66559548947
"
49BA,477,"66659281581
"
49BA,456,"66758997855
"
49BA,432,"66859704633
"
49BA,477,"66959435950
"
49BA,477,"67059115726
"
49BA,479,"67158793134
"
49BA,480,"67260536114
"
49BA,477,"67359233445
"
49BA,456,"67457934490
"
49BA,477,"67559659068
"
49BA,478,"67659304801
"
49BA,477,"67759025997
"
49BA,479,"67858730891
"
49BA,476,"67959404867
"
49BA,478,"68059208779
"
49BA,478,"68158866854
"
49BA,477,"68258578237
"
49BA,476,"68359247273
"
49BA,478,"68458921296
"
49BA,457,"68558743205
"
49BA,452,"68659370512
"
49BA,456,"68759170897
"
49BA,457,"68858876493
"
49BA,458,"68958586171
"
49BA,476,"69059266677
"
49BA,458,"69158988720
"
49BA,478,"69258708017
"
49BA,477,"69358411795
"
49BA,476,"69458993899
"
49BA,432,"69558819002
"
49BA,476,"69658583379
"
49BA,476,"69759305830
"
49BA,477,"69858951407
"
49BA,476,"69958685677
"
49BA,477,"70058376442
"
49BA,451,"70159112879
"
49BA,378,"70258822601
"
49BA,477,"70358516447
"
49BA,477,"70458167463
"
49BA,477,"70558910808
"
49BA,477,"70658624169
"
49BA,479,"70758308564
"
49BA,476,"70859046963
"
49BA,431,"70958656088
"
49BA,455,"71058424344
"
49BA,428,"71158156822
"
49BA,479,"71258894821
"
49BA,411,"71358587992
"
49BA,477,"71458296925
"
49BA,452,"71557991823
"
49BA,455,"71659563278
"
49BA,458,"71758408450
"
49BA,478,"71858097377
"
49BA,480,"71958795117
"
49BA,478,"72058580407
"
49BA,477,"72158252455
"
49BA,477,"72257949943
"
49BA,477,"72358673297
"
49BA,454,"72458395305
"
49BA,478,"72558062251
"
49BA,477,"72656805110
"
49BA,482,"72758502530
"
49BA,477,"72858104647
"
49BA,477,"72957873260
"
49BA,475,"73058594715
"
49BA,477,"73158281901
"
49BA,479,"73257993948
"
49BA,478,"73358708671
"
49BA,480,"73458387117
"
49BA,478,"73558114248
"
49BA,480,"73657805498
"
49BA,449,"73757607980
"
49BA,476,"73858289140
"
49BA,477,"73958013023
"
49BA,477,"74057714695
"
49BA,478,"74158416221
"
49BA,458,"74258142644
"
49BA,478,"74357843021
"
49BA,431,"74457490473
"
49BA,462,"74558197031
"
49BA,459,"74657964273
"
49BA,452,"74757696426
"
49BA,479,"74857387037
"
49BA,454,"74958087248
"
49BA,476,"75057807923
"
49BA,478,"75157509295
"
49BA,476,"75258235046
"
49BA,479,"75357915604
"
49BA,454,"75457622826
"
49BA,478,"75557357509
"
49BA,430,"75658034973
"
49BA,477,"75757735067
"
49BA,477,"75857476018
"
49BA,477,"75957131650
"
49BA,477,"76057888605
"
49BA,478,"76157587375
"
49BA,451,"76257283615
"
49BA,430,"76358040239
"
49BA,404,"76457684296
"
49BA,478,"76557369050
"
49BA,480,"76657108617
"
49BA,477,"76757867757
"
49BA,457,"76857550798
"
49BA,456,"76957147892
"
49BA,457,"77056966227
"
49BA,481,"77157695310
"
49BA,432,"77257393106
"
49BA,478,"77357115008
"
49BA,478,"77457800204
"
49BA,480,"77557538766
"
49BA,450,"77657219023
"
49BA,477,"77756920396
"
49BA,478,"77857610957
"
49BA,479,"77957218619
"
49BA,478,"78056973486
"
49BA,477,"78156698293
"
49BA,478,"78257390643
"
49BA,411,"78357102221
"
49BA,479,"78456760886
"
49BA,405,"78556511394
"
49BA,477,"78657218193
"
49BA,456,"78756926428
"
49BA,453,"78856723428
"
49BA,429,"78957412936
"
49BA,426,"79057115818
"
49BA,476,"79156837074
"
49BA,477,"79256566962
"
49BA,477,"79556674168
"
49BA,430,"79657374129
"
49BA,454,"79757079570
"
49BA,477,"79856807463
"
49BA,478,"79956366604
"
49BA,478,"80057165761
"
49BA,480,"80156882960
"
49BA,430,"80256567650
"
49BA,479,"80356314093
"
49BA,477,"80456968013
"
49BA,478,"80556713437
"
49BA,477,"80655431489
"
49BA,478,"80757145287
"
49BA,452,"80856860247
"
49BA,477,"80956565186
"
49BA,435,"81056238092
"
49BA,453,"81156979689
"
49BA,479,"81256689697
"
49BA,477,"81356371602
"
49BA,477,"81456075749
"
49BA,478,"81556823170
"
49BA,477,"81656524956
"
49BA,479,"81756230578
"
49BA,453,"81856916655
"
49BA,455,"81956646022
"
49BA,478,"82056367210
"
49BA,479,"82156044825
"
49BA,477,"82256764276
"
49BA,431,"82456154330
"
49BA,479,"82555902080
"
49BA,454,"82656630229
"
49BA,453,"82756298180
"
49BA,478,"82856008817
"
49BA,477,"82956657022
"
49BA,476,"83056416812
"
49BA,477,"83156133890
"
49BA,432,"83255838849
"
49BA,476,"83356477059
"
49BA,455,"83456242620
"
49BA,479,"83556957756
"
49BA,479,"83655643531
"
49BA,478,"83756387222
"
49BA,448,"83856086223
"
49BA,478,"83955768890
"
49BA,452,"84056541666
"
49BA,430,"84156264144
"
49BA,448,"84255993813
"
49BA,477,"84355728332
"
49BA,456,"84456288380
"
49BA,452,"84556081481
"
49BA,454,"84655805843
"
49BA,476,"84755524147
"
49BA,455,"84856220767
"
49BA,477,"84955904568
"
49BA,478,"85055630779
"
49BA,477,"85156369918
"
49BA,478,"85255979573
"
49BA,479,"85355762031
"
49BA,477,"85455391022
"
49BA,478,"85556186700
"
49BA,451,"85655884273
"
49BA,476,"85755602497
"
49BA,456,"85855300570
"
49BA,432,"85956030916
"
49BA,430,"86055777403
"
49BA,478,"86155436714
"
49BA,455,"86256154547
"
49BA,478,"86355831952
"
49BA,432,"86455528346
"
49BA,476,"86555321617
"
49BA,478,"86655963180
"
49BA,431,"86755678158
"
49BA,477,"86855405020
"
49BA,476,"86955071260
"
49BA,434,"87055788382
"
49BA,476,"87155506182
"
49BA,452,"87255212554
"
49BA,479,"87355928115
"
49BA,433,"87455662446
"
49BA,478,"87555237207
"
49BA,476,"87655061143
"
49BA,480,"87755804912
"
49BA,432,"87855473249
"
49BA,477,"87955187312
"
49BA,476,"88054888097
"
49BA,478,"88155595726
"
49BA,431,"88255334948
"
49BA,478,"88355024061
"
49BA,477,"88455737530
"
49BA,455,"88555448466
"
49BA,477,"88655165984
"
49BA,477,"88754891413
"
49BA,478,"88855558300
"
49BA,477,"88955260346
"
49BA,479,"89055005834
"
49BA,479,"89154679239
"
49BA,476,"89255408830
"
49BA,476,"89355102997
"
49BA,429,"89453864750
"
49BA,478,"89555488651
"
49BA,477,"89657257613
"
49BA,478,"89754970228
"
49BA,478,"89854666189
"
49BA,478,"89955362940
"
49BA,477,"90055068972
"
49BA,454,"90254510808
"
49BA,453,"90355130547
"
49BA,479,"90454928985
"
49BA,477,"90553615339
"
49BA,450,"90655326499
"
49BA,454,"90755053176
"
49BA,457,"90854767223
"
49BA,477,"90954451737
"
49BA,451,"91055166112
"
49BA,477,"91154915520
"
49BA,478,"91254608205
"
49BA,478,"91354280684
"
49BA,477,"91454995341
"
49BA,456,"91554688834
"
49BA,477,"91654399133
"
49BA,478,"91754134132
"
49BA,479,"91854837126
"
49BA,477,"91954546185
"
49BA,478,"92054238913
"
49BA,478,"92154952301
"
49BA,477,"92254663547
"
49BA,477,"92354377692
"
49BA,478,"92454079194
"
49BA,458,"92554800513
"
49BA,478,"92654527631
"
49BA,453,"92754213797
"
49BA,477,"92854957554
"
49BA,478,"92954644474
"
49BA,478,"93054337770
"
49BA,479,"93154030805
"
49BA,477,"93354444953
"
49BA,450,"93454156624
"
49BA,384,"93553865525
"
49BA,455,"93654615108
"
49BA,479,"93754279493
"
49BA,414,"93954609902
"
49BA,479,"94054423380
"
49BA,477,"94154116495
"
49BA,477,"94253840349
"
49BA,476,"94354575305
"
49BA,477,"94454238779
"
49BA,479,"94554033426
"
49BA,454,"94653652541
"
49BA,413,"94754394298
"
49BA,478,"94854080072
"
49BA,410,"94953791068
"
49BA,427,"95054520448
"
49BA,479,"95154223540
"
49BA,479,"95253923686
"
49BA,477,"95353625013
"
49BA,457,"95454338966
"
49BA,478,"95554041047
"
49BA,478,"95653762113
"
49BA,458,"95753462035
"
49BA,456,"95854155091
"
49BA,477,"95953871418
"
49BA,480,"96053572619
"
49BA,476,"96154310854
"
49BA,477,"96254047501
"
49BA,454,"96353698252
"
49BA,477,"96453411235
"
49BA,478,"96554140929
"
49BA,476,"96653819059
"
49BA,477,"96753544443
"
49BA,477,"96853247630
"
49BA,476,"96953980414
"
49BA,477,"97053675996
"
49BA,455,"97153381470
"
49BA,454,"97254084790
"
49BA,432,"97353807553
"
49BA,478,"97453505982
"
49BA,477,"97553206574
"
49BA,455,"97653928054
"
49BA,433,"97753626490
"
49BA,448,"97853352309
"
49BA,426,"97953092196
"
49BA,479,"98053747490
"
49BA,478,"98253185562
"
49BA,479,"98353888880
"
49BA,432,"98453583412
"
49BA,477,"98553275928
"
49BA,457,"98653007793
"
49BA,430,"98753719027
"
49BA,478,"98853439612
"
49BA,478,"98953132072
"
49BA,479,"99052800803
"
49BA,454,"99153518260
"
49BA,449,"99253244906
"
49BA,478,"99351912297
"
49BA,479,"99452608528
"
49BA,479,"99553356100
"
49BA,476,"99653101857
"
49BA,456,"99752732456
"
49BA,432,"99855463950
"
49BA,456,"99953145323
"
49BA,453,"100052877745
"
49BA,476,"100152600831
"
49BA,477,"100253270170
"
49BA,408,"100352991704
"
49BA,411,"100452700698
"
49BA,477,"100553410430
"
49BA,480,"100653128388
"
49BA,477,"100752818433
"
49BA,479,"100852525847
"
49BA,479,"100953244737
"
49BA,477,"101052965975
"
49BA,453,"101152650765
"
49BA,479,"101252367500
"
49BA,480,"101353135102
"
49BA,477,"101452785655
"
49BA,474,"101552497098
"
49BA,478,"101653169294
"
49BA,478,"101752914903
"
49BA,477,"101852627861
"
49BA,477,"101952337602
"
49BA,477,"102053034920
"
49BA,478,"102152768217
"
49BA,450,"102252466943
"
49BA,477,"102352168828
"
49BA,479,"102452882445
"
49BA,458,"102552582103
"
49BA,480,"102652302332
"
49BA,479,"102753013004
"
49BA,431,"102852719063
"
49BA,456,"102952405846
"
49BA,478,"103052194987
"
49BA,450,"103252552833
"
49BA,456,"103352216250
"
49BA,477,"103451936805
"
49BA,477,"103552670760
"
49BA,479,"103652368345
"
49BA,455,"103852753892
"
49BA,430,"103952497983
"
49BA,458,"104052206127
"
49BA,455,"104151899544
"
49BA,476,"104252590226
"
49BA,478,"104352295328
"
49BA,478,"104452048785
"
49BA,456,"104551752928
"
49BA,455,"104652447020
"
49BA,455,"104752162198
"
49BA,478,"104851808956
"
49BA,477,"104952570673
"
49BA,457,"105052282439
"
49BA,477,"105151993588
"
49BA,477,"105251669450
"
49BA,478,"105352400192
"
49BA,477,"105452117264
"
49BA,449,"105551823329
"
49BA,477,"105651525676
"
49BA,434,"105752262174
"
49BA,480,"105851949745
"
49BA,457,"105952654553
"
49BA,479,"106152105332
"
49BA,456,"106251800249
"
49BA,453,"106351481377
"
49BA,428,"106452213663
"
49BA,478,"106551945022
"
49BA,429,"106651653526
"
49BA,431,"106751267273
"
49BA,457,"106852042121
"
49BA,478,"106951727535
"
49BA,477,"107051456706
"
49BA,455,"107152182633
"
49BA,478,"107251825780
"
49BA,477,"107351432276
"
49BA,431,"107451222332
"
49BA,453,"107551934239
"
49BA,452,"107652727123
"
49BA,479,"107751360666
"
49BA,477,"107851118726
"
49BA,479,"107951848263
"
49BA,427,"108051548967
"
49BA,458,"108150249767
"
49BA,476,"108251947618
"
49BA,478,"108351661962
"
49BA,480,"108451359190
"
49BA,431,"108550993681
"
49BA,456,"108651800915
"
49BA,477,"108751481697
"
49BA,478,"108851236735
"
49BA,475,"108950951050
"
49BA,458,"109051614496
"
49BA,457,"109151355576
"
49BA,458,"109250009948
"
49BA,479,"109351764235
"
49BA,452,"109451464487
"
49BA,480,"109551163442
"
49BA,453,"109650853873
"
49BA,481,"109747294333
"
49BA,480,"109851364440
"
49BA,453,"109951070497
"
49BA,458,"110050786016
"
49BA,477,"110151433960
"
49BA,456,"110251039449
"
49BA,457,"110349899231
"
49BA,480,"110450624295
"
49BA,477,"110551308035
"
49BA,477,"110650997417
"
49BA,477,"110750762709
"
49BA,455,"110851460013
"
49BA,479,"110951079257
"
49BA,478,"111050773437
"
49BA,455,"111150515151
"
49BA,477,"111251104195
"
49BA,435,"111350851615
"
49BA,477,"111450692715
"
49BA,453,"111551339596
"
49BA,431,"111651022500
"
49BA,479,"111750679974
"
49BA,478,"111850500721
"
49BA,454,"111951148220
"
49BA,477,"112050878344
"
49BA,427,"112150633985
"
49BA,456,"112250262992
"
49BA,428,"112350877223
"
49BA,476,"112450555515
"
49BA,478,"112550563853
"
49BA,477,"112651061952
"
49BA,478,"112750771156
"
49BA,435,"112950268275
"
49BA,454,"113050899432
"
49BA,456,"113250420828
"
49BA,477,"113350045621
"
49BA,477,"113450848560
"
49BA,454,"113550567898
"
49BA,477,"113649207167
"
49BA,453,"113750915785
"
49BA,457,"113850667587
"
49BA,459,"113950315996
"
49BA,477,"114049986629
"
49BA,479,"114150793361
"
49BA,477,"114250546092
"
49BA,477,"114350204786
"
49BA,476,"114449921583
"
49BA,475,"114550689665
"
49BA,479,"114650232888
"
49BA,476,"114750022701
"
49BA,457,"114850677236
"
49BA,477,"114950498638
"
49BA,455,"115050043231
"
49BA,480,"115149888000
"
49BA,478,"115250588396
"
49BA,430,"115350332739
"
49BA,477,"115449949146
"
49BA,479,"115549732159
"
49BA,477,"115650371625
"
49BA,456,"115750121021
"
49BA,455,"115849870468
"
49BA,433,"115949541368
"
49BA,478,"116050140207
"
49BA,454,"116151966291
"
49BA,478,"116249695561
"
49BA,478,"116350375530
"
49BA,456,"116450053001
"
49BA,432,"116549792664
"
49BA,478,"116649518380
"
49BA,481,"116750169928
"
49BA,477,"116849813865
"
49BA,477,"116949585572
"
49BA,457,"117050335306
"
49BA,478,"117150029947
"
49BA,455,"117249701536
"
49BA,476,"117349471666
"
49BA,477,"117450186729
"
49BA,431,"117549824700
"
49BA,454,"117649612901
"
49BA,478,"117749190055
"
49BA,456,"117850851010
"
49BA,479,"117949712348
"
49BA,479,"118049446184
"
49BA,456,"118150022586
"
49BA,455,"118249791696
"
49BA,430,"118349536463
"
49BA,456,"118449176922
"
49BA,458,"118549957946
"
49BA,454,"118649625766
"
49BA,454,"118749398818
"
49BA,477,"118849068373
"
49BA,479,"118949729110
"
49BA,479,"119049511716
"
49BA,477,"119149212374
"
49BA,478,"119249920048
"
49BA,481,"119349614333
"
49BA,478,"119449330853
"
49BA,456,"119549017697
"
49BA,476,"119649766444
"
49BA,478,"119749454266
"
49BA,478,"119849060170
"
49BA,453,"119948770505
"
49BA,478,"120049588334
"
49BA,452,"120149202430
"
49BA,456,"120249024729
"
49BA,478,"120349665256
"
49BA,478,"120449408757
"
49BA,478,"120550050022
"
49BA,383,"120648832480
"
49BA,476,"120749505186
"
49BA,476,"120849141502
"
49BA,476,"120948945167
"
49BA,456,"121048616577
"
49BA,476,"121149353310
"
49BA,479,"121249082148
"
49BA,477,"121348793443
"
49BA,450,"121449440781
"
49BA,385,"121549154191
"
49BA,476,"121648914007
"
49BA,457,"121748533216
"
49BA,478,"121849371677
"
49BA,479,"121948978540
"
49BA,428,"122048603078
"
49BA,480,"122148359782
"
49BA,479,"122250178775
"
49BA,477,"122348875254
"
49BA,456,"122447559379
"
49BA,457,"122549258475
"
49BA,450,"122648990283
"
49BA,477,"122748674675
"
49BA,479,"122848362561
"
49BA,477,"122949040985
"
49BA,455,"123048782970
"
49BA,455,"123148538465
"
49BA,478,"123247219533
"
49BA,476,"123348880539
"
49BA,477,"123448495310
"
49BA,456,"123548271837
"
49BA,479,"123648948276
"
49BA,456,"123848331827
"
49BA,477,"123950185964
"
49BA,478,"124048833570
"
49BA,455,"124148687385
"
49BA,430,"124248243745
"
49BA,431,"124347943112
"
49BA,477,"124448772193
"
49BA,456,"124548399650
"
49BA,456,"124648148309
"
49BA,433,"124748891395
"
49BA,478,"124848582104
"
49BA,479,"124948263962
"
49BA,479,"125047898058
"
49BA,456,"125148621036
"
49BA,408,"125248334477
"
49BA,479,"125348140916
"
49BA,409,"125447886449
"
49BA,456,"125548468145
"
49BA,432,"125648100970
"
49BA,455,"125747981682
"
49BA,475,"125848577558
"
49BA,477,"125948292965
"
49BA,477,"126048005488
"
49BA,478,"126147786499
"
49BA,479,"126248433677
"
49BA,456,"126348139016
"
49BA,456,"126447919028
"
49BA,456,"126547639199
"
49BA,477,"126648165084
"
49BA,437,"126748089905
"
49BA,480,"126847674798
"
49BA,479,"126948320375
"
49BA,476,"127048064304
"
49BA,479,"127247508347
"
49BA,456,"127348131952
"
49BA,454,"127447916232
"
49BA,478,"127547622750
"
49BA,478,"127647397786
"
49BA,477,"127748023144
"
49BA,477,"127847952764
"
49BA,414,"127946587006
"
49BA,476,"128048277529
"
49BA,453,"128148022509
"
49BA,478,"128247675714
"
49BA,477,"128347267846
"
49BA,478,"128448006208
"
49BA,477,"128547715552
"
49BA,477,"128647416724
"
49BA,459,"128747100069
"
49BA,477,"128847911065
"
49BA,456,"128947525238
"
49BA,453,"129148078405
"
49BA,480,"129247628445
"
49BA,432,"129347371782
"
49BA,451,"129447070707
"
49BA,451,"129547933372
"
49BA,479,"129647434508
"
49BA,479,"129747062812
"
49BA,478,"129846852647
"
49BA,477,"129947637301
"
49BA,479,"130047252440
"
49BA,459,"130146950458
"
49BA,477,"130247795069
"
49BA,482,"130347406644
"
49BA,479,"130447074366
"
49BA,454,"130546716230
"
49BA,477,"130647568591
"
49BA,478,"130747293733
"
49BA,477,"130847035419
"
49BA,454,"130946830096
"
49BA,454,"131047464632
"
49BA,476,"131147177490
"
49BA,452,"131247001973
"
49BA,477,"131347544623
"
49BA,456,"131447357576
"
49BA,476,"131547109807
"
49BA,479,"131646817551
"
49BA,477,"131747467283
"
49BA,453,"131946933513
"
49BA,456,"132046672880
"
49BA,478,"132147360654
"
49BA,451,"132247044295
"
49BA,475,"132346801342
"
49BA,479,"132447492770
"
49BA,409,"132547196605
"
49BA,477,"132646896814
"
49BA,454,"132746495160
"
49BA,427,"132847326239
"
49BA,477,"132947086361
"
49BA,476,"133046742249
"
49BA,457,"133146445489
"
49BA,479,"133247146291
"
49BA,478,"133346854341
"
49BA,477,"133445573927
"
49BA,477,"133646976220
"
49BA,478,"133746693143
"
49BA,480,"133846431596
"
49BA,430,"133947103584
"
49BA,480,"134046795668
"
49BA,477,"134146538054
"
49BA,479,"134246232808
"
49BA,478,"134346906627
"
49BA,475,"134446677984
"
49BA,455,"134546347364
"
49BA,477,"134647044253
"
49BA,476,"134846517740
"
49BA,477,"135046902879
"
49BA,475,"135146636948
"
49BA,435,"135246303002
"
49BA,477,"135346031152
"
49BA,457,"135446755730
"
49BA,455,"135546454927
"
49BA,455,"135646161571
"
49BA,454,"135746853011
"
49BA,454,"135846597249
"
49BA,477,"135946301819
"
49BA,475,"136046004100
"
49BA,477,"136146704022
"
49BA,454,"136246310341
"
49BA,479,"136346110004
"
49BA,429,"136445831919
"
49BA,479,"136546562284
"
49BA,476,"136744923136
"
49BA,479,"136846694164
"
49BA,477,"136946371611
"
49BA,477,"137046068224
"
49BA,476,"137145788519
"
49BA,432,"137246518739
"
49BA,459,"137346206305
"
49BA,476,"137445898056
"
49BA,454,"137545618656
"
49BA,477,"137646343410
"
49BA,457,"137746033177
"
49BA,451,"137845738269
"
49BA,452,"137946449547
"
49BA,409,"138046166676
"
49BA,478,"138145878095
"
49BA,478,"138245564619
"
49BA,479,"138346274684
"
49BA,451,"138445966338
"
49BA,478,"138545701637
"
49BA,479,"138645422666
"
49BA,413,"138746149121
"
49BA,477,"138845834634
"
49BA,479,"138945536267
"
49BA,455,"139045252863
"
49BA,478,"139145962448
"
49BA,477,"139245672687
"
49BA,405,"139345365343
"
49BA,477,"139446106183
"
49BA,479,"139545814285
"
49BA,406,"139645504255
"
49BA,477,"139745215571
"
49BA,478,"139845936156
"
49BA,477,"139945641062
"
49BA,479,"140045356072
"
49BA,454,"140146029902
"
49BA,450,"140247780890
"
49BA,454,"140345478723
"
49BA,410,"140445163114
"
49BA,477,"140545886263
"
49BA,478,"140645584926
"
49BA,479,"140745315601
"
49BA,476,"140844989759
"
49BA,478,"140945702419
"
49BA,456,"141045421672
"
49BA,477,"141144123453
"
49BA,425,"141245853989
"
49BA,478,"141345571056
"
49BA,476,"141445243637
"
49BA,475,"141544978750
"
49BA,477,"141645692089
"
49BA,477,"141745385504
"
49BA,476,"141845101364
"
49BA,479,"141944796926
"
49BA,477,"142045536524
"
49BA,478,"142145221458
"
49BA,447,"142244933029
"
49BA,477,"142344637219
"
49BA,455,"142445361892
"
49BA,478,"142545056340
"
49BA,456,"142644772126
"
49BA,477,"142745469369
"
49BA,477,"142845160028
"
49BA,477,"142944902979
"
49BA,478,"143044596390
"
49BA,477,"143145293631
"
49BA,454,"143245014829
"
49BA,477,"143344710762
"
49BA,454,"143444437959
"
49BA,477,"143545138533
"
49BA,478,"143644853996
"
49BA,451,"143744601041
"
49BA,454,"143845284901
"
49BA,474,"143944977118
"
49BA,477,"144044673385
"
49BA,477,"144144424061
"
49BA,479,"144245107906
"
49BA,479,"144344825208
"
49BA,456,"144444529008
"
49BA,477,"144545220866
"
49BA,455,"144644940725
"
49BA,479,"144744594288
"
49BA,478,"144844365554
"
49BA,479,"144945057294
"
49BA,480,"145044758588
"
49BA,479,"145144492590
"
49BA,477,"145244188982
"
49BA,436,"145344895177
"
49BA,457,"145444597916
"
49BA,478,"145544274163
"
49BA,454,"145645029472
"
49BA,457,"145744753512
"
49BA,476,"145844442491
"
49BA,458,"145944133422
"
49BA,477,"146044875201
"
49BA,450,"146144542663
"
49BA,478,"146244254145
"
49BA,431,"146343910278
"
49BA,454,"146444570937
"
49BA,478,"146544386488
"
49BA,479,"146644112534
"
49BA,477,"146743782292
"
49BA,477,"146844517596
"
49BA,450,"146944237580
"
49BA,479,"147043904804
"
49BA,453,"147144644475
"
49BA,411,"147244328866
"
49BA,413,"147344060468
"
49BA,429,"147443774014
"
49BA,432,"147544455345
"
49BA,480,"147644186001
"
49BA,480,"147743921279
"
49BA,454,"147844598180
"
49BA,457,"147944314596
"
49BA,456,"148044088028
"
49BA,477,"148143687838
"
49BA,479,"148244418491
"
49BA,480,"148344132118
"
49BA,430,"148443843327
"
49BA,476,"148543560553
"
49BA,480,"148644287533
"
49BA,458,"148743980341
"
49BA,450,"148843676530
"
49BA,477,"148944415090
"
49BA,478,"149044118217
"
49BA,479,"149143829300
"
49BA,479,"149243545801
"
49BA,479,"149344239159
"
49BA,478,"149443942346
"
49BA,455,"149543664948
"
49BA,477,"149643297805
"
49BA,480,"149744067730
"
49BA,480,"149843786115
"
49BA,478,"149942489602
"
49BA,478,"150044205439
"
49BA,478,"150143851187
"
49BA,479,"150243542947
"
49BA,477,"150343160168
"
49BA,455,"150446012310
"
49BA,477,"150543690530
"
49BA,478,"150643324392
"
49BA,453,"150742997614
"
49BA,479,"150843817065
"
49BA,478,"150943535965
"
49BA,477,"151043208352
"
49BA,480,"151143950406
"
49BA,451,"151243666584
"
49BA,455,"151343345402
"
49BA,478,"151543767040
"
49BA,476,"151643432281
"
49BA,479,"151743196276
"
49BA,410,"151842896590
"
49BA,477,"151943603699
"
49BA,477,"152043315508
"
49BA,477,"152142992659
"
49BA,479,"152243724886
"
49BA,478,"152343310980
"
49BA,456,"152443132793
"
49BA,477,"152542846162
"
49BA,428,"152643542770
"
49BA,477,"152743267213
"
49BA,430,"152842963648
"
49BA,477,"152942708132
"
49BA,455,"153043395521
"
49BA,479,"153143006975
"
49BA,480,"153242787448
"
49BA,458,"153343527481
"
49BA,448,"153443229284
"
49BA,477,"153542912133
"
49BA,478,"153642654319
"
49BA,453,"153743343625
"
49BA,457,"153843056980
"
49BA,477,"153942808483
"
49BA,425,"154042507222
"
49BA,478,"154143199741
"
49BA,457,"154242888361
"
49BA,456,"154342591941
"
49BA,476,"154443326091
"
49BA,477,"154543007203
"
49BA,477,"154642706932
"
49BA,477,"154742394778
"
49BA,456,"154843124247
"
49BA,453,"154942840442
"
49BA,479,"155042553417
"
49BA,481,"155142242188
"
49BA,480,"155242976319
"
49BA,477,"155342623348
"
49BA,478,"155442380893
"
49BA,434,"155543095011
"
49BA,457,"155642832353
"
49BA,456,"155742521027
"
49BA,479,"155842222299
"
49BA,480,"155942936390
"
49BA,455,"156042699558
"
49BA,477,"156142347175
"
49BA,477,"156242087364
"
49BA,478,"156342837807
"
49BA,478,"156442462504
"
49BA,451,"156543199667
"
49BA,476,"156642901979
"
49BA,479,"156742479402
"
49BA,478,"156842310975
"
49BA,477,"156942007555
"
49BA,433,"157042745638
"
49BA,477,"157142448835
"
49BA,478,"157242138779
"
49BA,457,"157341847103
"
49BA,476,"157442617765
"
49BA,478,"157542257730
"
49BA,478,"157641960519
"
49BA,478,"157742726424
"
49BA,452,"157842376886
"
49BA,480,"157942084390
"
49BA,478,"158041784922
"
49BA,478,"158142518001
"
49BA,476,"158243223917
"
49BA,450,"158341948899
"
49BA,476,"158441638649
"
49BA,477,"158542324932
"
49BA,480,"158642037082
"
49BA,480,"158842490966
"
49BA,478,"158942182645
"
49BA,479,"159041865898
"
49BA,458,"159141560030
"
49BA,455,"159242309780
"
49BA,478,"159342003493
"
49BA,477,"159441778095
"
49BA,454,"159541403056
"
49BA,476,"159642159964
"
49BA,477,"159841425615
"
49BA,457,"159942285113
"
49BA,479,"160041921970
"
49BA,479,"160141686243
"
49BA,454,"160241391665
"
49BA,478,"160342003645
"
49BA,477,"160441819246
"
49BA,455,"160541521626
"
49BA,452,"160641229880
"
49BA,455,"160741928734
"
49BA,478,"160841694693
"
49BA,478,"160940425556
"
49BA,477,"161042134515
"
49BA,477,"161141883891
"
49BA,478,"161241551557
"
49BA,479,"161341226722
"
49BA,479,"161441964273
"
49BA,432,"161541654046
"
49BA,478,"161741086149
"
49BA,477,"161841810597
"
49BA,477,"161941147753
"
49BA,479,"162041204747
"
49BA,431,"162140915502
"
49BA,410,"162241639230
"
49BA,479,"162341366111
"
49BA,478,"162441040761
"
49BA,479,"162541735494
"
49BA,457,"162641477777
"
49BA,476,"162741167575
"
49BA,476,"162840942459
"
49BA,435,"162941576220
"
49BA,477,"163041283080
"
49BA,480,"163139992290
"
49BA,456,"163241703441
"
49BA,478,"163341426322
"
49BA,480,"163540804832
"
49BA,430,"163641567826
"
49BA,477,"163741270629
"
49BA,457,"163840956814
"
49BA,474,"163940676817
"
49BA,476,"164041392626
"
49BA,451,"164141088299
"
49BA,477,"164240779934
"
49BA,434,"164341502004
"
49BA,480,"164441216634
"
49BA,436,"164540991955
"
49BA,479,"164640656147
"
49BA,477,"164741354371
"
49BA,478,"164841058373
"
49BA,435,"164940756022
"
49BA,478,"165040465419
"
49BA,432,"165141172316
"
49BA,454,"165240881819
"
49BA,478,"165339586874
"
49BA,478,"165441237160
"
49BA,477,"165540936833
"
49BA,454,"165640661010
"
49BA,458,"165740360483
"
49BA,477,"165841067928
"
49BA,479,"165940791961
"
49BA,477,"166040488579
"
49BA,451,"166140167364
"
49BA,477,"166240962715
"
49BA,453,"166340615842
"
49BA,480,"166440306151
"
49BA,480,"166541035205
"
49BA,477,"166640699353
"
49BA,480,"166742494764
"
49BA,434,"166840131422
"
49BA,480,"166940855197
"
49BA,478,"167040576498
"
49BA,477,"167140290812
"
49BA,478,"167239992141
"
49BA,477,"167340606031
"
49BA,478,"167440431694
"
49BA,450,"167539092844
"
49BA,478,"167640791933
"
49BA,477,"167740537717
"
49BA,478,"167840203902
"
49BA,454,"167940022661
"
49BA,454,"168040654014
"
49BA,477,"168140454604
"
49BA,433,"168240155312
"
49BA,477,"168339809730
"
49BA,477,"168441578405
"
49BA,478,"168540256901
"
49BA,478,"168638993792
"
49BA,478,"168740718391
"
49BA,431,"168840406458
"
49BA,480,"168940096232
"
49BA,479,"169039804951
"
49BA,477,"169140515297
"
49BA,477,"169240240582
"
49BA,456,"169339934974
"
49BA,478,"169439656209
"
49BA,456,"169540333025
"
49BA,478,"169640145761
"
49BA,450,"169738784446
"
49BA,477,"169839439980
"
49BA,478,"169940196746
"
49BA,477,"170039890912
"
49BA,477,"170139599319
"
49BA,433,"170240304492
"
49BA,477,"170340018130
"
49BA,480,"170439731362
"
49BA,436,"170539391678
"
49BA,454,"170640162245
"
49BA,454,"170739863025
"
49BA,453,"170839544803
"
49BA,478,"170940289520
"
49BA,478,"171039983607
"
49BA,478,"171139689096
"
49BA,479,"171239383035
"
49BA,456,"171340180730
"
49BA,478,"171439840305
"
49BA,453,"171539527416
"
49BA,429,"171639247507
"
49BA,456,"171739937681
"
49BA,477,"171839614007
"
49BA,480,"171939293672
"
49BA,405,"172040071953
"
49BA,478,"172139786721
"
49BA,478,"172239482361
"
49BA,477,"172339087395
"
49BA,479,"172439899973
"
49BA,477,"172539623404
"
49BA,478,"172639336265
"
49BA,450,"172739018460
"
49BA,458,"172839722783
"
49BA,480,"172939467956
"
49BA,476,"173039141406
"
49BA,431,"173139860506
"
49BA,478,"173239555593
"
49BA,478,"173339140813
"
49BA,453,"173438988181
"
49BA,430,"173539702533
"
49BA,452,"173639419816
"
49BA,479,"173739099531
"
49BA,453,"173837814238
"
49BA,479,"174039249811
"
49BA,428,"174239659518
"
49BA,479,"174339312683
"
49BA,451,"174439073911
"
49BA,456,"174539800008
"
49BA,456,"174639497320
"
49BA,453,"174739214200
"
49BA,478,"174838900356
"
49BA,478,"174938608787
"
49BA,476,"175039356073
"
49BA,477,"175139033712
"
49BA,477,"175238732599
"
49BA,477,"175339421917
"
49BA,478,"175439171615
"
49BA,456,"175538874555
"
49BA,477,"175638636733
"
49BA,478,"175838951038
"
49BA,478,"175938714486
"
49BA,435,"176038412018
"
49BA,457,"176139116508
"
49BA,478,"176338585092
"
49BA,475,"176439271969
"
49BA,478,"176538960129
"
49BA,477,"176638671190
"
49BA,459,"176738397177
"
49BA,476,"176838988893
"
49BA,477,"176938819075
"
49BA,475,"177038509682
"
49BA,455,"177138207173
"
49BA,430,"177238920682
"
49BA,480,"177338656503
"
49BA,477,"177438341411
"
49BA,476,"177638763012
"
49BA,475,"177738444403
"
49BA,432,"177838169146
"
49BA,482,"177938904359
"
49BA,479,"178038629397
"
49BA,477,"178138316388
"
49BA,480,"178238001573
"
49BA,475,"178338687239
"
49BA,413,"178438444144
"
49BA,457,"178538071087
"
49BA,479,"178638799799
"
49BA,477,"178738503853
"
49BA,455,"178838209238
"
49BA,479,"178937921796
"
49BA,412,"179038619384
"
49BA,455,"179138409766
"
49BA,479,"179238087100
"
49BA,453,"179337800026
"
49BA,479,"179438525960
"
49BA,456,"179538208017
"
49BA,477,"179637890663
"
49BA,458,"179737570081
"
49BA,476,"179838362443
"
49BA,476,"179937996329
"
49BA,410,"180037702974
"
49BA,478,"180138411763
"
49BA,454,"180238147220
"
49BA,457,"180337860614
"
49BA,477,"180437560485
"
49BA,478,"180538274550
"
49BA,458,"180637983982
"
49BA,476,"180737699265
"
49BA,477,"180838412668
"
49BA,456,"180938106920
"
49BA,453,"181037816628
"
49BA,456,"181137545354
"
49BA,477,"181238242447
"
49BA,480,"181337807126
"
49BA,438,"181437607754
"
49BA,479,"181537311206
"
49BA,454,"181638027617
"
49BA,477,"181737752933
"
49BA,477,"181837429078
"
49BA,477,"181938168916
"
49BA,478,"182037871868
"
49BA,453,"182137574448
"
49BA,479,"182237333714
"
49BA,477,"182437766095
"
49BA,479,"182537480241
"
49BA,409,"182637186583
"
49BA,454,"182737871553
"
49BA,454,"182837566726
"
49BA,476,"182937273828
"
49BA,475,"183039020960
"
49BA,416,"183137687502
"
49BA,478,"183237366496
"
49BA,477,"183337160087
"
49BA,458,"183437758048
"
49BA,478,"183537543914
"
49BA,479,"183637240520
"
49BA,478,"183736977801
"
49BA,479,"183837670274
"
49BA,475,"183937402719
"
49BA,453,"184037092257
"
49BA,477,"184137817951
"
49BA,479,"184237546062
"
49BA,476,"184436920927
"
49BA,479,"184537649978
"
49BA,476,"184637347803
"
49BA,477,"184739065888
"
49BA,477,"184836735321
"
49BA,454,"184937476982
"
49BA,478,"185037211160
"
49BA,460,"185136899169
"
49BA,458,"185237586444
"
49BA,435,"185337297088
"
49BA,456,"185437024393
"
49BA,479,"185536734416
"
49BA,449,"185637430387
"
49BA,479,"185737128151
"
49BA,458,"185836840690
"
49BA,478,"185936606372
"
49BA,479,"186037236160
"
49BA,477,"186136963455
"
49BA,478,"186236669099
"
49BA,415,"186337394303
"
49BA,456,"186437088951
"
49BA,429,"186536791165
"
49BA,478,"186636507425
"
49BA,455,"186737235327
"
49BA,478,"186836912618
"
49BA,477,"186936615050
"
49BA,454,"187036323082
"
49BA,478,"187137076542
"
49BA,436,"187236769292
"
49BA,480,"187336481371
"
49BA,455,"187437179258
"
49BA,410,"187536883649
"
49BA,405,"187736322694
"
49BA,478,"187837013423
"
49BA,446,"187936719613
"
49BA,456,"188036422975
"
49BA,407,"188136122273
"
49BA,478,"188236848180
"
49BA,478,"188336415398
"
49BA,455,"188436247709
"
49BA,478,"188536980727
"
49BA,477,"188636682881
"
49BA,458,"188736388461
"
49BA,475,"188836098322
"
49BA,481,"188936819002
"
49BA,454,"189036505079
"
49BA,477,"189137233823
"
49BA,479,"189235923185
"
49BA,452,"189336681856
"
49BA,475,"189436353309
"
49BA,478,"189536054267
"
49BA,457,"189636761014
"
49BA,478,"189736480439
"
49BA,477,"189836176124
"
49BA,457,"189935913235
"
49BA,478,"190036594506
"
49BA,478,"190136288992
"
49BA,455,"190236037477
"
49BA,431,"190335747852
"
49BA,478,"190436449316
"
49BA,455,"190536147704
"
49BA,478,"190635852241
"
49BA,474,"190732568488
"
49BA,477,"190836285526
"
49BA,453,"190935993368
"
49BA,477,"191035754019
"
49BA,432,"191136422130
"
49BA,480,"191236124892
"
49BA,454,"191335785625
"
49BA,454,"191435503790
"
49BA,452,"191536263702
"
49BA,455,"191635955990
"
49BA,478,"191735674904
"
49BA,477,"191836357326
"
49BA,481,"191936060547
"
49BA,454,"192035785020
"
49BA,430,"192135468128
"
49BA,478,"192236185180
"
49BA,480,"192335880050
"
49BA,477,"192435591414
"
49BA,478,"192535244333
"
49BA,479,"192636035781
"
49BA,477,"192735711100
"
49BA,458,"192835446298
"
49BA,476,"192936163416
"
49BA,452,"193035822963
"
49BA,453,"193135573080
"
49BA,452,"193235281406
"
49BA,455,"193335971063
"
49BA,479,"193435667421
"
49BA,478,"193535422688
"
49BA,477,"193635027805
"
49BA,452,"193735837461
"
49BA,479,"193835519100
"
49BA,477,"193935135247
"
49BA,454,"194035945805
"
49BA,457,"194135671375
"
49BA,430,"194235400338
"
49BA,456,"194335076006
"
49BA,478,"194435667571
"
49BA,479,"194535417994
"
49BA,479,"194635245901
"
49BA,478,"194734926444
"
49BA,480,"194835624507
"
49BA,477,"194935118459
"
49BA,448,"195035007548
"
49BA,455,"195135769095
"
49BA,456,"195235464190
"
49BA,478,"195335157615
"
49BA,478,"195434873987
"
49BA,478,"195535566399
"
49BA,458,"195635297464
"
49BA,457,"195734985721
"
49BA,480,"195834697587
"
49BA,478,"195935328691
"
49BA,479,"196035144221
"
49BA,457,"196134865622
"
49BA,478,"196235522779
"
49BA,479,"196335261504
"
49BA,477,"196434842106
"
49BA,450,"196534689569
"
49BA,478,"196635347049
"
49BA,478,"196735081283
"
49BA,477,"196834795213
"
49BA,427,"196934524885
"
49BA,479,"197035201591
"
49BA,477,"197134921480
"
49BA,431,"197233597481
"
49BA,405,"197335261558
"
49BA,449,"197435014854
"
49BA,478,"197534752104
"
49BA,451,"197634444929
"
49BA,455,"197735186478
"
49BA,476,"197834918935
"
49BA,454,"197934616791
"
49BA,456,"198034287428
"
49BA,479,"198135020349
"
49BA,453,"198234698314
"
49BA,477,"198435120111
"
49BA,476,"198534847074
"
49BA,456,"198634562061
"
49BA,475,"198734078170
"
49BA,479,"198834942945
"
49BA,478,"198934710285
"
49BA,478,"199034393208
"
49BA,456,"199134104387
"
49BA,477,"199234822678
"
49BA,476,"199334496214
"
49BA,457,"199434213896
"
49BA,457,"199534962816
"
49BA,478,"199634652922
"
49BA,477,"199734318972
"
49BA,458,"199834014028
"
49BA,478,"199934747120
"
49BA,431,"200034458391
"
49BA,480,"200134179975
"
49BA,478,"200233894437
"
49BA,457,"200334580875
"
49BA,478,"200434321032
"
49BA,480,"200532995530
"
49BA,458,"200634708386
"
49BA,479,"200734414730
"
49BA,434,"200834119897
"
49BA,478,"200933827718
"
49BA,454,"201034580779
"
49BA,455,"201134252239
"
49BA,477,"201234013000
"
49BA,476,"201333705682
"
49BA,477,"201434376813
"
49BA,477,"201534092029
"
49BA,477,"201633802280
"
49BA,457,"201734510352
"
49BA,456,"201834223360
"
49BA,479,"201933908131
"
49BA,476,"202033632570
"
49BA,452,"202134344492
"
49BA,481,"202234065650
"
49BA,436,"202333740257
"
49BA,478,"202433451370
"
49BA,432,"202534195143
"
49BA,456,"202633886257
"
49BA,412,"202733584652
"
49BA,480,"202834288770
"
49BA,479,"202934076214
"
49BA,479,"203033719328
"
49BA,478,"203133424318
"
49BA,476,"203234140163
"
49BA,477,"203333816968
"
49BA,428,"203433561513
"
49BA,479,"203533275613
"
49BA,481,"203633968616
"
49BA,428,"203733667502
"
49BA,478,"203833405485
"
49BA,476,"203933929175
"
49BA,476,"204033811696
"
49BA,478,"204133510072
"
49BA,412,"204233219582
"
49BA,458,"204333941371
"
49BA,479,"204433653383
"
49BA,478,"204533349984
"
49BA,410,"204633055764
"
49BA,477,"204733764042
"
49BA,478,"204833489406
"
49BA,457,"204933168025
"
49BA,457,"205033865429
"
49BA,476,"205133592646
"
49BA,453,"205233313520
"
49BA,408,"205333006692
"
49BA,454,"205433722930
"
49BA,432,"205533446641
"
49BA,479,"205732832410
"
49BA,428,"205833545941
"
49BA,478,"205933230230
"
49BA,454,"206032950067
"
49BA,476,"206133646762
"
49BA,455,"206233372672
"
49BA,478,"206333088191
"
49BA,412,"206432759960
"
49BA,477,"206533505045
"
49BA,477,"206633228844
"
49BA,454,"206732920917
"
49BA,433,"206832633252
"
49BA,434,"206933342339
"
49BA,456,"207033043412
"
49BA,457,"207133737179
"
49BA,408,"207333181663
"
49BA,430,"207432874545
"
49BA,431,"207532598557
"
49BA,477,"207633297566
"
49BA,479,"207733021182
"
49BA,433,"207832723805
"
49BA,452,"207932430142
"
49BA,479,"208033124228
"
49BA,477,"208132827536
"
49BA,457,"208232575773
"
49BA,478,"208333240675
"
49BA,479,"208432971776
"
49BA,476,"208532662122
"
49BA,477,"208733110849
"
49BA,478,"208833809317
"
49BA,477,"208932510743
"
49BA,479,"209032217663
"
49BA,432,"209132929967
"
49BA,476,"209232637138
"
49BA,478,"209332333270
"
49BA,481,"209433072935
"
49BA,451,"209532754234
"
49BA,478,"209632464919
"
49BA,431,"209732195735
"
49BA,477,"209832889970
"
49BA,410,"209932601232
"
49BA,479,"210032301889
"
49BA,474,"210132019122
"
49BA,411,"210232713076
"
49BA,456,"210332411770
"
49BA,477,"210432136872
"
49BA,478,"210533858451
"
49BA,478,"210632541649
"
49BA,479,"210732272162
"
49BA,457,"210831952675
"
49BA,478,"210932698152
"
49BA,459,"211032365744
"
49BA,477,"211132072878
"
49BA,454,"211231833989
"
49BA,458,"211332538284
"
49BA,476,"211432245582
"
49BA,458,"211531935555
"
49BA,457,"211632626690
"
49BA,476,"211732376354
"
49BA,478,"211832073750
"
49BA,478,"211931790894
"
49BA,478,"212032463343
"
49BA,435,"212132194049
"
49BA,450,"212231896065
"
49BA,477,"212331600866
"
49BA,479,"212432335577
"
49BA,455,"212532005678
"
49BA,477,"212631719631
"
49BA,455,"212732426017
"
49BA,479,"212832126423
"
49BA,478,"212931837532
"
49BA,455,"213031556757
"
49BA,452,"213132292377
"
49BA,408,"213231969634
"
49BA,478,"213331691621
"
49BA,479,"213431278552
"
49BA,457,"213532112318
"
49BA,431,"213631767376
"
49BA,456,"213730535885
"
49BA,477,"213832261251
"
49BA,477,"213931933935
"
49BA,477,"214031653425
"
49BA,478,"214131327898
"
49BA,479,"214232047401
"
49BA,477,"214331787875
"
49BA,478,"214431492651
"
49BA,454,"214531054143
"
49BA,479,"214631843672
"
49BA,476,"214731597425
"
49BA,478,"214831288259
"
49BA,452,"214930028231
"
49BA,477,"215131296311
"
49BA,480,"215231134950
"
49BA,478,"215331862991
"
49BA,480,"215431573196
"
49BA,477,"215531217025
"
49BA,477,"215630976495
"
49BA,476,"215731703293
"
49BA,411,"215831420925
"
49BA,480,"215931119856
"
49BA,479,"216131534609
"
49BA,432,"216231259236
"
49BA,478,"216330955610
"
49BA,459,"216431649801
"
49BA,479,"216531297662
"
49BA,478,"216630990993
"
49BA,478,"216730815603
"
49BA,477,"216831478782
"
49BA,478,"216931209488
"
49BA,478,"217030932742
"
49BA,479,"217131644192
"
49BA,478,"217231272678
"
49BA,456,"217331058681
"
49BA,477,"217430790464
"
49BA,479,"217531485392
"
49BA,479,"217631163082
"
49BA,455,"217730873054
"
49BA,478,"217830591923
"
49BA,478,"217931284563
"
49BA,454,"218031011185
"
49BA,478,"218129695440
"
49BA,477,"218231426755
"
49BA,477,"218331135605
"
49BA,476,"218430805756
"
49BA,454,"218530571294
"
49BA,478,"218631248989
"
49BA,451,"218730976364
"
49BA,477,"218830705929
"
49BA,478,"218930379629
"
49BA,478,"219033112653
"
49BA,479,"219130809428
"
49BA,479,"219230584635
"
49BA,457,"219330173221
"
49BA,453,"219430938078
"
49BA,452,"219530655074
"
49BA,478,"219630372728
"
49BA,478,"219731043816
"
49BA,434,"219830757287
"
49BA,482,"219930460369
"
49BA,478,"220030160968
"
49BA,480,"220130892788
"
49BA,478,"220230610772
"
49BA,478,"220329244622
"
49BA,456,"220429996439
"
49BA,477,"220530688953
"
49BA,477,"220630456512
"
49BA,478,"220730148265
"
49BA,479,"220830850218
"
49BA,454,"220930603898
"
49BA,482,"221030265949
"
49BA,477,"221129976277
"
49BA,478,"221230688952
"
49BA,477,"221330389857
"
49BA,479,"221430101252
"
49BA,477,"221530800568
"
49BA,407,"221630513369
"
49BA,476,"221730219610
"
49BA,457,"221829930099
"
49BA,457,"221930665269
"
49BA,447,"222030349209
"
49BA,478,"222130040397
"
49BA,476,"222229792967
"
49BA,477,"222330511917
"
49BA,454,"222430193188
"
49BA,478,"222529880945
"
49BA,433,"222630631563
"
49BA,480,"222730320858
"
49BA,454,"222829992204
"
49BA,457,"222929725191
"
49BA,477,"223030451515
"
49BA,478,"223130156496
"
49BA,478,"223229860927
"
49BA,456,"223329543881
"
49BA,478,"223430257285
"
49BA,479,"223529968442
"
49BA,454,"223629675231
"
49BA,478,"223730393851
"
49BA,455,"223830100400
"
49BA,478,"223929799092
"
49BA,478,"224029523517
"
49BA,477,"224130221765
"
49BA,453,"224229930261
"
49BA,427,"224329668307
"
49BA,405,"224429340246
"
49BA,480,"224530073147
"
49BA,478,"224629758377
"
49BA,480,"224729465477
"
49BA,479,"224830185607
"
49BA,478,"224929882194
"
49BA,476,"225029620628
"
49BA,479,"225130146605
"
49BA,479,"225229984324
"
49BA,456,"225329695551
"
49BA,431,"225429381466
"
49BA,438,"225629783368
"
49BA,479,"225729512577
"
49BA,477,"225829221137
"
49BA,433,"225929934158
"
49BA,477,"226029678938
"
49BA,478,"226129344737
"
49BA,477,"226229049291
"
49BA,455,"226329763023
"
49BA,481,"226429465598
"
49BA,476,"226529163082
"
49BA,454,"226628887478
"
49BA,477,"226729591951
"
49BA,477,"226830278047
"
49BA,477,"226928994892
"
49BA,479,"227029742491
"
49BA,477,"227129410520
"
49BA,480,"227229128453
"
49BA,478,"227328839923
"
49BA,454,"227429563822
"
49BA,478,"227529261462
"
49BA,457,"227628973763
"
49BA,479,"227728720112
"
49BA,478,"227829401755
"
49BA,456,"227929109254
"
49BA,458,"228028805501
"
49BA,434,"228129488672
"
49BA,478,"228229206626
"
49BA,455,"228328922589
"
49BA,453,"228428637883
"
49BA,479,"228529338644
"
49BA,456,"228629035994
"
49BA,477,"228728742560
"
49BA,408,"228828482102
"
49BA,433,"228929199063
"
49BA,435,"229028882415
"
49BA,477,"229128579993
"
49BA,477,"229229314827
"
49BA,457,"229329019973
"
49BA,450,"229528419227
"
49BA,478,"229629155263
"
49BA,479,"229728849293
"
49BA,479,"229828597212
"
49BA,478,"229928312872
"
49BA,413,"230029058921
"
49BA,477,"230128760254
"
49BA,454,"230228441641
"
49BA,452,"230329155698
"
49BA,477,"230428850302
"
49BA,478,"230528574652
"
49BA,477,"230628315227
"
49BA,454,"230728985915
"
49BA,455,"230828676282
"
49BA,479,"230928410225
"
49BA,477,"231028139535
"
49BA,458,"231128865643
"
49BA,454,"231228498803
"
49BA,438,"231328197356
"
49BA,451,"231428939300
"
49BA,452,"231528616151
"
49BA,458,"231628351165
"
49BA,458,"231728032324
"
49BA,457,"231828756987
"
49BA,452,"231928474958
"
49BA,476,"232028146406
"
49BA,476,"232127897497
"
49BA,478,"232228606458
"
49BA,408,"232328333377
"
49BA,478,"232428017055
"
49BA,411,"232528708281
"
49BA,478,"232628454016
"
49BA,478,"232728165741
"
49BA,479,"232827895407
"
49BA,457,"232928557941
"
49BA,455,"233028244647
"
49BA,478,"233127920656
"
49BA,453,"233227649891
"
49BA,410,"233328372810
"
49BA,409,"233428070748
"
49BA,456,"233526774840
"
49BA,481,"233628518682
"
49BA,456,"233728200872
"
49BA,454,"233927586441
"
49BA,480,"234028341110
"
49BA,479,"234128030483
"
49BA,430,"234227723838
"
49BA,480,"234327346876
"
49BA,475,"234428169583
"
49BA,456,"234527921785
"
49BA,449,"234626607185
"
49BA,432,"234728289595
"
49BA,478,"234827989143
"
49BA,457,"234927644113
"
49BA,481,"235027439993
"
49BA,478,"235128104174
"
49BA,477,"235227619960
"
49BA,436,"235329561016
"
49BA,449,"235427258020
"
49BA,477,"235527943577
"
49BA,476,"235627636116
"
49BA,476,"235727307630
"
49BA,454,"235828085986
"
49BA,456,"235927771411
"
49BA,477,"236027466445
"
49BA,478,"236127206372
"
49BA,453,"236227948156
"
49BA,477,"236327625364
"
49BA,477,"236427312847
"
49BA,479,"236526779864
"
49BA,479,"236627638518
"
49BA,477,"236727312572
"
49BA,434,"236827063264
"
49BA,457,"236927756139
"
49BA,455,"237028499186
"
49BA,458,"237127297766
"
49BA,479,"237226962247
"
49BA,401,"237327691436
"
49BA,477,"237427366718
"
49BA,475,"237626839693
"
49BA,480,"237727542132
"
49BA,478,"237827274113
"
49BA,478,"237926906214
"
49BA,454,"238026687263
"
49BA,431,"238127392742
"
49BA,454,"238226996507
"
49BA,479,"238326824169
"
49BA,480,"238423432833
"
49BA,477,"238527123974
"
49BA,477,"238626917281
"
49BA,456,"238726634643
"
49BA,477,"238827361627
"
49BA,480,"238926972470
"
49BA,455,"239026754203
"
49BA,478,"239127475685
"
49BA,478,"239227097529
"
49BA,411,"239326892457
"
49BA,479,"239426606737
"
49BA,477,"239527288369
"
49BA,458,"239626995155
"
49BA,455,"239726719290
"
49BA,457,"239826439053
"
49BA,456,"239927013997
"
49BA,477,"240026833692
"
49BA,477,"240126566882
"
49BA,479,"240227185100
"
49BA,478,"240326962290
"
49BA,477,"240426680104
"
49BA,476,"240526396439
"
49BA,477,"240627152723
"
49BA,430,"240726736926
"
49BA,479,"240826562284
"
49BA,433,"240926265610
"
49BA,480,"241026963882
"
49BA,480,"241126676227
"
49BA,479,"241225353936
"
49BA,478,"241327074794
"
49BA,477,"241426818377
"
49BA,478,"241526544749
"
49BA,435,"241626214204
"
49BA,454,"241726898921
"
49BA,478,"241826639576
"
49BA,455,"241926299722
"
49BA,476,"242025995184
"
49BA,480,"242126710056
"
49BA,478,"242226508698
"
49BA,455,"242326175390
"
49BA,478,"242426866192
"
49BA,450,"242526628759
"
49BA,479,"242626297172
"
49BA,477,"242726002276
"
49BA,478,"242826739628
"
49BA,459,"242926435180
"
49BA,478,"243026140967
"
49BA,433,"243126841111
"
49BA,477,"243226571056
"
49BA,457,"243326274403
"
49BA,478,"243424961025
"
49BA,478,"243526699571
"
49BA,478,"243626384954
"
49BA,477,"243825818412
"
49BA,432,"243926545012
"
49BA,476,"244026240055
"
49BA,456,"244125910432
"
49BA,455,"244225627460
"
49BA,476,"244326324302
"
49BA,477,"244426050864
"
49BA,477,"244625482406
"
49BA,455,"244726161073
"
49BA,478,"244827901830
"
49BA,476,"244925568446
"
49BA,431,"245026334446
"
49BA,476,"245126019140
"
49BA,478,"245225720254
"
49BA,480,"245325435853
"
49BA,477,"245426109406
"
49BA,476,"245525801396
"
49BA,452,"245625475136
"
49BA,478,"245726234662
"
49BA,477,"245825938270
"
49BA,413,"245925633135
"
49BA,479,"246025342815
"
49BA,455,"246126032594
"
49BA,449,"246225767377
"
49BA,478,"246325457306
"
49BA,478,"246425229124
"
49BA,478,"246525935811
"
49BA,479,"246625648016
"
49BA,478,"246725387894
"
49BA,475,"246826067850
"
49BA,456,"246925758857
"
49BA,479,"247025479364
"
49BA,477,"247125186881
"
49BA,436,"247225913113
"
49BA,456,"247325612745
"
49BA,451,"247425336700
"
49BA,459,"247524985575
"
49BA,477,"247625747565
"
49BA,479,"247725448441
"
49BA,477,"247824159837
"
49BA,478,"247925825681
"
49BA,478,"248025580295
"
49BA,410,"248125277701
"
49BA,460,"248224980194
"
49BA,457,"248325689312
"
49BA,450,"248525129669
"
49BA,478,"248624843564
"
49BA,452,"248725511985
"
49BA,455,"248825233852
"
49BA,477,"248924947154
"
49BA,456,"249025651781
"
49BA,456,"249125390764
"
49BA,478,"249225056893
"
49BA,478,"249324759655
"
49BA,479,"249425468409
"
49BA,430,"249525179609
"
49BA,409,"249624881448
"
49BA,479,"249724600825
"
49BA,435,"249825329144
"
49BA,477,"249925012057
"
49BA,478,"250024746834
"
49BA,478,"250125467049
"
49BA,477,"250225160999
"
49BA,476,"250324834365
"
49BA,477,"250424555383
"
49BA,480,"250525259707
"
49BA,477,"250625021249
"
49BA,456,"250724696518
"
49BA,456,"250824441918
"
49BA,478,"250925098126
"
49BA,478,"251024826520
"
49BA,478,"251124520630
"
49BA,477,"251225235071
"
49BA,430,"251324938444
"
49BA,477,"251424626108
"
49BA,452,"251524359128
"
49BA,477,"251625087803
"
49BA,479,"251724769786
"
49BA,477,"251824493864
"
49BA,454,"251924163231
"
49BA,478,"252024915709
"
49BA,478,"252124597609
"
49BA,457,"252224302308
"
49BA,433,"252325041527
"
49BA,476,"252424731665
"
49BA,477,"252524458846
"
49BA,477,"252624148805
"
49BA,478,"252724841021
"
49BA,457,"252824597369
"
49BA,478,"252924291470
"
49BA,478,"253023997978
"
49BA,432,"253124668764
"
49BA,477,"253224397043
"
49BA,457,"253325102681
"
49BA,477,"253424808483
"
49BA,456,"253524533572
"
49BA,429,"253624217863
"
49BA,475,"253723954820
"
49BA,431,"253824663709
"
49BA,476,"253924372102
"
49BA,478,"254024077908
"
49BA,479,"254123755711
"
49BA,452,"254224522453
"
49BA,478,"254324205060
"
49BA,477,"254423906422
"
49BA,454,"254523624722
"
49BA,477,"254624339241
"
49BA,454,"254724039240
"
49BA,477,"254823746780
"
49BA,478,"254924441705
"
49BA,432,"255025180976
"
49BA,478,"255123858825
"
49BA,479,"255223597308
"
49BA,480,"255324280654
"
49BA,478,"255423970503
"
49BA,478,"255523692838
"
49BA,456,"255624429122
"
49BA,480,"255724117951
"
49BA,476,"255823793894
"
49BA,478,"255923566403
"
49BA,456,"256024258118
"
49BA,476,"256123957661
"
49BA,453,"256223659889
"
49BA,478,"256323306144
"
49BA,478,"256424091114
"
49BA,457,"256523792721
"
49BA,477,"256623482562
"
49BA,456,"256724214540
"
49BA,478,"256823883251
"
49BA,478,"257023307193
"
49BA,439,"257123943144
"
49BA,478,"257223761804
"
49BA,479,"257323453331
"
49BA,478,"257423152979
"
49BA,459,"257523866497
"
49BA,452,"257623579428
"
49BA,479,"257923677602
"
49BA,478,"258023399421
"
49BA,477,"258123122188
"
49BA,452,"258223818216
"
49BA,478,"258323520109
"
49BA,454,"258423115477
"
49BA,480,"258522942455
"
49BA,434,"258623688969
"
49BA,458,"258723365853
"
49BA,455,"258823066254
"
49BA,481,"258923801393
"
49BA,478,"259123204038
"
49BA,455,"259222902599
"
49BA,480,"259323656073
"
49BA,479,"259423251680
"
49BA,455,"259523055654
"
49BA,477,"259622735732
"
49BA,479,"259723451736
"
49BA,479,"259823185079
"
49BA,477,"259922866035
"
49BA,478,"260023572276
"
49BA,475,"260123279273
"
49BA,477,"260222992794
"
49BA,457,"260322720207
"
49BA,478,"260423411715
"
49BA,456,"260523003342
"
49BA,478,"260622768069
"
49BA,476,"260722510167
"
49BA,477,"260823074233
"
49BA,477,"260922910769
"
49BA,432,"261022715431
"
49BA,455,"261125400339
"
49BA,453,"261223092636
"
49BA,457,"261322779023
"
49BA,479,"261522872775
"
49BA,454,"261622911630
"
49BA,479,"261722644613
"
49BA,478,"261822339532
"
49BA,478,"261923052619
"
49BA,477,"262022773409
"
49BA,475,"262122444126
"
49BA,478,"262223170244
"
49BA,456,"262322805986
"
49BA,458,"262422580355
"
49BA,478,"262522317942
"
49BA,477,"262623007784
"
49BA,456,"262722781185
"
49BA,478,"262822408629
"
49BA,453,"262922140710
"
49BA,411,"263022860115
"
49BA,452,"263122553680
"
49BA,435,"263222238169
"
49BA,454,"263322950516
"
49BA,452,"263422674731
"
49BA,454,"263522384026
"
49BA,475,"263622085717
"
49BA,478,"263722797993
"
49BA,460,"263822517621
"
49BA,478,"263922215061
"
49BA,479,"264021920410
"
49BA,456,"264122637869
"
49BA,478,"264222360335
"
49BA,432,"264322050289
"
49BA,478,"264422800871
"
49BA,430,"264522446391
"
49BA,458,"264622162568
"
49BA,478,"264721899242
"
49BA,478,"264822611059
"
49BA,477,"264922296836
"
49BA,457,"265022003673
"
49BA,452,"265121730108
"
49BA,452,"265222425098
"
49BA,479,"265322129851
"
49BA,479,"265420814651
"
49BA,479,"265521531605
"
49BA,478,"265622250965
"
49BA,478,"265821660682
"
49BA,478,"265922380560
"
49BA,480,"266022116300
"
49BA,479,"266121857794
"
49BA,477,"266221516763
"
49BA,456,"266322191331
"
49BA,477,"266421952915
"
49BA,450,"266521627961
"
49BA,478,"266621339799
"
49BA,453,"266722056614
"
49BA,479,"266821553015
"
49BA,477,"267022132030
"
49BA,478,"267121844554
"
49BA,479,"267221577451
"
49BA,478,"267321329864
"
49BA,454,"267422033783
"
49BA,457,"267521734132
"
49BA,480,"267621432677
"
49BA,451,"267722139314
"
49BA,456,"267821888017
"
49BA,478,"267921574483
"
49BA,479,"268021268333
"
49BA,478,"268121986219
"
49BA,478,"268221699467
"
49BA,454,"268321390961
"
49BA,455,"268421119668
"
49BA,478,"268521859836
"
49BA,433,"268621505840
"
49BA,479,"268720223730
"
49BA,479,"268821947320
"
49BA,430,"268921641364
"
49BA,478,"269021369443
"
49BA,480,"269121085490
"
49BA,456,"269221762577
"
49BA,452,"269321484280
"
49BA,453,"269421182523
"
49BA,476,"269520964957
"
49BA,479,"269621587997
"
49BA,479,"269721309232
"
49BA,430,"269821026958
"
49BA,433,"269921726751
"
49BA,478,"270021450996
"
49BA,477,"270220845324
"
49BA,455,"270321557986
"
49BA,477,"270421296917
"
49BA,426,"270520991432
"
49BA,478,"270620660402
"
49BA,454,"270721411177
"
49BA,456,"270920829528
"
49BA,478,"271020529391
"
49BA,430,"271121229405
"
49BA,478,"271221005902
"
49BA,477,"271322685267
"
49BA,479,"271421363407
"
49BA,477,"271521078784
"
49BA,457,"271620753201
"
49BA,477,"271720502384
"
49BA,450,"271821231982
"
49BA,479,"271920890436
"
49BA,478,"272020600893
"
49BA,414,"272121318335
"
49BA,448,"272221032767
"
49BA,478,"272320736033
"
49BA,451,"272420456979
"
49BA,456,"272521177521
"
49BA,455,"272620874249
"
49BA,454,"272720583316
"
49BA,457,"272820299435
"
49BA,432,"272921050280
"
49BA,478,"273020713144
"
49BA,481,"273120415161
"
49BA,479,"273220096555
"
49BA,477,"273320814378
"
49BA,477,"273420561489
"
49BA,453,"273520251620
"
49BA,454,"273620952491
"
49BA,452,"273720657137
"
49BA,477,"273820382711
"
49BA,477,"273920083535
"
49BA,478,"274020783041
"
49BA,478,"274120504496
"
49BA,478,"274220176420
"
49BA,476,"274320907613
"
49BA,477,"274420610216
"
49BA,479,"274520306061
"
49BA,479,"274620009216
"
49BA,431,"274720736757
"
49BA,476,"274820463124
"
49BA,478,"274920144847
"
49BA,479,"275019811322
"
49BA,430,"275120569671
"
49BA,454,"275220279110
"
49BA,456,"275320000057
"
49BA,479,"275420719327
"
49BA,479,"275520423478
"
49BA,478,"275620148605
"
49BA,432,"275719816428
"
49BA,435,"275820552863
"
49BA,481,"275920230458
"
49BA,459,"276019956125
"
49BA,454,"276119633909
"
49BA,478,"276220362492
"
49BA,478,"276320093760
"
49BA,458,"276419797079
"
49BA,477,"276520513864
"
49BA,479,"276620214717
"
49BA,477,"276719890534
"
49BA,451,"276819625479
"
49BA,478,"276920317874
"
49BA,456,"277020068271
"
49BA,477,"277119747186
"
49BA,475,"277219405253
"
49BA,478,"277320182717
"
49BA,477,"277420876399
"
49BA,457,"277519555386
"
49BA,477,"277620294989
"
49BA,476,"277719993740
"
49BA,454,"277819737655
"
49BA,454,"277919434646
"
49BA,478,"278020104317
"
49BA,454,"278119834132
"
49BA,453,"278219484844
"
49BA,452,"278319239233
"
49BA,414,"278419943668
"
49BA,477,"278519666187
"
49BA,477,"278619352978
"
49BA,477,"278719031521
"
49BA,479,"278819802822
"
49BA,479,"278919475649
"
49BA,478,"279019123641
"
49BA,456,"279120931877
"
49BA,479,"279219595676
"
49BA,459,"279319257650
"
49BA,478,"279419045860
"
49BA,457,"279519761265
"
49BA,480,"279619483029
"
49BA,455,"279719094963
"
49BA,428,"279818870283
"
49BA,478,"279919606554
"
49BA,476,"280019232751
"
49BA,456,"280117987308
"
49BA,430,"280219715105
"
49BA,479,"280319428818
"
49BA,476,"280419017824
"
49BA,457,"280518789395
"
49BA,478,"280619529970
"
49BA,478,"280719118442
"
49BA,478,"280818949959
"
49BA,433,"280919665486
"
49BA,476,"281019342335
"
49BA,478,"281119090888
"
49BA,412,"281218800273
"
49BA,478,"281319520308
"
49BA,457,"281419220409
"
49BA,455,"281518901849
"
49BA,478,"281618650964
"
49BA,477,"281719255658
"
49BA,458,"281819062153
"
49BA,428,"281918803691
"
49BA,413,"282019460145
"
49BA,478,"282119187867
"
49BA,457,"282218889806
"
49BA,456,"282318603676
"
49BA,478,"282419292838
"
49BA,454,"282518946608
"
49BA,457,"282618719169
"
49BA,452,"282718418648
"
49BA,457,"282819116617
"
49BA,431,"282918818601
"
49BA,479,"283018547208
"
49BA,480,"283119265603
"
49BA,460,"283218970472
"
49BA,457,"283318669426
"
49BA,476,"283418350681
"
49BA,457,"283519006438
"
49BA,479,"283618799235
"
49BA,479,"283718515908
"
49BA,454,"283818204601
"
49BA,477,"283918924553
"
49BA,477,"284018663260
"
49BA,476,"284118357314
"
49BA,456,"284218041656
"
49BA,430,"284318787239
"
49BA,436,"284418454734
"
49BA,479,"284518181154
"
49BA,431,"284618880226
"
49BA,479,"284718585870
"
49BA,479,"284818319747
"
49BA,479,"284918012763
"
49BA,479,"285018734532
"
49BA,477,"285118415248
"
49BA,476,"285217100395
"
49BA,449,"285318855255
"
49BA,480,"285418579831
"
49BA,480,"285518196271
"
49BA,454,"285617953833
"
49BA,477,"285718681468
"
49BA,477,"285818413432
"
49BA,456,"285918072658
"
49BA,455,"286017813902
"
49BA,479,"286118534520
"
49BA,477,"286218210353
"
49BA,409,"286317938414
"
49BA,477,"286418649417
"
49BA,479,"286518262163
"
49BA,453,"286618011725
"
49BA,414,"286717698633
"
49BA,478,"286818413528
"
49BA,479,"286918142026
"
49BA,478,"287017849850
"
49BA,435,"287117552728
"
49BA,449,"287218247953
"
49BA,475,"287317961226
"
49BA,479,"287416607313
"
49BA,478,"287518407748
"
49BA,433,"287618079854
"
49BA,478,"287717784623
"
49BA,477,"287817495080
"
49BA,478,"287918203825
"
49BA,479,"288017915216
"
49BA,477,"288117607480
"
49BA,455,"288217320113
"
49BA,477,"288318053852
"
49BA,457,"288417733314
"
49BA,479,"288517445732
"
49BA,454,"288618187471
"
49BA,433,"288717892859
"
49BA,481,"288817579210
"
49BA,477,"288917281455
"
49BA,432,"289018002534
"
49BA,433,"289117718470
"
49BA,477,"289217452662
"
49BA,478,"289317124968
"
49BA,478,"289417834418
"
49BA,432,"289517517965
"
49BA,478,"289617244996
"
49BA,451,"289717954748
"
49BA,479,"289817676974
"
49BA,455,"289917377399
"
49BA,448,"290017082897
"
49BA,455,"290117785432
"
49BA,477,"290217497497
"
49BA,454,"290317209780
"
49BA,477,"290416909916
"
49BA,456,"290517639673
"
49BA,477,"290617340197
"
49BA,478,"290717051993
"
49BA,478,"290817780548
"
49BA,477,"290917485733
"
49BA,478,"291017177615
"
49BA,479,"291116870618
"
49BA,456,"291217563121
"
49BA,476,"291317310203
"
49BA,430,"291417013595
"
49BA,478,"291516728655
"
49BA,480,"291617422405
"
49BA,479,"291717130965
"
49BA,477,"291816853192
"
49BA,480,"291917542276
"
49BA,454,"292017256001
"
49BA,430,"292116959183
"
49BA,456,"292216690735
"
49BA,457,"292317285645
"
49BA,478,"292417100136
"
49BA,477,"292516802541
"
49BA,479,"292616563511
"
49BA,478,"292717209761
"
49BA,480,"292816939718
"
49BA,479,"292916640836
"
49BA,477,"293017393924
"
49BA,476,"293117079777
"
49BA,476,"293216762848
"
49BA,477,"293316393335
"
49BA,477,"293417158322
"
49BA,479,"293616619933
"
49BA,411,"293716314756
"
49BA,478,"293817008581
"
49BA,479,"293916740537
"
49BA,455,"294016458244
"
49BA,476,"294216862750
"
49BA,479,"294316607244
"
49BA,477,"294416177439
"
49BA,479,"294516971904
"
49BA,477,"294616696527
"
49BA,477,"294716442498
"
49BA,479,"294816159859
"
49BA,477,"294916894537
"
49BA,478,"295016607214
"
49BA,457,"295116280499
"
49BA,432,"295217002529
"
49BA,476,"295316716423
"
49BA,477,"295417413964
"
49BA,477,"295516114889
"
49BA,478,"295616835608
"
49BA,451,"295716550887
"
49BA,454,"295816254768
"
49BA,479,"295915961978
"
49BA,478,"296016727160
"
49BA,454,"296116371541
"
49BA,477,"296216087251
"
49BA,477,"296416497740
"
49BA,455,"296516201984
"
49BA,452,"296615949866
"
49BA,477,"296716629829
"
49BA,478,"296816338714
"
49BA,478,"296916038292
"
49BA,479,"297117447224
"
49BA,454,"297216180476
"
49BA,448,"297315870131
"
49BA,430,"297416332439
"
49BA,477,"297516262065
"
49BA,450,"297615952257
"
49BA,455,"297816385982
"
49BA,480,"297916085993
"
49BA,477,"298015791791
"
49BA,456,"298114519427
"
49BA,477,"298216200334
"
49BA,457,"298315978277
"
49BA,477,"298415652848
"
49BA,478,"298516375190
"
49BA,475,"298616088961
"
49BA,479,"298715776339
"
49BA,477,"298815496989
"
49BA,426,"298916221400
"
49BA,477,"299015908520
"
49BA,457,"299115622690
"
49BA,478,"299215333762
"
49BA,430,"299316067645
"
49BA,481,"299415777817
"
49BA,480,"299515458678
"
49BA,477,"299616172042
"
49BA,477,"299715873500
"
49BA,477,"299815579126
"
49BA,477,"299915300447
"
49BA,456,"300016025283
"
