ID;Range;Timestamp;Erro;X;Y
D62A;1.96;1693529724034;0.04;0;4
D62A;1.94;1693529724060;0.06
D62A;1.89;1693529724160;0.11
D62A;1.95;1693529724260;0.05
D62A;1.92;1693529724360;0.08
D62A;1.91;1693529724460;0.09
D62A;1.96;1693529724560;0.04
D62A;1.93;1693529724660;0.07
D62A;1.91;1693529724760;0.09
D62A;1.91;1693529724860;0.09
D62A;1.93;1693529724960;0.07
D62A;1.94;1693529725060;0.06
D62A;1.92;1693529725160;0.08
D62A;1.95;1693529725260;0.05
D62A;1.91;1693529725360;0.09
D62A;1.93;1693529725460;0.07
D62A;1.93;1693529725560;0.07
D62A;1.93;1693529725660;0.07
D62A;1.92;1693529725760;0.08
D62A;1.94;1693529725860;0.06
D62A;1.92;1693529725960;0.08
D62A;1.93;1693529726060;0.07
D62A;1.92;1693529726160;0.08
D62A;1.92;1693529726260;0.08
D62A;1.94;1693529726360;0.06
D62A;1.92;1693529726460;0.08
D62A;1.93;1693529726560;0.07
D62A;1.92;1693529726660;0.08
D62A;1.96;1693529726760;0.04
D62A;1.95;1693529726860;0.05
D62A;1.9;1693529726960;0.1
D62A;1.91;1693529727060;0.09
D62A;1.94;1693529727160;0.06
D62A;1.91;1693529727260;0.09
D62A;1.95;1693529727360;0.05
D62A;1.96;1693529727460;0.04
D62A;1.93;1693529727560;0.07
D62A;1.93;1693529727660;0.07
D62A;1.92;1693529727760;0.08
D62A;1.91;1693529727860;0.09
D62A;1.92;1693529727960;0.08
D62A;1.95;1693529728060;0.05
D62A;1.94;1693529728160;0.06
D62A;1.92;1693529728260;0.08
D62A;1.95;1693529728360;0.05
D62A;1.93;1693529728460;0.07
D62A;1.95;1693529728560;0.05
D62A;1.92;1693529728660;0.08
D62A;1.93;1693529728760;0.07
D62A;1.95;1693529728860;0.05
D62A;1.93;1693529728960;0.07
D62A;1.91;1693529729060;0.09
D62A;1.94;1693529729160;0.06
D62A;1.95;1693529729260;0.05
D62A;1.92;1693529729360;0.08
D62A;1.92;1693529729560;0.08
D62A;1.93;1693529729660;0.07
D62A;1.94;1693529729760;0.06
D62A;1.96;1693529729860;0.04
D62A;1.93;1693529729960;0.07
D62A;1.96;1693529730060;0.04
D62A;1.95;1693529730160;0.05
D62A;1.94;1693529730260;0.06
D62A;1.92;1693529730360;0.08
D62A;1.93;1693529730460;0.07
D62A;1.94;1693529730560;0.06
D62A;1.94;1693529730660;0.06
D62A;1.95;1693529730760;0.05
D62A;1.93;1693529730860;0.07
D62A;1.94;1693529730960;0.06
D62A;1.95;1693529731060;0.05
D62A;1.94;1693529731160;0.06
D62A;1.93;1693529731260;0.07
D62A;1.96;1693529731360;0.04
D62A;1.94;1693529731460;0.06
D62A;1.94;1693529731560;0.06
D62A;1.95;1693529731660;0.05
D62A;1.91;1693529731760;0.09
D62A;1.95;1693529731860;0.05
D62A;1.95;1693529731960;0.05
D62A;1.95;1693529732060;0.05
D62A;1.89;1693529732160;0.11
D62A;1.96;1693529732260;0.04
D62A;1.95;1693529732360;0.05
D62A;1.94;1693529732460;0.06
D62A;1.9;1693529732560;0.1
D62A;1.93;1693529732660;0.07
D62A;1.93;1693529732760;0.07
D62A;1.95;1693529732860;0.05
D62A;1.93;1693529732960;0.07
D62A;1.93;1693529733060;0.07
D62A;1.94;1693529733160;0.06
D62A;1.93;1693529733260;0.07
D62A;1.94;1693529733360;0.06
D62A;1.93;1693529733460;0.07
D62A;1.95;1693529733560;0.05
D62A;1.93;1693529733660;0.07
D62A;1.93;1693529733760;0.07
D62A;1.94;1693529733860;0.06
D62A;1.96;1693529733960;0.04
D62A;1.94;1693529734060;0.06
D62A;1.94;1693529734160;0.06
D62A;1.91;1693529734260;0.09
D62A;1.94;1693529734360;0.06
D62A;1.93;1693529734460;0.07
D62A;1.92;1693529734560;0.08
D62A;1.94;1693529734660;0.06
D62A;1.93;1693529734760;0.07
D62A;1.94;1693529734860;0.06
D62A;1.94;1693529734960;0.06
D62A;1.93;1693529735060;0.07
D62A;1.92;1693529735160;0.08
D62A;1.91;1693529735260;0.09
D62A;1.93;1693529735360;0.07
D62A;1.93;1693529735460;0.07
D62A;1.93;1693529735560;0.07
D62A;1.93;1693529735660;0.07
D62A;1.91;1693529735760;0.09
D62A;1.94;1693529735860;0.06
D62A;1.94;1693529735960;0.06
D62A;1.91;1693529736060;0.09
D62A;1.93;1693529736160;0.07
D62A;1.94;1693529736260;0.06
D62A;1.94;1693529736360;0.06
D62A;1.93;1693529736460;0.07
D62A;1.94;1693529736560;0.06
D62A;1.93;1693529736660;0.07
D62A;1.93;1693529736760;0.07
D62A;1.94;1693529736860;0.06
D62A;1.97;1693529736960;0.03
D62A;1.93;1693529737060;0.07
D62A;1.96;1693529737160;0.04
D62A;1.95;1693529737260;0.05
D62A;1.96;1693529737360;0.04
D62A;1.93;1693529737460;0.07
D62A;1.92;1693529737560;0.08
D62A;1.97;1693529737660;0.03
D62A;1.93;1693529737760;0.07
D62A;1.96;1693529737860;0.04
D62A;1.94;1693529737960;0.06
D62A;1.95;1693529738060;0.05
D62A;1.9;1693529738160;0.1
D62A;1.93;1693529738260;0.07
D62A;1.96;1693529738360;0.04
D62A;1.93;1693529738460;0.07
D62A;1.94;1693529738560;0.06
D62A;1.95;1693529738660;0.05
D62A;1.94;1693529738760;0.06
D62A;1.92;1693529738860;0.08
D62A;1.95;1693529738960;0.05
D62A;1.93;1693529739060;0.07
D62A;1.92;1693529739160;0.08
D62A;1.93;1693529739260;0.07
D62A;1.93;1693529739360;0.07
D62A;1.92;1693529739460;0.08
D62A;1.95;1693529739560;0.05
D62A;1.91;1693529739660;0.09
D62A;1.93;1693529739760;0.07
D62A;1.92;1693529739860;0.08
D62A;1.92;1693529739960;0.08
D62A;1.94;1693529740060;0.06
D62A;1.93;1693529740160;0.07
D62A;1.91;1693529740260;0.09
D62A;1.92;1693529740360;0.08
D62A;1.91;1693529740460;0.09
D62A;1.93;1693529740560;0.07
D62A;1.94;1693529740660;0.06
D62A;1.93;1693529740760;0.07
D62A;1.94;1693529740860;0.06
D62A;1.94;1693529740960;0.06
D62A;1.93;1693529741060;0.07
D62A;1.93;1693529741160;0.07
D62A;1.93;1693529741260;0.07
D62A;1.93;1693529741360;0.07
D62A;1.93;1693529741460;0.07
D62A;1.94;1693529741560;0.06
D62A;1.92;1693529741660;0.08
D62A;1.94;1693529741760;0.06
D62A;1.93;1693529741860;0.07
D62A;1.93;1693529741960;0.07
D62A;1.92;1693529742060;0.08
D62A;1.95;1693529742160;0.05
D62A;1.94;1693529742260;0.06
D62A;1.93;1693529742360;0.07
D62A;1.93;1693529742460;0.07
D62A;1.93;1693529742560;0.07
D62A;1.92;1693529742660;0.08
D62A;1.95;1693529742760;0.05
D62A;1.93;1693529742860;0.07
D62A;1.93;1693529742960;0.07
D62A;1.91;1693529743061;0.09
D62A;1.95;1693529743160;0.05
D62A;1.91;1693529743260;0.09
D62A;1.91;1693529743360;0.09
D62A;1.94;1693529743460;0.06
D62A;1.93;1693529743560;0.07
D62A;1.95;1693529743660;0.05
D62A;1.96;1693529743760;0.04
D62A;1.91;1693529743860;0.09
D62A;1.95;1693529743960;0.05
D62A;1.94;1693529744060;0.06
D62A;1.95;1693529744160;0.05
D62A;1.96;1693529744260;0.04
D62A;1.96;1693529744360;0.04
D62A;1.93;1693529744460;0.07
D62A;1.88;1693529744560;0.12
D62A;1.93;1693529744660;0.07
D62A;1.93;1693529744760;0.07
D62A;1.95;1693529744860;0.05
D62A;1.91;1693529744960;0.09
D62A;1.95;1693529745060;0.05
D62A;1.89;1693529745160;0.11
D62A;1.94;1693529745260;0.06
D62A;1.94;1693529745360;0.06
D62A;1.91;1693529745461;0.09
D62A;1.94;1693529745561;0.06
D62A;1.93;1693529745660;0.07
D62A;1.96;1693529745760;0.04
D62A;1.93;1693529745860;0.07
D62A;1.94;1693529745960;0.06
D62A;1.93;1693529746060;0.07
D62A;1.96;1693529746160;0.04
D62A;1.96;1693529746260;0.04
D62A;1.96;1693529746360;0.04
D62A;1.94;1693529746460;0.06
D62A;1.93;1693529746560;0.07
D62A;1.93;1693529746660;0.07
D62A;1.92;1693529746760;0.08
D62A;1.96;1693529746860;0.04
D62A;1.94;1693529746960;0.06
D62A;1.94;1693529747060;0.06
D62A;1.95;1693529747160;0.05
D62A;1.95;1693529747260;0.05
D62A;1.93;1693529747360;0.07
D62A;1.94;1693529747460;0.06
D62A;1.93;1693529747560;0.07
D62A;1.94;1693529747660;0.06
D62A;1.93;1693529747760;0.07
D62A;1.92;1693529747860;0.08
D62A;1.94;1693529747960;0.06
D62A;1.95;1693529748060;0.05
D62A;1.92;1693529748161;0.08
D62A;1.9;1693529748260;0.1
D62A;1.94;1693529748361;0.06
D62A;1.94;1693529748460;0.06
D62A;1.93;1693529748560;0.07
D62A;1.93;1693529748660;0.07
D62A;1.93;1693529748760;0.07
D62A;1.93;1693529748860;0.07
D62A;1.93;1693529748960;0.07
D62A;1.92;1693529749060;0.08
D62A;1.92;1693529749160;0.08
D62A;1.95;1693529749260;0.05
D62A;1.93;1693529749360;0.07
D62A;1.92;1693529749460;0.08
D62A;1.9;1693529749560;0.1
D62A;1.94;1693529749660;0.06
D62A;1.94;1693529749760;0.06
D62A;1.93;1693529749860;0.07
D62A;1.92;1693529749960;0.08
D62A;1.9;1693529750060;0.1
D62A;1.97;1693529750160;0.03
D62A;1.94;1693529750260;0.06
D62A;1.91;1693529750360;0.09
D62A;1.92;1693529750461;0.08
D62A;1.96;1693529750560;0.04
D62A;1.96;1693529750661;0.04
D62A;1.93;1693529750760;0.07
D62A;1.93;1693529750860;0.07
D62A;1.93;1693529750960;0.07
D62A;1.93;1693529751060;0.07
D62A;1.94;1693529751161;0.06
D62A;1.94;1693529751260;0.06
D62A;1.93;1693529751360;0.07
D62A;1.93;1693529751460;0.07
D62A;1.9;1693529751561;0.1
D62A;1.92;1693529751660;0.08
D62A;1.91;1693529751760;0.09
D62A;1.93;1693529751860;0.07
D62A;1.92;1693529751960;0.08
D62A;1.89;1693529752060;0.11
D62A;1.93;1693529752160;0.07
D62A;1.93;1693529752260;0.07
D62A;1.96;1693529752361;0.04
D62A;1.92;1693529752460;0.08
D62A;1.95;1693529752561;0.05
D62A;1.94;1693529752661;0.06
D62A;1.92;1693529752760;0.08
D62A;1.93;1693529752860;0.07
D62A;1.92;1693529752960;0.08
D62A;1.94;1693529753061;0.06
D62A;1.93;1693529753160;0.07
D62A;1.93;1693529753260;0.07
D62A;1.91;1693529753360;0.09
D62A;1.95;1693529753460;0.05
D62A;1.91;1693529753561;0.09
D62A;1.92;1693529753661;0.08
D62A;1.9;1693529753760;0.1
D62A;1.93;1693529753861;0.07
D62A;1.95;1693529753960;0.05
D62A;1.92;1693529754061;0.08
D62A;1.93;1693529754161;0.07
D62A;1.95;1693529754261;0.05
D62A;1.92;1693529754361;0.08
D62A;1.95;1693529754460;0.05
D62A;1.94;1693529754560;0.06
D62A;1.93;1693529754660;0.07
D62A;1.94;1693529754760;0.06
D62A;1.89;1693529754860;0.11
D62A;1.92;1693529754961;0.08
D62A;1.93;1693529755061;0.07
D62A;1.94;1693529755160;0.06
D62A;1.9;1693529755261;0.1
D62A;1.93;1693529755361;0.07
D62A;1.95;1693529755461;0.05
D62A;1.93;1693529755561;0.07
D62A;1.91;1693529755661;0.09
D62A;1.94;1693529755761;0.06
D62A;1.93;1693529755861;0.07
D62A;1.95;1693529755961;0.05
D62A;1.95;1693529756061;0.05
D62A;1.93;1693529756161;0.07
D62A;1.94;1693529756260;0.06
D62A;1.93;1693529756360;0.07
D62A;1.93;1693529756461;0.07
D62A;1.93;1693529756561;0.07
D62A;1.92;1693529756661;0.08
D62A;1.92;1693529756761;0.08
D62A;1.93;1693529756861;0.07
D62A;1.93;1693529756961;0.07
D62A;1.93;1693529757061;0.07
D62A;1.96;1693529757161;0.04
D62A;1.93;1693529757261;0.07
D62A;1.93;1693529757361;0.07
D62A;1.92;1693529757461;0.08
D62A;1.97;1693529757561;0.03
D62A;1.92;1693529757661;0.08
D62A;1.93;1693529757761;0.07
D62A;1.94;1693529757861;0.06
D62A;1.96;1693529757961;0.04
D62A;1.89;1693529758061;0.11
D62A;1.93;1693529758161;0.07
D62A;1.96;1693529758261;0.04
D62A;1.94;1693529758361;0.06
D62A;1.93;1693529758461;0.07
D62A;1.93;1693529758561;0.07
D62A;1.95;1693529758661;0.05
D62A;1.93;1693529758761;0.07
D62A;1.93;1693529758861;0.07
D62A;1.91;1693529758961;0.09
D62A;1.96;1693529759061;0.04
D62A;1.94;1693529759161;0.06
D62A;2;1693529759261;0
D62A;1.95;1693529759361;0.05
D62A;1.95;1693529759461;0.05
D62A;1.93;1693529759561;0.07
D62A;1.96;1693529759661;0.04
D62A;1.94;1693529759761;0.06
D62A;1.94;1693529759861;0.06
D62A;1.95;1693529759961;0.05
D62A;1.92;1693529760061;0.08
D62A;1.95;1693529760161;0.05
D62A;1.92;1693529760261;0.08
D62A;1.95;1693529760361;0.05
D62A;1.92;1693529760461;0.08
D62A;1.93;1693529760561;0.07
D62A;1.95;1693529760661;0.05
D62A;1.91;1693529760761;0.09
D62A;1.93;1693529760861;0.07
D62A;1.95;1693529760961;0.05
D62A;1.95;1693529761061;0.05
D62A;1.92;1693529761161;0.08
D62A;1.91;1693529761261;0.09
D62A;1.92;1693529761361;0.08
D62A;1.93;1693529761461;0.07
D62A;1.93;1693529761561;0.07
D62A;1.89;1693529761661;0.11
D62A;1.96;1693529761761;0.04
D62A;1.9;1693529761861;0.1
D62A;1.94;1693529761961;0.06
D62A;1.96;1693529762161;0.04
D62A;1.94;1693529762261;0.06
D62A;1.91;1693529762361;0.09
D62A;1.95;1693529762461;0.05
D62A;1.92;1693529762561;0.08
D62A;1.94;1693529762661;0.06
D62A;1.93;1693529762761;0.07
D62A;1.95;1693529762861;0.05
D62A;1.94;1693529762961;0.06
D62A;1.91;1693529763061;0.09
D62A;1.92;1693529763161;0.08
D62A;1.93;1693529763261;0.07
D62A;1.93;1693529763361;0.07
D62A;1.93;1693529763461;0.07
D62A;1.93;1693529763561;0.07
D62A;1.96;1693529763661;0.04
D62A;1.93;1693529763761;0.07
D62A;1.93;1693529763861;0.07
D62A;1.97;1693529763961;0.03
D62A;1.94;1693529764061;0.06
D62A;1.93;1693529764161;0.07
D62A;1.93;1693529764261;0.07
D62A;1.94;1693529764361;0.06
D62A;1.96;1693529764461;0.04
D62A;1.9;1693529764561;0.1
D62A;1.91;1693529764661;0.09
D62A;1.94;1693529764761;0.06
D62A;1.93;1693529764861;0.07
D62A;1.95;1693529764961;0.05
D62A;1.96;1693529765061;0.04
D62A;1.92;1693529765161;0.08
D62A;1.93;1693529765261;0.07
D62A;1.95;1693529765361;0.05
D62A;1.96;1693529765461;0.04
D62A;1.94;1693529765561;0.06
D62A;1.94;1693529765661;0.06
D62A;1.93;1693529765761;0.07
D62A;1.92;1693529765861;0.08
D62A;1.93;1693529765961;0.07
D62A;1.95;1693529766061;0.05
D62A;1.93;1693529766161;0.07
D62A;1.94;1693529766261;0.06
D62A;1.91;1693529766361;0.09
D62A;1.91;1693529766461;0.09
D62A;1.96;1693529766561;0.04
D62A;1.95;1693529766661;0.05
D62A;1.93;1693529766761;0.07
D62A;1.94;1693529766861;0.06
D62A;1.93;1693529766961;0.07
D62A;1.94;1693529767061;0.06
D62A;1.91;1693529767161;0.09
D62A;1.93;1693529767261;0.07
D62A;1.94;1693529767361;0.06
D62A;1.93;1693529767461;0.07
D62A;1.96;1693529767561;0.04
D62A;1.96;1693529767661;0.04
D62A;1.93;1693529767761;0.07
D62A;1.9;1693529767861;0.1
D62A;1.96;1693529767961;0.04
D62A;1.95;1693529768061;0.05
D62A;1.95;1693529768161;0.05
D62A;1.95;1693529768261;0.05
D62A;1.94;1693529768361;0.06
D62A;1.93;1693529768461;0.07
D62A;1.93;1693529768561;0.07
D62A;1.91;1693529768661;0.09
D62A;1.92;1693529768761;0.08
D62A;1.93;1693529768861;0.07
D62A;1.94;1693529768961;0.06
D62A;1.94;1693529769061;0.06
D62A;1.95;1693529769161;0.05
D62A;1.93;1693529769261;0.07
D62A;1.92;1693529769361;0.08
D62A;1.94;1693529769461;0.06
D62A;1.94;1693529769561;0.06
D62A;1.92;1693529769661;0.08
D62A;1.93;1693529769761;0.07
D62A;1.92;1693529769861;0.08
D62A;1.94;1693529769961;0.06
D62A;1.93;1693529770061;0.07
D62A;1.93;1693529770161;0.07
D62A;1.91;1693529770261;0.09
D62A;1.9;1693529770361;0.1
D62A;1.93;1693529770461;0.07
D62A;1.93;1693529770561;0.07
D62A;1.87;1693529770661;0.13
D62A;1.93;1693529770761;0.07
D62A;1.93;1693529770861;0.07
D62A;1.95;1693529770961;0.05
D62A;1.94;1693529771061;0.06
D62A;1.93;1693529771161;0.07
D62A;1.95;1693529771261;0.05
D62A;1.95;1693529771361;0.05
D62A;1.93;1693529771461;0.07
D62A;1.95;1693529771561;0.05
D62A;1.94;1693529771661;0.06
D62A;1.95;1693529771761;0.05
D62A;1.97;1693529771861;0.03
D62A;1.92;1693529771961;0.08
D62A;1.89;1693529772061;0.11
D62A;1.93;1693529772161;0.07
D62A;1.92;1693529772261;0.08
D62A;1.93;1693529772361;0.07
D62A;1.91;1693529772461;0.09
D62A;1.9;1693529772561;0.1
D62A;1.92;1693529772661;0.08
D62A;1.91;1693529772761;0.09
D62A;1.93;1693529772861;0.07
D62A;1.94;1693529772961;0.06
D62A;1.94;1693529773061;0.06
D62A;1.9;1693529773161;0.1
D62A;1.96;1693529773261;0.04
D62A;1.94;1693529773361;0.06
D62A;1.93;1693529773461;0.07
D62A;1.94;1693529773561;0.06
D62A;1.94;1693529773661;0.06
D62A;1.91;1693529773761;0.09
D62A;1.95;1693529773861;0.05
D62A;1.94;1693529773961;0.06
D62A;1.95;1693529774061;0.05
D62A;1.93;1693529774161;0.07
D62A;1.93;1693529774261;0.07
D62A;1.94;1693529774361;0.06
D62A;1.93;1693529774461;0.07
D62A;1.95;1693529774561;0.05
D62A;1.9;1693529774661;0.1
D62A;1.94;1693529774761;0.06
D62A;1.92;1693529774861;0.08
D62A;1.93;1693529774961;0.07
D62A;1.92;1693529775061;0.08
D62A;1.91;1693529775161;0.09
D62A;1.94;1693529775261;0.06
D62A;1.96;1693529775361;0.04
D62A;1.92;1693529775461;0.08
D62A;1.95;1693529775561;0.05
D62A;1.92;1693529775661;0.08
D62A;1.94;1693529775761;0.06
D62A;1.93;1693529775861;0.07
D62A;1.92;1693529775961;0.08
D62A;1.96;1693529776061;0.04
D62A;1.93;1693529776161;0.07
D62A;1.94;1693529776261;0.06
D62A;1.93;1693529776361;0.07
D62A;1.97;1693529776461;0.03
D62A;1.93;1693529776561;0.07
D62A;1.93;1693529776661;0.07
D62A;1.92;1693529776761;0.08
D62A;1.97;1693529776861;0.03
D62A;1.91;1693529776961;0.09
D62A;1.91;1693529777061;0.09
D62A;1.93;1693529777161;0.07
D62A;1.94;1693529777261;0.06
D62A;1.91;1693529777361;0.09
D62A;1.95;1693529777461;0.05
D62A;1.93;1693529777561;0.07
D62A;1.91;1693529777661;0.09
D62A;1.94;1693529777761;0.06
D62A;1.93;1693529777861;0.07
D62A;1.93;1693529777961;0.07
D62A;1.91;1693529778061;0.09
D62A;1.95;1693529778161;0.05
D62A;1.94;1693529778261;0.06
D62A;1.94;1693529778361;0.06
D62A;1.95;1693529778461;0.05
D62A;1.9;1693529778561;0.1
D62A;1.95;1693529778661;0.05
D62A;1.95;1693529778761;0.05
D62A;1.93;1693529778861;0.07
D62A;1.93;1693529778961;0.07
D62A;1.96;1693529779061;0.04
D62A;1.93;1693529779161;0.07
D62A;1.96;1693529779261;0.04
D62A;1.91;1693529779361;0.09
D62A;1.95;1693529779461;0.05
D62A;1.93;1693529779561;0.07
D62A;1.94;1693529779661;0.06
D62A;1.93;1693529779761;0.07
D62A;1.93;1693529779861;0.07
D62A;1.94;1693529779961;0.06
D62A;1.94;1693529780061;0.06
D62A;1.93;1693529780161;0.07
D62A;1.93;1693529780261;0.07
D62A;1.94;1693529780361;0.06
D62A;1.93;1693529780461;0.07
D62A;1.97;1693529780561;0.03
D62A;1.95;1693529780661;0.05
D62A;1.93;1693529780761;0.07
D62A;1.92;1693529780861;0.08
D62A;1.96;1693529780961;0.04
D62A;1.91;1693529781061;0.09
D62A;1.89;1693529781161;0.11
D62A;1.91;1693529781261;0.09
D62A;1.94;1693529781361;0.06
D62A;1.94;1693529781461;0.06
D62A;1.93;1693529781561;0.07
D62A;1.94;1693529781661;0.06
D62A;1.9;1693529781761;0.1
D62A;1.93;1693529781861;0.07
D62A;1.94;1693529781961;0.06
D62A;1.9;1693529782061;0.1
D62A;1.94;1693529782161;0.06
D62A;1.95;1693529782261;0.05
D62A;1.93;1693529782361;0.07
D62A;1.94;1693529782461;0.06
D62A;1.96;1693529782561;0.04
D62A;1.93;1693529782661;0.07
D62A;1.9;1693529782761;0.1
D62A;1.95;1693529782861;0.05
D62A;1.95;1693529782961;0.05
D62A;1.94;1693529783061;0.06
D62A;1.93;1693529783161;0.07
D62A;1.94;1693529783261;0.06
D62A;1.94;1693529783361;0.06
D62A;1.92;1693529783461;0.08
D62A;1.92;1693529783561;0.08
D62A;1.95;1693529783661;0.05
D62A;1.9;1693529783761;0.1
D62A;1.96;1693529783861;0.04
D62A;1.93;1693529783961;0.07
D62A;1.92;1693529784061;0.08
D62A;1.94;1693529784161;0.06
D62A;1.91;1693529784261;0.09
D62A;1.93;1693529784361;0.07
D62A;1.92;1693529784461;0.08
D62A;1.92;1693529784561;0.08
D62A;1.95;1693529784661;0.05
D62A;1.92;1693529784761;0.08
D62A;1.93;1693529784861;0.07
D62A;1.96;1693529784961;0.04
D62A;1.95;1693529785061;0.05
D62A;1.93;1693529785161;0.07
D62A;1.92;1693529785261;0.08
D62A;1.94;1693529785361;0.06
D62A;1.96;1693529785462;0.04
D62A;1.92;1693529785561;0.08
D62A;1.93;1693529785661;0.07
D62A;1.93;1693529785761;0.07
D62A;1.94;1693529785861;0.06
D62A;1.93;1693529785961;0.07
D62A;1.91;1693529786061;0.09
D62A;1.93;1693529786161;0.07
D62A;1.92;1693529786261;0.08
D62A;1.93;1693529786361;0.07
D62A;1.93;1693529786461;0.07
D62A;1.95;1693529786561;0.05
D62A;1.94;1693529786661;0.06
D62A;1.9;1693529786761;0.1
D62A;1.95;1693529786861;0.05
D62A;1.96;1693529786961;0.04
D62A;1.95;1693529787061;0.05
D62A;1.89;1693529787161;0.11
D62A;1.94;1693529787261;0.06
D62A;1.92;1693529787361;0.08
D62A;1.91;1693529787461;0.09
D62A;1.93;1693529787561;0.07
D62A;1.92;1693529787661;0.08
D62A;1.93;1693529787761;0.07
D62A;1.94;1693529787861;0.06
D62A;1.92;1693529787961;0.08
D62A;1.95;1693529788061;0.05
D62A;1.93;1693529788161;0.07
D62A;1.93;1693529788261;0.07
D62A;1.93;1693529788361;0.07
D62A;1.91;1693529788461;0.09
D62A;1.95;1693529788561;0.05
D62A;1.92;1693529788661;0.08
D62A;1.9;1693529788761;0.1
D62A;1.95;1693529788861;0.05
D62A;1.92;1693529788961;0.08
D62A;1.94;1693529789061;0.06
D62A;1.93;1693529789161;0.07
D62A;1.94;1693529789261;0.06
D62A;1.94;1693529789361;0.06
D62A;1.95;1693529789461;0.05
D62A;1.96;1693529789561;0.04
D62A;1.97;1693529789661;0.03
D62A;1.94;1693529789761;0.06
D62A;1.92;1693529789861;0.08
D62A;1.94;1693529789961;0.06
D62A;1.95;1693529790061;0.05
D62A;1.93;1693529790161;0.07
D62A;1.91;1693529790261;0.09
D62A;1.93;1693529790361;0.07
D62A;1.93;1693529790462;0.07
D62A;1.92;1693529790561;0.08
D62A;1.93;1693529790661;0.07
D62A;1.94;1693529790761;0.06
D62A;1.94;1693529790861;0.06
D62A;1.93;1693529790961;0.07
D62A;1.93;1693529791061;0.07
D62A;1.93;1693529791161;0.07
D62A;1.93;1693529791261;0.07
D62A;1.93;1693529791361;0.07
D62A;1.93;1693529791461;0.07
D62A;1.93;1693529791561;0.07
D62A;1.94;1693529791661;0.06
D62A;1.95;1693529791761;0.05
D62A;1.96;1693529791861;0.04
D62A;1.92;1693529791961;0.08
D62A;1.94;1693529792061;0.06
D62A;1.93;1693529792161;0.07
D62A;1.93;1693529792261;0.07
D62A;1.95;1693529792361;0.05
D62A;1.95;1693529792461;0.05
D62A;1.9;1693529792561;0.1
D62A;1.98;1693529792661;0.02
D62A;1.93;1693529792761;0.07
D62A;1.92;1693529792861;0.08
D62A;1.94;1693529792961;0.06
D62A;1.93;1693529793061;0.07
D62A;1.93;1693529793161;0.07
D62A;1.92;1693529793261;0.08
D62A;1.95;1693529793361;0.05
D62A;1.92;1693529793461;0.08
D62A;1.97;1693529793561;0.03
D62A;1.92;1693529793661;0.08
D62A;1.92;1693529793761;0.08
D62A;1.93;1693529793861;0.07
D62A;1.93;1693529793961;0.07
D62A;1.94;1693529794061;0.06
D62A;1.92;1693529794161;0.08
D62A;1.93;1693529794261;0.07
D62A;1.93;1693529794361;0.07
D62A;1.92;1693529794461;0.08
D62A;1.9;1693529794561;0.1
D62A;1.91;1693529794661;0.09
D62A;1.94;1693529794761;0.06
D62A;1.95;1693529794861;0.05
D62A;1.91;1693529794961;0.09
D62A;1.93;1693529795061;0.07
D62A;1.94;1693529795161;0.06
D62A;1.94;1693529795261;0.06
D62A;1.92;1693529795361;0.08
D62A;1.94;1693529795462;0.06
D62A;1.94;1693529795661;0.06
D62A;1.94;1693529795761;0.06
D62A;1.94;1693529795861;0.06
D62A;1.94;1693529795961;0.06
D62A;1.97;1693529796061;0.03
D62A;1.93;1693529796161;0.07
D62A;1.93;1693529796261;0.07
D62A;1.94;1693529796361;0.06
D62A;1.94;1693529796461;0.06
D62A;1.95;1693529796561;0.05
D62A;1.94;1693529796661;0.06
D62A;1.93;1693529796761;0.07
D62A;1.93;1693529796861;0.07
D62A;1.95;1693529796961;0.05
D62A;1.9;1693529797061;0.1
D62A;1.93;1693529797161;0.07
D62A;1.91;1693529797261;0.09
D62A;1.94;1693529797361;0.06
D62A;1.94;1693529797461;0.06
D62A;1.93;1693529797561;0.07
D62A;1.93;1693529797661;0.07
D62A;1.92;1693529797761;0.08
D62A;1.93;1693529797861;0.07
D62A;1.95;1693529797962;0.05
D62A;1.93;1693529798061;0.07
D62A;1.95;1693529798162;0.05
D62A;1.92;1693529798262;0.08
D62A;1.88;1693529798362;0.12
D62A;1.94;1693529798462;0.06
D62A;1.93;1693529798561;0.07
D62A;1.94;1693529798661;0.06
D62A;1.95;1693529798761;0.05
D62A;1.92;1693529798862;0.08
D62A;1.93;1693529798961;0.07
D62A;1.91;1693529799061;0.09
D62A;1.91;1693529799161;0.09
D62A;1.92;1693529799261;0.08
D62A;1.94;1693529799361;0.06
D62A;1.93;1693529799461;0.07
D62A;1.93;1693529799561;0.07
D62A;1.93;1693529799661;0.07
D62A;1.95;1693529799761;0.05
D62A;1.89;1693529799861;0.11
D62A;1.92;1693529799961;0.08
D62A;1.92;1693529800062;0.08
D62A;1.93;1693529800161;0.07
D62A;1.96;1693529800262;0.04
D62A;1.89;1693529800361;0.11
D62A;1.9;1693529800462;0.1
D62A;1.94;1693529800562;0.06
D62A;1.94;1693529800662;0.06
D62A;1.94;1693529800761;0.06
D62A;1.94;1693529800862;0.06
D62A;1.94;1693529800962;0.06
D62A;1.94;1693529801062;0.06
D62A;1.94;1693529801162;0.06
D62A;1.93;1693529801262;0.07
D62A;1.95;1693529801362;0.05
D62A;1.95;1693529801461;0.05
D62A;1.89;1693529801562;0.11
D62A;1.92;1693529801662;0.08
D62A;1.93;1693529801762;0.07
D62A;1.94;1693529801862;0.06
D62A;1.94;1693529801962;0.06
D62A;1.95;1693529802062;0.05
D62A;1.9;1693529802162;0.1
D62A;1.93;1693529802262;0.07
D62A;1.93;1693529802362;0.07
D62A;1.9;1693529802462;0.1
D62A;1.93;1693529802562;0.07
D62A;1.96;1693529802662;0.04
D62A;1.96;1693529802762;0.04
D62A;1.95;1693529802862;0.05
D62A;1.92;1693529802962;0.08
D62A;1.94;1693529803062;0.06
D62A;1.92;1693529803162;0.08
D62A;1.93;1693529803262;0.07
D62A;1.89;1693529803362;0.11
D62A;1.93;1693529803462;0.07
D62A;1.94;1693529803562;0.06
D62A;1.96;1693529803662;0.04
D62A;1.94;1693529803762;0.06
D62A;1.96;1693529803862;0.04
D62A;1.93;1693529803962;0.07
D62A;1.93;1693529804062;0.07
D62A;1.95;1693529804162;0.05
D62A;1.91;1693529804262;0.09
D62A;1.93;1693529804362;0.07
D62A;1.93;1693529804462;0.07
D62A;1.95;1693529804562;0.05
D62A;1.93;1693529804662;0.07
D62A;1.9;1693529804762;0.1
D62A;1.9;1693529804862;0.1
D62A;1.93;1693529804962;0.07
D62A;1.91;1693529805062;0.09
D62A;1.93;1693529805162;0.07
D62A;1.95;1693529805262;0.05
D62A;1.92;1693529805362;0.08
D62A;1.94;1693529805462;0.06
D62A;1.93;1693529805562;0.07
D62A;1.94;1693529805662;0.06
D62A;1.93;1693529805762;0.07
D62A;1.91;1693529805862;0.09
D62A;1.91;1693529805962;0.09
D62A;1.91;1693529806062;0.09
D62A;1.95;1693529806162;0.05
D62A;1.94;1693529806262;0.06
D62A;1.9;1693529806362;0.1
D62A;1.94;1693529806462;0.06
D62A;1.92;1693529806562;0.08
D62A;1.92;1693529806662;0.08
D62A;1.94;1693529806762;0.06
D62A;1.93;1693529806862;0.07
D62A;1.91;1693529806962;0.09
D62A;1.94;1693529807062;0.06
D62A;1.91;1693529807162;0.09
D62A;1.92;1693529807262;0.08
D62A;1.93;1693529807362;0.07
D62A;1.93;1693529807462;0.07
D62A;1.94;1693529807562;0.06
D62A;1.93;1693529807662;0.07
D62A;1.92;1693529807762;0.08
D62A;1.88;1693529807862;0.12
D62A;1.92;1693529807962;0.08
D62A;1.9;1693529808062;0.1
D62A;1.91;1693529808162;0.09
D62A;1.92;1693529808262;0.08
D62A;1.92;1693529808362;0.08
D62A;1.91;1693529808462;0.09
D62A;1.94;1693529808562;0.06
D62A;1.92;1693529808662;0.08
D62A;1.94;1693529808762;0.06
D62A;1.94;1693529808862;0.06
D62A;1.93;1693529808962;0.07
D62A;1.91;1693529809062;0.09
D62A;1.93;1693529809162;0.07
D62A;1.92;1693529809262;0.08
D62A;1.92;1693529809362;0.08
D62A;1.91;1693529809462;0.09
D62A;1.93;1693529809562;0.07
D62A;1.93;1693529809662;0.07
D62A;1.93;1693529809762;0.07
D62A;1.91;1693529809862;0.09
D62A;1.9;1693529809962;0.1
D62A;1.94;1693529810062;0.06
D62A;1.93;1693529810162;0.07
D62A;1.93;1693529810262;0.07
D62A;1.92;1693529810362;0.08
D62A;1.92;1693529810462;0.08
D62A;1.93;1693529810562;0.07
D62A;1.9;1693529810662;0.1
D62A;1.94;1693529810762;0.06
D62A;1.95;1693529810862;0.05
D62A;1.91;1693529810962;0.09
D62A;1.91;1693529811062;0.09
D62A;1.91;1693529811162;0.09
D62A;1.95;1693529811262;0.05
D62A;1.92;1693529811362;0.08
D62A;1.93;1693529811462;0.07
D62A;1.95;1693529811562;0.05
D62A;1.93;1693529811662;0.07
D62A;1.96;1693529811762;0.04
D62A;1.93;1693529811862;0.07
D62A;1.94;1693529811962;0.06
D62A;1.96;1693529812062;0.04
D62A;1.92;1693529812162;0.08
D62A;1.93;1693529812262;0.07
D62A;1.92;1693529812362;0.08
D62A;1.95;1693529812462;0.05
D62A;1.93;1693529812562;0.07
D62A;1.91;1693529812662;0.09
D62A;1.96;1693529812762;0.04
D62A;1.96;1693529812862;0.04
D62A;1.91;1693529812962;0.09
D62A;1.94;1693529813062;0.06
D62A;1.93;1693529813162;0.07
D62A;1.94;1693529813262;0.06
D62A;1.93;1693529813362;0.07
D62A;1.93;1693529813462;0.07
D62A;1.94;1693529813562;0.06
D62A;1.94;1693529813662;0.06
D62A;1.94;1693529813762;0.06
D62A;1.91;1693529813862;0.09
D62A;1.96;1693529813962;0.04
D62A;1.94;1693529814062;0.06
D62A;1.95;1693529814162;0.05
D62A;1.95;1693529814262;0.05
D62A;1.97;1693529814362;0.03
D62A;1.95;1693529814462;0.05
D62A;1.93;1693529814562;0.07
D62A;1.91;1693529814662;0.09
D62A;1.96;1693529814762;0.04
D62A;1.92;1693529814862;0.08
D62A;1.95;1693529814962;0.05
D62A;1.93;1693529815062;0.07
D62A;1.92;1693529815162;0.08
D62A;1.91;1693529815262;0.09
D62A;1.96;1693529815362;0.04
D62A;1.94;1693529815462;0.06
D62A;1.93;1693529815562;0.07
D62A;1.94;1693529815662;0.06
D62A;1.94;1693529815762;0.06
D62A;1.93;1693529815862;0.07
D62A;1.93;1693529815962;0.07
D62A;1.92;1693529816062;0.08
D62A;1.93;1693529816162;0.07
D62A;1.95;1693529816262;0.05
D62A;1.96;1693529816362;0.04
D62A;1.93;1693529816462;0.07
D62A;1.9;1693529816562;0.1
D62A;1.96;1693529816662;0.04
D62A;1.94;1693529816762;0.06
D62A;1.94;1693529816862;0.06
D62A;1.98;1693529816962;0.02
D62A;1.9;1693529817062;0.1
D62A;1.9;1693529817162;0.1
D62A;1.93;1693529817262;0.07
D62A;1.94;1693529817362;0.06
D62A;1.93;1693529817462;0.07
D62A;1.96;1693529817562;0.04
D62A;1.93;1693529817662;0.07
D62A;1.92;1693529817762;0.08
D62A;1.92;1693529817862;0.08
D62A;1.93;1693529817962;0.07
D62A;1.93;1693529818062;0.07
D62A;1.92;1693529818162;0.08
D62A;1.93;1693529818262;0.07
D62A;1.92;1693529818362;0.08
D62A;1.95;1693529818462;0.05
D62A;1.92;1693529818562;0.08
D62A;1.94;1693529818662;0.06
D62A;1.91;1693529818762;0.09
D62A;1.94;1693529818862;0.06
D62A;1.92;1693529818962;0.08
D62A;1.94;1693529819062;0.06
D62A;1.89;1693529819162;0.11
D62A;1.91;1693529819262;0.09
D62A;1.94;1693529819362;0.06
D62A;1.93;1693529819462;0.07
D62A;1.89;1693529819562;0.11
D62A;1.93;1693529819662;0.07
D62A;1.95;1693529819762;0.05
D62A;1.93;1693529819862;0.07
D62A;1.94;1693529819962;0.06
D62A;1.94;1693529820062;0.06
D62A;1.98;1693529820162;0.02
D62A;1.91;1693529820262;0.09
D62A;1.94;1693529820362;0.06
D62A;1.95;1693529820462;0.05
D62A;1.93;1693529820562;0.07
D62A;1.97;1693529820662;0.03
D62A;1.94;1693529820762;0.06
D62A;1.93;1693529820862;0.07
D62A;1.95;1693529820962;0.05
D62A;1.94;1693529821062;0.06
D62A;1.94;1693529821162;0.06
D62A;1.92;1693529821262;0.08
D62A;1.94;1693529821362;0.06
D62A;1.92;1693529821462;0.08
D62A;1.95;1693529821562;0.05
D62A;1.95;1693529821662;0.05
D62A;1.96;1693529821762;0.04
D62A;1.93;1693529821862;0.07
D62A;1.93;1693529821962;0.07
D62A;1.94;1693529822062;0.06
D62A;1.93;1693529822162;0.07
D62A;1.93;1693529822262;0.07
D62A;1.93;1693529822362;0.07
D62A;1.93;1693529822462;0.07
D62A;1.94;1693529822562;0.06
D62A;1.88;1693529822662;0.12
D62A;1.96;1693529822762;0.04
D62A;1.93;1693529822862;0.07
D62A;1.92;1693529822962;0.08
D62A;1.93;1693529823062;0.07
D62A;1.93;1693529823162;0.07
D62A;1.92;1693529823262;0.08
D62A;1.91;1693529823362;0.09
D62A;1.93;1693529823462;0.07
D62A;1.95;1693529823562;0.05
D62A;1.96;1693529823662;0.04
D62A;1.95;1693529823762;0.05
D62A;1.94;1693529823862;0.06
D62A;1.94;1693529823962;0.06
D62A;1.93;1693529824062;0.07
D62A;1.98;1693529824162;0.02
D62A;1.91;1693529824262;0.09
D62A;1.93;1693529824362;0.07
D62A;1.91;1693529824462;0.09
D62A;1.96;1693529824562;0.04
D62A;1.91;1693529824662;0.09
D62A;1.92;1693529824762;0.08
D62A;1.95;1693529824862;0.05
D62A;1.93;1693529824962;0.07
D62A;1.89;1693529825062;0.11
D62A;1.9;1693529825162;0.1
D62A;1.93;1693529825262;0.07
D62A;1.93;1693529825362;0.07
D62A;1.94;1693529825462;0.06
D62A;1.9;1693529825562;0.1
D62A;1.93;1693529825662;0.07
D62A;1.97;1693529825762;0.03
D62A;1.94;1693529825862;0.06
D62A;1.93;1693529825962;0.07
D62A;1.93;1693529826062;0.07
D62A;1.93;1693529826162;0.07
D62A;1.91;1693529826262;0.09
D62A;1.95;1693529826362;0.05
D62A;1.93;1693529826462;0.07
D62A;1.93;1693529826562;0.07
D62A;1.96;1693529826662;0.04
D62A;1.93;1693529826762;0.07
D62A;1.93;1693529826862;0.07
D62A;1.94;1693529826962;0.06
D62A;1.95;1693529827062;0.05
D62A;1.92;1693529827162;0.08
D62A;1.94;1693529827262;0.06
D62A;1.93;1693529827362;0.07
D62A;1.93;1693529827462;0.07
D62A;1.92;1693529827562;0.08
D62A;1.95;1693529827662;0.05
D62A;1.93;1693529827762;0.07
D62A;1.92;1693529827862;0.08
D62A;1.93;1693529827962;0.07
D62A;1.93;1693529828062;0.07
D62A;1.93;1693529828162;0.07
D62A;1.94;1693529828262;0.06
D62A;1.95;1693529828362;0.05
D62A;1.91;1693529828462;0.09
D62A;1.93;1693529828562;0.07
D62A;1.91;1693529828662;0.09
D62A;1.92;1693529828762;0.08
D62A;1.93;1693529828862;0.07
D62A;1.93;1693529828962;0.07
D62A;1.92;1693529829062;0.08
D62A;1.95;1693529829162;0.05
D62A;1.9;1693529829262;0.1
D62A;1.91;1693529829362;0.09
D62A;1.95;1693529829462;0.05
D62A;1.95;1693529829562;0.05
D62A;1.93;1693529829662;0.07
D62A;1.92;1693529829762;0.08
D62A;1.96;1693529829862;0.04
D62A;1.95;1693529829962;0.05
D62A;1.91;1693529830062;0.09
D62A;1.94;1693529830162;0.06
D62A;1.9;1693529830262;0.1
D62A;1.93;1693529830362;0.07
D62A;1.96;1693529830462;0.04
D62A;1.96;1693529830562;0.04
D62A;1.9;1693529830662;0.1
D62A;1.93;1693529830762;0.07
D62A;1.94;1693529830862;0.06
D62A;1.92;1693529830962;0.08
D62A;1.92;1693529831062;0.08
D62A;1.93;1693529831162;0.07
D62A;1.98;1693529831262;0.02
D62A;1.91;1693529831362;0.09
D62A;1.94;1693529831462;0.06
D62A;1.92;1693529831562;0.08
D62A;1.94;1693529831662;0.06
D62A;1.94;1693529831762;0.06
D62A;1.9;1693529831862;0.1
D62A;1.94;1693529831962;0.06
D62A;1.96;1693529832062;0.04
D62A;1.93;1693529832162;0.07
D62A;1.91;1693529832262;0.09
D62A;1.95;1693529832362;0.05
D62A;1.97;1693529832462;0.03
D62A;1.94;1693529832562;0.06
D62A;1.95;1693529832662;0.05
D62A;1.94;1693529832762;0.06
D62A;1.92;1693529832862;0.08
D62A;1.93;1693529832962;0.07
D62A;1.93;1693529833062;0.07
D62A;1.94;1693529833162;0.06
D62A;1.94;1693529833262;0.06
D62A;1.95;1693529833362;0.05
D62A;1.94;1693529833462;0.06
D62A;1.95;1693529833562;0.05
D62A;1.96;1693529833662;0.04
D62A;1.96;1693529833762;0.04
D62A;1.91;1693529833862;0.09
D62A;1.94;1693529833962;0.06
D62A;1.93;1693529834062;0.07
D62A;1.94;1693529834162;0.06
D62A;1.94;1693529834262;0.06
D62A;1.94;1693529834362;0.06
D62A;1.91;1693529834462;0.09
D62A;1.92;1693529834562;0.08
D62A;1.92;1693529834662;0.08
D62A;1.95;1693529834762;0.05
D62A;1.94;1693529834862;0.06
D62A;1.93;1693529834962;0.07
D62A;1.93;1693529835062;0.07
D62A;1.92;1693529835162;0.08
D62A;1.89;1693529835262;0.11
D62A;1.94;1693529835362;0.06
D62A;1.96;1693529835463;0.04
D62A;1.95;1693529835562;0.05
D62A;1.93;1693529835662;0.07
D62A;1.93;1693529835762;0.07
D62A;1.93;1693529835862;0.07
D62A;1.94;1693529835962;0.06
D62A;1.95;1693529836062;0.05
D62A;1.93;1693529836162;0.07
D62A;1.9;1693529836262;0.1
D62A;1.93;1693529836362;0.07
D62A;1.93;1693529836462;0.07
D62A;1.91;1693529836562;0.09
D62A;1.93;1693529836662;0.07
D62A;1.9;1693529836762;0.1
D62A;1.93;1693529836862;0.07
D62A;1.92;1693529836962;0.08
D62A;1.93;1693529837062;0.07
D62A;1.93;1693529837162;0.07
D62A;1.93;1693529837262;0.07
D62A;1.94;1693529837362;0.06
D62A;1.96;1693529837462;0.04
D62A;1.93;1693529837562;0.07
D62A;1.94;1693529837662;0.06
D62A;1.92;1693529837762;0.08
D62A;1.94;1693529837862;0.06
D62A;1.95;1693529837962;0.05
D62A;1.92;1693529838062;0.08
D62A;1.93;1693529838162;0.07
D62A;1.93;1693529838262;0.07
D62A;1.93;1693529838362;0.07
D62A;1.93;1693529838462;0.07
D62A;1.91;1693529838562;0.09
D62A;1.96;1693529838662;0.04
D62A;1.93;1693529838762;0.07
D62A;1.92;1693529838862;0.08
D62A;1.9;1693529838962;0.1
D62A;1.95;1693529839062;0.05
D62A;1.96;1693529839162;0.04
D62A;1.93;1693529839262;0.07
D62A;1.96;1693529839362;0.04
D62A;2.05;1693529839462;-0.05
D62A;1.94;1693529839562;0.06
D62A;1.93;1693529839662;0.07
D62A;1.96;1693529839762;0.04
D62A;1.93;1693529839862;0.07
D62A;2.03;1693529839962;-0.03
D62A;1.91;1693529840062;0.09
D62A;1.91;1693529840162;0.09
D62A;1.94;1693529840262;0.06
D62A;1.98;1693529840362;0.02
D62A;1.88;1693529840463;0.12
D62A;1.9;1693529840562;0.1
D62A;1.94;1693529840662;0.06
D62A;1.94;1693529840762;0.06
D62A;1.93;1693529840862;0.07
D62A;1.95;1693529840962;0.05
D62A;1.95;1693529841062;0.05
D62A;1.97;1693529841162;0.03
D62A;1.94;1693529841262;0.06
D62A;1.91;1693529841362;0.09
D62A;1.89;1693529841463;0.11
D62A;1.93;1693529841562;0.07
D62A;1.93;1693529841662;0.07
D62A;1.95;1693529841762;0.05
D62A;1.94;1693529841863;0.06
D62A;1.93;1693529841963;0.07
D62A;1.92;1693529842062;0.08
D62A;1.94;1693529842162;0.06
D62A;1.92;1693529842263;0.08
D62A;1.95;1693529842362;0.05
D62A;1.95;1693529842462;0.05
D62A;1.92;1693529842562;0.08
D62A;1.91;1693529842663;0.09
D62A;1.96;1693529842762;0.04
D62A;1.92;1693529842862;0.08
D62A;1.93;1693529842962;0.07
D62A;1.93;1693529843063;0.07
D62A;1.95;1693529843162;0.05
D62A;1.94;1693529843262;0.06
D62A;1.94;1693529843362;0.06
D62A;1.97;1693529843463;0.03
D62A;1.94;1693529843562;0.06
D62A;1.93;1693529843662;0.07
D62A;1.93;1693529843762;0.07
D62A;1.93;1693529843863;0.07
D62A;1.94;1693529843962;0.06
