Anchor/Range;Anchor/Range;Anchor/Range;Anchor/Range;LS_Estimated;DWM_Estimated;Timestamp;X_DWM;Y_DWM;X_LS;Y_LS;GROUND_X;GROUND_Y;ERRO_X_LS;ERRO_Y_LS;ERRO_X_DWM;ERRO_Y_DWM;ERRO LS;ERRO_DWM;Using;Simple Range
P6[6.70,18.03,0.00]=2.87;P5[13.00,24.00,0.00]=5.80;P7[2.90,24.00,0.00]=6.43;null;[8.32, 20.53, 0.0];[8.24,20.38,0.80];19:21:03.052;8.24;20.38;8.32;20.53;8.30;20.40;-0.02;-0.13;0.06;0.02;0.13;0.06;['P6', 'P5', 'P7'];['P6 2.87', 'P5 5.8', 'P7 6.43']
P6[6.70,18.03,0.00]=2.86;P5[13.00,24.00,0.00]=5.80;P9[13.00,16.50,0.00]=6.77;P7[2.90,24.00,0.00]=6.45;[8.33, 20.51, 0.0];[8.27,20.39,0.75];19:21:03.053;8.27;20.39;8.33;20.51;8.30;20.40;-0.03;-0.11;0.03;0.01;0.11;0.03;['P6', 'P5', 'P7'];['P6 2.86', 'P5 5.8', 'P9 6.77', 'P7 6.45']
P6[6.70,18.03,0.00]=2.89;P5[13.00,24.00,0.00]=5.77;P9[13.00,16.50,0.00]=6.88;P7[2.90,24.00,0.00]=6.45;[8.35, 20.53, 0.0];[8.29,20.40,0.70];19:21:03.053;8.29;20.40;8.35;20.53;8.30;20.40;-0.05;-0.13;0.01;0.0;0.14;0.01;['P6', 'P5', 'P7'];['P6 2.89', 'P5 5.77', 'P9 6.88', 'P7 6.45']
P6[6.70,18.03,0.00]=2.89;P5[13.00,24.00,0.00]=5.80;P9[13.00,16.50,0.00]=6.72;P7[2.90,24.00,0.00]=6.47;[8.35, 20.5, 0.0];[8.31,20.40,0.70];19:21:03.054;8.31;20.40;8.35;20.5;8.30;20.40;-0.05;-0.1;-0.01;0.0;0.11;0.01;['P6', 'P5', 'P7'];['P6 2.89', 'P5 5.8', 'P9 6.72', 'P7 6.47']
P6[6.70,18.03,0.00]=2.89;P5[13.00,24.00,0.00]=5.84;P9[13.00,16.50,0.00]=6.75;P7[2.90,24.00,0.00]=6.50;[8.35, 20.45, 0.0];[8.32,20.40,0.73];19:21:03.054;8.32;20.40;8.35;20.45;8.30;20.40;-0.05;-0.05;-0.02;0.0;0.07;0.02;['P6', 'P5', 'P7'];['P6 2.89', 'P5 5.84', 'P9 6.75', 'P7 6.5']
P6[6.70,18.03,0.00]=2.87;P5[13.00,24.00,0.00]=5.82;P9[13.00,16.50,0.00]=6.65;P7[2.90,24.00,0.00]=6.48;[8.34, 20.47, 0.0];[8.33,20.40,0.72];19:21:03.055;8.33;20.40;8.34;20.47;8.30;20.40;-0.04;-0.07;-0.03;0.0;0.08;0.03;['P6', 'P5', 'P7'];['P6 2.87', 'P5 5.82', 'P9 6.65', 'P7 6.48']
P6[6.70,18.03,0.00]=2.84;P5[13.00,24.00,0.00]=5.81;P9[13.00,16.50,0.00]=6.78;P7[2.90,24.00,0.00]=6.48;[8.35, 20.47, 0.0];[8.34,20.39,0.68];19:21:03.056;8.34;20.39;8.35;20.47;8.30;20.40;-0.05;-0.07;-0.04;0.01;0.09;0.04;['P6', 'P5', 'P7'];['P6 2.84', 'P5 5.81', 'P9 6.78', 'P7 6.48']
P6[6.70,18.03,0.00]=2.63;P5[13.00,24.00,0.00]=5.82;P9[13.00,16.50,0.00]=6.78;P7[2.90,24.00,0.00]=6.40;[8.27, 20.48, 0.0];[8.33,20.36,0.66];19:21:03.056;8.33;20.36;8.27;20.48;8.30;20.40;0.03;-0.08;-0.03;0.04;0.09;0.05;['P6', 'P5', 'P7'];['P6 2.63', 'P5 5.82', 'P9 6.78', 'P7 6.4']
P6[6.70,18.03,0.00]=2.85;P5[13.00,24.00,0.00]=5.84;P9[13.00,16.50,0.00]=6.69;P7[2.90,24.00,0.00]=6.39;[8.27, 20.53, 0.0];[8.32,20.38,0.65];19:21:03.057;8.32;20.38;8.27;20.53;8.30;20.40;0.03;-0.13;-0.02;0.02;0.13;0.03;['P6', 'P5', 'P7'];['P6 2.85', 'P5 5.84', 'P9 6.69', 'P7 6.39']
P6[6.70,18.03,0.00]=2.89;P5[13.00,24.00,0.00]=5.84;P9[13.00,16.50,0.00]=6.67;P7[2.90,24.00,0.00]=6.50;[8.35, 20.45, 0.0];[8.33,20.38,0.69];19:21:03.057;8.33;20.38;8.35;20.45;8.30;20.40;-0.05;-0.05;-0.03;0.02;0.07;0.04;['P6', 'P5', 'P7'];['P6 2.89', 'P5 5.84', 'P9 6.67', 'P7 6.5']
P6[6.70,18.03,0.00]=2.84;P5[13.00,24.00,0.00]=5.83;P9[13.00,16.50,0.00]=6.65;P7[2.90,24.00,0.00]=6.49;[8.34, 20.45, 0.0];[8.34,20.38,0.68];19:21:03.057;8.34;20.38;8.34;20.45;8.30;20.40;-0.04;-0.05;-0.04;0.02;0.06;0.04;['P6', 'P5', 'P7'];['P6 2.84', 'P5 5.83', 'P9 6.65', 'P7 6.49']
P6[6.70,18.03,0.00]=2.88;P5[13.00,24.00,0.00]=5.83;P9[13.00,16.50,0.00]=6.71;P7[2.90,24.00,0.00]=6.44;[8.31, 20.5, 0.0];[8.34,20.39,0.68];19:21:03.057;8.34;20.39;8.31;20.5;8.30;20.40;-0.01;-0.1;-0.04;0.01;0.1;0.04;['P6', 'P5', 'P7'];['P6 2.88', 'P5 5.83', 'P9 6.71', 'P7 6.44']
P6[6.70,18.03,0.00]=2.88;P5[13.00,24.00,0.00]=5.84;P9[13.00,16.50,0.00]=7.31;P7[2.90,24.00,0.00]=6.48;[8.33, 20.46, 0.0];[8.34,20.39,0.70];19:21:03.121;8.34;20.39;8.33;20.46;8.30;20.40;-0.03;-0.06;-0.04;0.01;0.07;0.04;['P6', 'P5', 'P7'];['P6 2.88', 'P5 5.84', 'P9 7.31', 'P7 6.48']
P6[6.70,18.03,0.00]=2.87;P5[13.00,24.00,0.00]=5.83;P9[13.00,16.50,0.00]=6.77;P7[2.90,24.00,0.00]=6.48;[8.34, 20.47, 0.0];[8.34,20.39,0.71];19:21:03.220;8.34;20.39;8.34;20.47;8.30;20.40;-0.04;-0.07;-0.04;0.01;0.08;0.04;['P6', 'P5', 'P7'];['P6 2.87', 'P5 5.83', 'P9 6.77', 'P7 6.48']
P6[6.70,18.03,0.00]=2.87;P5[13.00,24.00,0.00]=5.78;P9[13.00,16.50,0.00]=6.66;P7[2.90,24.00,0.00]=6.47;[8.36, 20.51, 0.0];[8.35,20.39,0.67];19:21:03.320;8.35;20.39;8.36;20.51;8.30;20.40;-0.06;-0.11;-0.05;0.01;0.13;0.05;['P6', 'P5', 'P7'];['P6 2.87', 'P5 5.78', 'P9 6.66', 'P7 6.47']
P6[6.70,18.03,0.00]=2.90;P5[13.00,24.00,0.00]=5.82;P9[13.00,16.50,0.00]=6.74;P7[2.90,24.00,0.00]=6.43;[8.31, 20.52, 0.0];[8.34,20.41,0.69];19:21:03.421;8.34;20.41;8.31;20.52;8.30;20.40;-0.01;-0.12;-0.04;-0.01;0.12;0.04;['P6', 'P5', 'P7'];['P6 2.9', 'P5 5.82', 'P9 6.74', 'P7 6.43']
P6[6.70,18.03,0.00]=2.89;P5[13.00,24.00,0.00]=5.78;P9[13.00,16.50,0.00]=6.71;P7[2.90,24.00,0.00]=6.49;[8.37, 20.5, 0.0];[8.36,20.41,0.67];19:21:03.520;8.36;20.41;8.37;20.5;8.30;20.40;-0.07;-0.1;-0.06;-0.01;0.12;0.06;['P6', 'P5', 'P7'];['P6 2.89', 'P5 5.78', 'P9 6.71', 'P7 6.49']
P6[6.70,18.03,0.00]=2.89;P5[13.00,24.00,0.00]=5.79;P9[13.00,16.50,0.00]=6.80;P7[2.90,24.00,0.00]=6.43;[8.33, 20.54, 0.0];[8.35,20.42,0.66];19:21:03.620;8.35;20.42;8.33;20.54;8.30;20.40;-0.03;-0.14;-0.05;-0.02;0.14;0.05;['P6', 'P5', 'P7'];['P6 2.89', 'P5 5.79', 'P9 6.8', 'P7 6.43']
P6[6.70,18.03,0.00]=2.90;P5[13.00,24.00,0.00]=5.79;P9[13.00,16.50,0.00]=6.73;P7[2.90,24.00,0.00]=6.48;[8.36, 20.5, 0.0];[8.36,20.42,0.67];19:21:03.720;8.36;20.42;8.36;20.5;8.30;20.40;-0.06;-0.1;-0.06;-0.02;0.12;0.06;['P6', 'P5', 'P7'];['P6 2.9', 'P5 5.79', 'P9 6.73', 'P7 6.48']
P6[6.70,18.03,0.00]=2.92;P5[13.00,24.00,0.00]=5.80;P9[13.00,16.50,0.00]=6.88;P7[2.90,24.00,0.00]=6.42;[8.32, 20.54, 0.0];[8.35,20.43,0.68];19:21:03.820;8.35;20.43;8.32;20.54;8.30;20.40;-0.02;-0.14;-0.05;-0.03;0.14;0.06;['P6', 'P5', 'P7'];['P6 2.92', 'P5 5.8', 'P9 6.88', 'P7 6.42']
P6[6.70,18.03,0.00]=2.90;P5[13.00,24.00,0.00]=5.80;P9[13.00,16.50,0.00]=6.77;P7[2.90,24.00,0.00]=6.45;[8.34, 20.52, 0.0];[8.35,20.43,0.69];19:21:03.921;8.35;20.43;8.34;20.52;8.30;20.40;-0.04;-0.12;-0.05;-0.03;0.13;0.06;['P6', 'P5', 'P7'];['P6 2.9', 'P5 5.8', 'P9 6.77', 'P7 6.45']
P6[6.70,18.03,0.00]=2.91;P5[13.00,24.00,0.00]=5.78;P9[13.00,16.50,0.00]=6.87;P7[2.90,24.00,0.00]=6.41;[8.32, 20.56, 0.0];[8.35,20.44,0.67];19:21:04.021;8.35;20.44;8.32;20.56;8.30;20.40;-0.02;-0.16;-0.05;-0.04;0.16;0.06;['P6', 'P5', 'P7'];['P6 2.91', 'P5 5.78', 'P9 6.87', 'P7 6.41']
P6[6.70,18.03,0.00]=2.90;P5[13.00,24.00,0.00]=5.84;P9[13.00,16.50,0.00]=6.77;P7[2.90,24.00,0.00]=6.39;[8.28, 20.54, 0.0];[8.33,20.45,0.69];19:21:04.121;8.33;20.45;8.28;20.54;8.30;20.40;0.02;-0.14;-0.03;-0.05;0.14;0.06;['P6', 'P5', 'P7'];['P6 2.9', 'P5 5.84', 'P9 6.77', 'P7 6.39']
P6[6.70,18.03,0.00]=2.90;P5[13.00,24.00,0.00]=5.83;P9[13.00,16.50,0.00]=6.78;P7[2.90,24.00,0.00]=6.51;[8.36, 20.45, 0.0];[8.34,20.43,0.72];19:21:04.220;8.34;20.43;8.36;20.45;8.30;20.40;-0.06;-0.05;-0.04;-0.03;0.08;0.05;['P6', 'P5', 'P7'];['P6 2.9', 'P5 5.83', 'P9 6.78', 'P7 6.51']
P6[6.70,18.03,0.00]=2.89;P5[13.00,24.00,0.00]=5.81;P9[13.00,16.50,0.00]=6.76;P7[2.90,24.00,0.00]=6.44;[8.32, 20.52, 0.0];[8.34,20.43,0.71];19:21:04.320;8.34;20.43;8.32;20.52;8.30;20.40;-0.02;-0.12;-0.04;-0.03;0.12;0.05;['P6', 'P5', 'P7'];['P6 2.89', 'P5 5.81', 'P9 6.76', 'P7 6.44']
P6[6.70,18.03,0.00]=2.90;P5[13.00,24.00,0.00]=5.78;P9[13.00,16.50,0.00]=6.68;P7[2.90,24.00,0.00]=6.46;[8.35, 20.52, 0.0];[8.35,20.43,0.70];19:21:04.420;8.35;20.43;8.35;20.52;8.30;20.40;-0.05;-0.12;-0.05;-0.03;0.13;0.06;['P6', 'P5', 'P7'];['P6 2.9', 'P5 5.78', 'P9 6.68', 'P7 6.46']
P6[6.70,18.03,0.00]=2.93;P5[13.00,24.00,0.00]=5.79;P9[13.00,16.50,0.00]=6.83;P7[2.90,24.00,0.00]=6.45;[8.34, 20.53, 0.0];[8.35,20.44,0.70];19:21:04.521;8.35;20.44;8.34;20.53;8.30;20.40;-0.04;-0.13;-0.05;-0.04;0.14;0.06;['P6', 'P5', 'P7'];['P6 2.93', 'P5 5.79', 'P9 6.83', 'P7 6.45']
P6[6.70,18.03,0.00]=2.94;P5[13.00,24.00,0.00]=5.76;P9[13.00,16.50,0.00]=6.77;P7[2.90,24.00,0.00]=6.46;[8.36, 20.54, 0.0];[8.36,20.44,0.70];19:21:04.620;8.36;20.44;8.36;20.54;8.30;20.40;-0.06;-0.14;-0.06;-0.04;0.15;0.07;['P6', 'P5', 'P7'];['P6 2.94', 'P5 5.76', 'P9 6.77', 'P7 6.46']
P6[6.70,18.03,0.00]=2.93;P5[13.00,24.00,0.00]=5.81;P9[13.00,16.50,0.00]=6.78;P7[2.90,24.00,0.00]=6.46;[8.34, 20.51, 0.0];[8.35,20.44,0.72];19:21:04.720;8.35;20.44;8.34;20.51;8.30;20.40;-0.04;-0.11;-0.05;-0.04;0.12;0.06;['P6', 'P5', 'P7'];['P6 2.93', 'P5 5.81', 'P9 6.78', 'P7 6.46']
P6[6.70,18.03,0.00]=2.91;P5[13.00,24.00,0.00]=5.82;P9[13.00,16.50,0.00]=6.76;P7[2.90,24.00,0.00]=6.42;[8.31, 20.53, 0.0];[8.35,20.45,0.73];19:21:04.821;8.35;20.45;8.31;20.53;8.30;20.40;-0.01;-0.13;-0.05;-0.05;0.13;0.07;['P6', 'P5', 'P7'];['P6 2.91', 'P5 5.82', 'P9 6.76', 'P7 6.42']
P6[6.70,18.03,0.00]=2.92;P5[13.00,24.00,0.00]=5.78;P9[13.00,16.50,0.00]=6.76;P7[2.90,24.00,0.00]=6.47;[8.36, 20.52, 0.0];[8.35,20.44,0.72];19:21:04.920;8.35;20.44;8.36;20.52;8.30;20.40;-0.06;-0.12;-0.05;-0.04;0.13;0.06;['P6', 'P5', 'P7'];['P6 2.92', 'P5 5.78', 'P9 6.76', 'P7 6.47']
P6[6.70,18.03,0.00]=2.90;P5[13.00,24.00,0.00]=5.80;P9[13.00,16.50,0.00]=6.70;P7[2.90,24.00,0.00]=6.39;[8.3, 20.56, 0.0];[8.34,20.45,0.71];19:21:05.020;8.34;20.45;8.3;20.56;8.30;20.40;0.0;-0.16;-0.04;-0.05;0.16;0.06;['P6', 'P5', 'P7'];['P6 2.9', 'P5 5.8', 'P9 6.7', 'P7 6.39']
P6[6.70,18.03,0.00]=2.91;P5[13.00,24.00,0.00]=5.85;P9[13.00,16.50,0.00]=6.77;P7[2.90,24.00,0.00]=6.44;[8.31, 20.5, 0.0];[8.34,20.45,0.73];19:21:05.120;8.34;20.45;8.31;20.5;8.30;20.40;-0.01;-0.1;-0.04;-0.05;0.1;0.06;['P6', 'P5', 'P7'];['P6 2.91', 'P5 5.85', 'P9 6.77', 'P7 6.44']
P6[6.70,18.03,0.00]=2.86;P5[13.00,24.00,0.00]=5.84;P9[13.00,16.50,0.00]=7.28;P7[2.90,24.00,0.00]=6.44;[8.31, 20.49, 0.0];[8.33,20.44,0.72];19:21:05.222;8.33;20.44;8.31;20.49;8.30;20.40;-0.01;-0.09;-0.03;-0.04;0.09;0.05;['P6', 'P5', 'P7'];['P6 2.86', 'P5 5.84', 'P9 7.28', 'P7 6.44']
P6[6.70,18.03,0.00]=2.87;P5[13.00,24.00,0.00]=5.82;P9[13.00,16.50,0.00]=6.74;P7[2.90,24.00,0.00]=6.37;[8.27, 20.56, 0.0];[8.32,20.44,0.68];19:21:05.321;8.32;20.44;8.27;20.56;8.30;20.40;0.03;-0.16;-0.02;-0.04;0.16;0.04;['P6', 'P5', 'P7'];['P6 2.87', 'P5 5.82', 'P9 6.74', 'P7 6.37']
P6[6.70,18.03,0.00]=2.88;P5[13.00,24.00,0.00]=5.84;P9[13.00,16.50,0.00]=7.24;P7[2.90,24.00,0.00]=6.43;[8.3, 20.5, 0.0];[8.32,20.44,0.70];19:21:05.421;8.32;20.44;8.3;20.5;8.30;20.40;0.0;-0.1;-0.02;-0.04;0.1;0.04;['P6', 'P5', 'P7'];['P6 2.88', 'P5 5.84', 'P9 7.24', 'P7 6.43']
P6[6.70,18.03,0.00]=2.90;P5[13.00,24.00,0.00]=5.83;P9[13.00,16.50,0.00]=7.28;P7[2.90,24.00,0.00]=6.43;[8.31, 20.51, 0.0];[8.32,20.44,0.72];19:21:05.522;8.32;20.44;8.31;20.51;8.30;20.40;-0.01;-0.11;-0.02;-0.04;0.11;0.04;['P6', 'P5', 'P7'];['P6 2.9', 'P5 5.83', 'P9 7.28', 'P7 6.43']
P6[6.70,18.03,0.00]=2.55;P5[13.00,24.00,0.00]=5.83;P9[13.00,16.50,0.00]=7.25;P7[2.90,24.00,0.00]=6.42;[8.28, 20.45, 0.0];[8.32,20.38,0.63];19:21:05.622;8.32;20.38;8.28;20.45;8.30;20.40;0.02;-0.05;-0.02;0.02;0.05;0.03;['P6', 'P5', 'P7'];['P6 2.55', 'P5 5.83', 'P9 7.25', 'P7 6.42']
P6[6.70,18.03,0.00]=2.88;P5[13.00,24.00,0.00]=5.86;P9[13.00,16.50,0.00]=6.74;P7[2.90,24.00,0.00]=6.44;[8.3, 20.48, 0.0];[8.32,20.39,0.67];19:21:05.720;8.32;20.39;8.3;20.48;8.30;20.40;0.0;-0.08;-0.02;0.01;0.08;0.02;['P6', 'P5', 'P7'];['P6 2.88', 'P5 5.86', 'P9 6.74', 'P7 6.44']
P6[6.70,18.03,0.00]=2.91;P5[13.00,24.00,0.00]=5.82;P9[13.00,16.50,0.00]=7.18;P7[2.90,24.00,0.00]=6.46;[8.33, 20.5, 0.0];[8.32,20.40,0.69];19:21:05.821;8.32;20.40;8.33;20.5;8.30;20.40;-0.03;-0.1;-0.02;0.0;0.1;0.02;['P6', 'P5', 'P7'];['P6 2.91', 'P5 5.82', 'P9 7.18', 'P7 6.46']
P6[6.70,18.03,0.00]=2.89;P5[13.00,24.00,0.00]=5.84;P7[2.90,24.00,0.00]=6.44;null;[8.31, 20.5, 0.0];[8.32,20.40,0.71];19:21:05.918;8.32;20.40;8.31;20.5;8.30;20.40;-0.01;-0.1;-0.02;0.0;0.1;0.02;['P6', 'P5', 'P7'];['P6 2.89', 'P5 5.84', 'P7 6.44']
P6[6.70,18.03,0.00]=2.92;P5[13.00,24.00,0.00]=5.79;P9[13.00,16.50,0.00]=6.79;P7[2.90,24.00,0.00]=6.44;[8.34, 20.54, 0.0];[8.33,20.63,0.13];19:21:06.121;8.33;20.63;8.34;20.54;8.30;20.40;-0.04;-0.14;-0.03;-0.23;0.15;0.23;['P6', 'P5', 'P7'];['P6 2.92', 'P5 5.79', 'P9 6.79', 'P7 6.44']
P6[6.70,18.03,0.00]=2.93;P5[13.00,24.00,0.00]=5.87;P9[13.00,16.50,0.00]=6.85;P7[2.90,24.00,0.00]=6.34;[8.23, 20.56, 0.0];[8.31,20.60,0.31];19:21:06.221;8.31;20.60;8.23;20.56;8.30;20.40;0.07;-0.16;-0.01;-0.2;0.17;0.2;['P6', 'P5', 'P7'];['P6 2.93', 'P5 5.87', 'P9 6.85', 'P7 6.34']
P6[6.70,18.03,0.00]=2.87;P5[13.00,24.00,0.00]=5.79;P9[13.00,16.50,0.00]=7.30;P7[2.90,24.00,0.00]=6.44;[8.33, 20.52, 0.0];[8.32,20.56,0.37];19:21:06.322;8.32;20.56;8.33;20.52;8.30;20.40;-0.03;-0.12;-0.02;-0.16;0.12;0.16;['P6', 'P5', 'P7'];['P6 2.87', 'P5 5.79', 'P9 7.3', 'P7 6.44']
P6[6.70,18.03,0.00]=2.89;P5[13.00,24.00,0.00]=5.85;P9[13.00,16.50,0.00]=6.74;P7[2.90,24.00,0.00]=6.49;[8.34, 20.45, 0.0];[8.33,20.51,0.48];19:21:06.420;8.33;20.51;8.34;20.45;8.30;20.40;-0.04;-0.05;-0.03;-0.11;0.06;0.11;['P6', 'P5', 'P7'];['P6 2.89', 'P5 5.85', 'P9 6.74', 'P7 6.49']
P6[6.70,18.03,0.00]=2.89;P5[13.00,24.00,0.00]=5.83;P7[2.90,24.00,0.00]=6.39;null;[8.28, 20.54, 0.0];[8.32,20.50,0.54];19:21:06.517;8.32;20.50;8.28;20.54;8.30;20.40;0.02;-0.14;-0.02;-0.1;0.14;0.1;['P6', 'P5', 'P7'];['P6 2.89', 'P5 5.83', 'P7 6.39']
P6[6.70,18.03,0.00]=2.91;P5[13.00,24.00,0.00]=5.81;P9[13.00,16.50,0.00]=6.76;P7[2.90,24.00,0.00]=6.39;[8.29, 20.56, 0.0];[8.32,20.49,0.58];19:21:06.621;8.32;20.49;8.29;20.56;8.30;20.40;0.01;-0.16;-0.02;-0.09;0.16;0.09;['P6', 'P5', 'P7'];['P6 2.91', 'P5 5.81', 'P9 6.76', 'P7 6.39']
P6[6.70,18.03,0.00]=2.89;P5[13.00,24.00,0.00]=5.84;P9[13.00,16.50,0.00]=6.74;P7[2.90,24.00,0.00]=6.40;[8.28, 20.53, 0.0];[8.31,20.48,0.61];19:21:06.720;8.31;20.48;8.28;20.53;8.30;20.40;0.02;-0.13;-0.01;-0.08;0.13;0.08;['P6', 'P5', 'P7'];['P6 2.89', 'P5 5.84', 'P9 6.74', 'P7 6.4']
P6[6.70,18.03,0.00]=2.88;P5[13.00,24.00,0.00]=5.85;P9[13.00,16.50,0.00]=6.83;P7[2.90,24.00,0.00]=6.41;[8.28, 20.51, 0.0];[8.31,20.47,0.65];19:21:06.821;8.31;20.47;8.28;20.51;8.30;20.40;0.02;-0.11;-0.01;-0.07;0.11;0.07;['P6', 'P5', 'P7'];['P6 2.88', 'P5 5.85', 'P9 6.83', 'P7 6.41']
P6[6.70,18.03,0.00]=2.85;P5[13.00,24.00,0.00]=5.87;P7[2.90,24.00,0.00]=6.43;null;[8.28, 20.48, 0.0];[8.30,20.45,0.67];19:21:06.918;8.30;20.45;8.28;20.48;8.30;20.40;0.02;-0.08;0.0;-0.05;0.08;0.05;['P6', 'P5', 'P7'];['P6 2.85', 'P5 5.87', 'P7 6.43']
P6[6.70,18.03,0.00]=2.89;P5[13.00,24.00,0.00]=5.86;P9[13.00,16.50,0.00]=6.81;P7[2.90,24.00,0.00]=6.42;[8.29, 20.5, 0.0];[8.30,20.45,0.70];19:21:07.021;8.30;20.45;8.29;20.5;8.30;20.40;0.01;-0.1;0.0;-0.05;0.1;0.05;['P6', 'P5', 'P7'];['P6 2.89', 'P5 5.86', 'P9 6.81', 'P7 6.42']
P6[6.70,18.03,0.00]=2.89;P5[13.00,24.00,0.00]=5.82;P9[13.00,16.50,0.00]=6.84;P7[2.90,24.00,0.00]=6.42;[8.31, 20.52, 0.0];[8.31,20.44,0.70];19:21:07.121;8.31;20.44;8.31;20.52;8.30;20.40;-0.01;-0.12;-0.01;-0.04;0.12;0.04;['P6', 'P5', 'P7'];['P6 2.89', 'P5 5.82', 'P9 6.84', 'P7 6.42']
P6[6.70,18.03,0.00]=2.85;P5[13.00,24.00,0.00]=5.89;P9[13.00,16.50,0.00]=7.33;P7[2.90,24.00,0.00]=6.50;[8.32, 20.41, 0.0];[8.31,20.42,0.73];19:21:07.222;8.31;20.42;8.32;20.41;8.30;20.40;-0.02;-0.01;-0.01;-0.02;0.02;0.02;['P6', 'P5', 'P7'];['P6 2.85', 'P5 5.89', 'P9 7.33', 'P7 6.5']
P6[6.70,18.03,0.00]=2.88;P5[13.00,24.00,0.00]=5.86;P9[13.00,16.50,0.00]=6.76;P7[2.90,24.00,0.00]=6.47;[8.32, 20.46, 0.0];[8.32,20.41,0.75];19:21:07.321;8.32;20.41;8.32;20.46;8.30;20.40;-0.02;-0.06;-0.02;-0.01;0.06;0.02;['P6', 'P5', 'P7'];['P6 2.88', 'P5 5.86', 'P9 6.76', 'P7 6.47']
P6[6.70,18.03,0.00]=2.89;P5[13.00,24.00,0.00]=5.85;P9[13.00,16.50,0.00]=6.84;P7[2.90,24.00,0.00]=6.50;[8.34, 20.44, 0.0];[8.33,20.40,0.77];19:21:07.421;8.33;20.40;8.34;20.44;8.30;20.40;-0.04;-0.04;-0.03;0.0;0.06;0.03;['P6', 'P5', 'P7'];['P6 2.89', 'P5 5.85', 'P9 6.84', 'P7 6.5']
P6[6.70,18.03,0.00]=2.59;P5[13.00,24.00,0.00]=5.81;P9[13.00,16.50,0.00]=6.64;P7[2.90,24.00,0.00]=6.42;[8.29, 20.47, 0.0];[8.33,20.36,0.69];19:21:07.521;8.33;20.36;8.29;20.47;8.30;20.40;0.01;-0.07;-0.03;0.04;0.07;0.05;['P6', 'P5', 'P7'];['P6 2.59', 'P5 5.81', 'P9 6.64', 'P7 6.42']
P6[6.70,18.03,0.00]=2.87;P5[13.00,24.00,0.00]=5.89;P9[13.00,16.50,0.00]=6.86;P7[2.90,24.00,0.00]=6.39;[8.25, 20.5, 0.0];[8.31,20.38,0.72];19:21:07.621;8.31;20.38;8.25;20.5;8.30;20.40;0.05;-0.1;-0.01;0.02;0.11;0.02;['P6', 'P5', 'P7'];['P6 2.87', 'P5 5.89', 'P9 6.86', 'P7 6.39']
P6[6.70,18.03,0.00]=2.88;P5[13.00,24.00,0.00]=5.80;P9[13.00,16.50,0.00]=7.26;P7[2.90,24.00,0.00]=6.46;[8.34, 20.5, 0.0];[8.32,20.39,0.70];19:21:07.722;8.32;20.39;8.34;20.5;8.30;20.40;-0.04;-0.1;-0.02;0.01;0.11;0.02;['P6', 'P5', 'P7'];['P6 2.88', 'P5 5.8', 'P9 7.26', 'P7 6.46']
P6[6.70,18.03,0.00]=2.62;P5[13.00,24.00,0.00]=5.82;P9[13.00,16.50,0.00]=6.70;P7[2.90,24.00,0.00]=6.41;[8.28, 20.47, 0.0];[8.32,20.35,0.67];19:21:07.822;8.32;20.35;8.28;20.47;8.30;20.40;0.02;-0.07;-0.02;0.05;0.07;0.05;['P6', 'P5', 'P7'];['P6 2.62', 'P5 5.82', 'P9 6.7', 'P7 6.41']
P6[6.70,18.03,0.00]=2.88;P5[13.00,24.00,0.00]=5.86;P9[13.00,16.50,0.00]=6.80;P7[2.90,24.00,0.00]=6.39;[8.27, 20.52, 0.0];[8.31,20.38,0.69];19:21:07.921;8.31;20.38;8.27;20.52;8.30;20.40;0.03;-0.12;-0.01;0.02;0.12;0.02;['P6', 'P5', 'P7'];['P6 2.88', 'P5 5.86', 'P9 6.8', 'P7 6.39']
P6[6.70,18.03,0.00]=2.60;P5[13.00,24.00,0.00]=5.86;P9[13.00,16.50,0.00]=7.20;P7[2.90,24.00,0.00]=6.44;[8.28, 20.42, 0.0];[8.31,20.34,0.69];19:21:08.023;8.31;20.34;8.28;20.42;8.30;20.40;0.02;-0.02;-0.01;0.06;0.03;0.06;['P6', 'P5', 'P7'];['P6 2.6', 'P5 5.86', 'P9 7.2', 'P7 6.44']
P6[6.70,18.03,0.00]=2.66;P5[13.00,24.00,0.00]=5.82;P7[2.90,24.00,0.00]=6.48;null;[8.33, 20.43, 0.0];[8.32,20.31,0.70];19:21:08.119;8.32;20.31;8.33;20.43;8.30;20.40;-0.03;-0.03;-0.02;0.09;0.04;0.09;['P6', 'P5', 'P7'];['P6 2.66', 'P5 5.82', 'P7 6.48']
P6[6.70,18.03,0.00]=2.86;P5[13.00,24.00,0.00]=5.84;P7[2.90,24.00,0.00]=6.46;null;[8.32, 20.47, 0.0];[8.33,20.33,0.70];19:21:08.218;8.33;20.33;8.32;20.47;8.30;20.40;-0.02;-0.07;-0.03;0.07;0.07;0.08;['P6', 'P5', 'P7'];['P6 2.86', 'P5 5.84', 'P7 6.46']
P6[6.70,18.03,0.00]=2.90;P5[13.00,24.00,0.00]=5.82;P7[2.90,24.00,0.00]=6.44;null;[8.32, 20.51, 0.0];[8.33,20.36,0.71];19:21:08.318;8.33;20.36;8.32;20.51;8.30;20.40;-0.02;-0.11;-0.03;0.04;0.11;0.05;['P6', 'P5', 'P7'];['P6 2.9', 'P5 5.82', 'P7 6.44']
P6[6.70,18.03,0.00]=2.54;P5[13.00,24.00,0.00]=5.79;P9[13.00,16.50,0.00]=7.86;P7[2.90,24.00,0.00]=6.49;[8.34, 20.42, 0.0];[8.34,20.31,0.57];19:21:08.423;8.34;20.31;8.34;20.42;8.30;20.40;-0.04;-0.02;-0.04;0.09;0.04;0.1;['P6', 'P5', 'P7'];['P6 2.54', 'P5 5.79', 'P9 7.86', 'P7 6.49']
P6[6.70,18.03,0.00]=2.85;P5[13.00,24.00,0.00]=5.82;P7[2.90,24.00,0.00]=6.44;null;[8.32, 20.5, 0.0];[8.34,20.34,0.58];19:21:08.518;8.34;20.34;8.32;20.5;8.30;20.40;-0.02;-0.1;-0.04;0.06;0.1;0.07;['P6', 'P5', 'P7'];['P6 2.85', 'P5 5.82', 'P7 6.44']
P6[6.70,18.03,0.00]=2.91;P5[13.00,24.00,0.00]=5.85;P7[2.90,24.00,0.00]=6.39;null;[8.27, 20.53, 0.0];[8.33,20.37,0.63];19:21:08.618;8.33;20.37;8.27;20.53;8.30;20.40;0.03;-0.13;-0.03;0.03;0.13;0.04;['P6', 'P5', 'P7'];['P6 2.91', 'P5 5.85', 'P7 6.39']
P6[6.70,18.03,0.00]=2.82;P5[13.00,24.00,0.00]=5.81;P7[2.90,24.00,0.00]=6.51;null;[8.36, 20.45, 0.0];[8.34,20.36,0.61];19:21:08.718;8.34;20.36;8.36;20.45;8.30;20.40;-0.06;-0.05;-0.04;0.04;0.08;0.06;['P6', 'P5', 'P7'];['P6 2.82', 'P5 5.81', 'P7 6.51']
P6[6.70,18.03,0.00]=2.87;P5[13.00,24.00,0.00]=5.87;P9[13.00,16.50,0.00]=7.95;P7[2.90,24.00,0.00]=6.45;[8.3, 20.47, 0.0];[8.33,20.37,0.66];19:21:08.823;8.33;20.37;8.3;20.47;8.30;20.40;0.0;-0.07;-0.03;0.03;0.07;0.04;['P6', 'P5', 'P7'];['P6 2.87', 'P5 5.87', 'P9 7.95', 'P7 6.45']
P6[6.70,18.03,0.00]=2.88;P5[13.00,24.00,0.00]=5.86;P9[13.00,16.50,0.00]=7.32;P7[2.90,24.00,0.00]=6.44;[8.3, 20.48, 0.0];[8.33,20.38,0.69];19:21:08.922;8.33;20.38;8.3;20.48;8.30;20.40;0.0;-0.08;-0.03;0.02;0.08;0.04;['P6', 'P5', 'P7'];['P6 2.88', 'P5 5.86', 'P9 7.32', 'P7 6.44']
P6[6.70,18.03,0.00]=2.60;P5[13.00,24.00,0.00]=5.86;P7[2.90,24.00,0.00]=6.46;null;[8.29, 20.41, 0.0];[8.33,20.33,0.68];19:21:09.018;8.33;20.33;8.29;20.41;8.30;20.40;0.01;-0.01;-0.03;0.07;0.01;0.08;['P6', 'P5', 'P7'];['P6 2.6', 'P5 5.86', 'P7 6.46']
P6[6.70,18.03,0.00]=2.64;P5[13.00,24.00,0.00]=5.82;P7[2.90,24.00,0.00]=6.41;null;[8.28, 20.48, 0.0];[8.32,20.32,0.68];19:21:09.118;8.32;20.32;8.28;20.48;8.30;20.40;0.02;-0.08;-0.02;0.08;0.08;0.08;['P6', 'P5', 'P7'];['P6 2.64', 'P5 5.82', 'P7 6.41']
P6[6.70,18.03,0.00]=2.59;P5[13.00,24.00,0.00]=5.83;P7[2.90,24.00,0.00]=6.45;null;[8.3, 20.43, 0.0];[8.33,20.29,0.65];19:21:09.219;8.33;20.29;8.3;20.43;8.30;20.40;0.0;-0.03;-0.03;0.11;0.03;0.11;['P6', 'P5', 'P7'];['P6 2.59', 'P5 5.83', 'P7 6.45']
P6[6.70,18.03,0.00]=2.86;P7[2.90,24.00,0.00]=6.37;P9[13.00,16.50,0.00]=7.79;P5[13.00,24.00,0.00]=5.83;[8.27, 20.55, 0.0];[7.68,19.95,0.58];19:21:09.622;7.68;19.95;8.27;20.55;8.30;20.40;0.03;-0.15;0.62;0.45;0.15;0.77;['P6', 'P7', 'P5'];['P6 2.86', 'P7 6.37', 'P9 7.79', 'P5 5.83']
P6[6.70,18.03,0.00]=2.84;P7[2.90,24.00,0.00]=6.36;P9[13.00,16.50,0.00]=7.79;P5[13.00,24.00,0.00]=5.85;[8.25, 20.54, 0.0];[7.83,20.07,0.29];19:21:09.723;7.83;20.07;8.25;20.54;8.30;20.40;0.05;-0.14;0.47;0.33;0.15;0.57;['P6', 'P7', 'P5'];['P6 2.84', 'P7 6.36', 'P9 7.79', 'P5 5.85']
P6[6.70,18.03,0.00]=2.85;P7[2.90,24.00,0.00]=6.38;P5[13.00,24.00,0.00]=5.78;null;[8.3, 20.57, 0.0];[7.95,20.17,0.12];19:21:09.818;7.95;20.17;8.3;20.57;8.30;20.40;0.0;-0.17;0.35;0.23;0.17;0.42;['P6', 'P7', 'P5'];['P6 2.85', 'P7 6.38', 'P5 5.78']
P6[6.70,18.03,0.00]=2.86;P5[13.00,24.00,0.00]=5.84;P7[2.90,24.00,0.00]=6.39;null;[8.27, 20.53, 0.0];[8.03,20.24,0.25];19:21:09.919;8.03;20.24;8.27;20.53;8.30;20.40;0.03;-0.13;0.27;0.16;0.13;0.31;['P6', 'P5', 'P7'];['P6 2.86', 'P5 5.84', 'P7 6.39']
P6[6.70,18.03,0.00]=2.87;P9[13.00,16.50,0.00]=8.17;P5[13.00,24.00,0.00]=5.88;P7[2.90,24.00,0.00]=6.32;[8.21, 20.56, 0.0];[8.08,20.30,0.37];19:21:10.022;8.08;20.30;8.21;20.56;8.30;20.40;0.09;-0.16;0.22;0.1;0.18;0.24;['P6', 'P5', 'P7'];['P6 2.87', 'P9 8.17', 'P5 5.88', 'P7 6.32']
P6[6.70,18.03,0.00]=2.60;P5[13.00,24.00,0.00]=5.85;P9[13.00,16.50,0.00]=7.43;P7[2.90,24.00,0.00]=6.39;[8.25, 20.47, 0.0];[8.13,20.29,0.42];19:21:10.123;8.13;20.29;8.25;20.47;8.30;20.40;0.05;-0.07;0.17;0.11;0.09;0.2;['P6', 'P5', 'P7'];['P6 2.6', 'P5 5.85', 'P9 7.43', 'P7 6.39']
P6[6.70,18.03,0.00]=2.88;P5[13.00,24.00,0.00]=5.87;P9[13.00,16.50,0.00]=6.78;P7[2.90,24.00,0.00]=6.44;[8.29, 20.48, 0.0];[8.17,20.32,0.52];19:21:10.221;8.17;20.32;8.29;20.48;8.30;20.40;0.01;-0.08;0.13;0.08;0.08;0.15;['P6', 'P5', 'P7'];['P6 2.88', 'P5 5.87', 'P9 6.78', 'P7 6.44']
P6[6.70,18.03,0.00]=2.83;P5[13.00,24.00,0.00]=5.80;P7[2.90,24.00,0.00]=6.44;null;[8.32, 20.51, 0.0];[8.22,20.34,0.51];19:21:10.319;8.22;20.34;8.32;20.51;8.30;20.40;-0.02;-0.11;0.08;0.06;0.11;0.1;['P6', 'P5', 'P7'];['P6 2.83', 'P5 5.8', 'P7 6.44']
P6[6.70,18.03,0.00]=2.87;P5[13.00,24.00,0.00]=5.85;P7[2.90,24.00,0.00]=6.44;null;[8.3, 20.49, 0.0];[8.24,20.36,0.56];19:21:10.418;8.24;20.36;8.3;20.49;8.30;20.40;0.0;-0.09;0.06;0.04;0.09;0.07;['P6', 'P5', 'P7'];['P6 2.87', 'P5 5.85', 'P7 6.44']
P6[6.70,18.03,0.00]=2.87;P5[13.00,24.00,0.00]=5.82;P9[13.00,16.50,0.00]=6.74;P7[2.90,24.00,0.00]=6.43;[8.31, 20.51, 0.0];[8.26,20.37,0.58];19:21:10.522;8.26;20.37;8.31;20.51;8.30;20.40;-0.01;-0.11;0.04;0.03;0.11;0.05;['P6', 'P5', 'P7'];['P6 2.87', 'P5 5.82', 'P9 6.74', 'P7 6.43']
P6[6.70,18.03,0.00]=2.87;P5[13.00,24.00,0.00]=5.87;P7[2.90,24.00,0.00]=6.45;null;[8.3, 20.47, 0.0];[8.27,20.38,0.63];19:21:10.619;8.27;20.38;8.3;20.47;8.30;20.40;0.0;-0.07;0.03;0.02;0.07;0.04;['P6', 'P5', 'P7'];['P6 2.87', 'P5 5.87', 'P7 6.45']
P6[6.70,18.03,0.00]=2.86;P5[13.00,24.00,0.00]=5.83;P9[13.00,16.50,0.00]=7.33;P7[2.90,24.00,0.00]=6.44;[8.31, 20.5, 0.0];[8.29,20.39,0.64];19:21:10.722;8.29;20.39;8.31;20.5;8.30;20.40;-0.01;-0.1;0.01;0.01;0.1;0.01;['P6', 'P5', 'P7'];['P6 2.86', 'P5 5.83', 'P9 7.33', 'P7 6.44']
P6[6.70,18.03,0.00]=2.84;P5[13.00,24.00,0.00]=5.87;P9[13.00,16.50,0.00]=7.25;P7[2.90,24.00,0.00]=6.46;[8.3, 20.45, 0.0];[8.30,20.38,0.66];19:21:10.822;8.30;20.38;8.3;20.45;8.30;20.40;0.0;-0.05;0.0;0.02;0.05;0.02;['P6', 'P5', 'P7'];['P6 2.84', 'P5 5.87', 'P9 7.25', 'P7 6.46']
P6[6.70,18.03,0.00]=2.84;P5[13.00,24.00,0.00]=5.85;P9[13.00,16.50,0.00]=7.72;P7[2.90,24.00,0.00]=6.38;[8.26, 20.52, 0.0];[8.29,20.40,0.64];19:21:10.923;8.29;20.40;8.26;20.52;8.30;20.40;0.04;-0.12;0.01;0.0;0.13;0.01;['P6', 'P5', 'P7'];['P6 2.84', 'P5 5.85', 'P9 7.72', 'P7 6.38']
P6[6.70,18.03,0.00]=2.88;P5[13.00,24.00,0.00]=5.87;P9[13.00,16.50,0.00]=7.26;P7[2.90,24.00,0.00]=6.45;[8.3, 20.47, 0.0];[8.30,20.40,0.69];19:21:11.023;8.30;20.40;8.3;20.47;8.30;20.40;0.0;-0.07;0.0;0.0;0.07;0.0;['P6', 'P5', 'P7'];['P6 2.88', 'P5 5.87', 'P9 7.26', 'P7 6.45']
P6[6.70,18.03,0.00]=2.57;P5[13.00,24.00,0.00]=5.88;P9[13.00,16.50,0.00]=7.36;P7[2.90,24.00,0.00]=6.44;[8.27, 20.41, 0.0];[8.30,20.34,0.68];19:21:11.123;8.30;20.34;8.27;20.41;8.30;20.40;0.03;-0.01;0.0;0.06;0.03;0.06;['P6', 'P5', 'P7'];['P6 2.57', 'P5 5.88', 'P9 7.36', 'P7 6.44']
P6[6.70,18.03,0.00]=2.89;P5[13.00,24.00,0.00]=5.87;P9[13.00,16.50,0.00]=6.64;P7[2.90,24.00,0.00]=6.44;[8.29, 20.48, 0.0];[8.30,20.36,0.71];19:21:11.221;8.30;20.36;8.29;20.48;8.30;20.40;0.01;-0.08;0.0;0.04;0.08;0.04;['P6', 'P5', 'P7'];['P6 2.89', 'P5 5.87', 'P9 6.64', 'P7 6.44']
P6[6.70,18.03,0.00]=2.88;P5[13.00,24.00,0.00]=5.83;P9[13.00,16.50,0.00]=6.80;P7[2.90,24.00,0.00]=6.42;[8.3, 20.52, 0.0];[8.30,20.38,0.71];19:21:11.322;8.30;20.38;8.3;20.52;8.30;20.40;0.0;-0.12;0.0;0.02;0.12;0.02;['P6', 'P5', 'P7'];['P6 2.88', 'P5 5.83', 'P9 6.8', 'P7 6.42']
P6[6.70,18.03,0.00]=2.88;P5[13.00,24.00,0.00]=5.82;P9[13.00,16.50,0.00]=7.28;P7[2.90,24.00,0.00]=6.45;[8.32, 20.5, 0.0];[8.31,20.39,0.71];19:21:11.423;8.31;20.39;8.32;20.5;8.30;20.40;-0.02;-0.1;-0.01;0.01;0.1;0.01;['P6', 'P5', 'P7'];['P6 2.88', 'P5 5.82', 'P9 7.28', 'P7 6.45']
P6[6.70,18.03,0.00]=2.88;P5[13.00,24.00,0.00]=5.83;P7[2.90,24.00,0.00]=6.43;null;[8.31, 20.51, 0.0];[8.31,20.40,0.70];19:21:11.518;8.31;20.40;8.31;20.51;8.30;20.40;-0.01;-0.11;-0.01;0.0;0.11;0.01;['P6', 'P5', 'P7'];['P6 2.88', 'P5 5.83', 'P7 6.43']
P6[6.70,18.03,0.00]=2.85;P5[13.00,24.00,0.00]=5.81;P7[2.90,24.00,0.00]=6.43;null;[8.31, 20.51, 0.0];[8.32,20.40,0.67];19:21:11.619;8.32;20.40;8.31;20.51;8.30;20.40;-0.01;-0.11;-0.02;0.0;0.11;0.02;['P6', 'P5', 'P7'];['P6 2.85', 'P5 5.81', 'P7 6.43']
P6[6.70,18.03,0.00]=2.87;P5[13.00,24.00,0.00]=5.84;P9[13.00,16.50,0.00]=7.39;P7[2.90,24.00,0.00]=6.45;[8.31, 20.48, 0.0];[8.32,20.40,0.68];19:21:11.723;8.32;20.40;8.31;20.48;8.30;20.40;-0.01;-0.08;-0.02;0.0;0.08;0.02;['P6', 'P5', 'P7'];['P6 2.87', 'P5 5.84', 'P9 7.39', 'P7 6.45']
P6[6.70,18.03,0.00]=2.82;P5[13.00,24.00,0.00]=5.87;P9[13.00,16.50,0.00]=7.34;P7[2.90,24.00,0.00]=6.44;[8.29, 20.46, 0.0];[8.32,20.40,0.68];19:21:11.822;8.32;20.40;8.29;20.46;8.30;20.40;0.01;-0.06;-0.02;0.0;0.06;0.02;['P6', 'P5', 'P7'];['P6 2.82', 'P5 5.87', 'P9 7.34', 'P7 6.44']
P6[6.70,18.03,0.00]=2.86;P5[13.00,24.00,0.00]=5.87;P9[13.00,16.50,0.00]=6.76;P7[2.90,24.00,0.00]=6.42;[8.28, 20.49, 0.0];[8.31,20.40,0.69];19:21:11.921;8.31;20.40;8.28;20.49;8.30;20.40;0.02;-0.09;-0.01;0.0;0.09;0.01;['P6', 'P5', 'P7'];['P6 2.86', 'P5 5.87', 'P9 6.76', 'P7 6.42']
P6[6.70,18.03,0.00]=2.86;P5[13.00,24.00,0.00]=5.83;P7[2.90,24.00,0.00]=6.38;null;[8.27, 20.54, 0.0];[8.30,20.41,0.67];19:21:12.019;8.30;20.41;8.27;20.54;8.30;20.40;0.03;-0.14;0.0;-0.01;0.14;0.01;['P6', 'P5', 'P7'];['P6 2.86', 'P5 5.83', 'P7 6.38']
P6[6.70,18.03,0.00]=2.85;P5[13.00,24.00,0.00]=5.87;P9[13.00,16.50,0.00]=6.74;P7[2.90,24.00,0.00]=6.44;[8.29, 20.47, 0.0];[8.30,20.41,0.68];19:21:12.122;8.30;20.41;8.29;20.47;8.30;20.40;0.01;-0.07;0.0;-0.01;0.07;0.01;['P6', 'P5', 'P7'];['P6 2.85', 'P5 5.87', 'P9 6.74', 'P7 6.44']
P6[6.70,18.03,0.00]=2.86;P5[13.00,24.00,0.00]=5.81;P9[13.00,16.50,0.00]=6.80;P7[2.90,24.00,0.00]=6.43;[8.31, 20.52, 0.0];[8.31,20.41,0.65];19:21:12.222;8.31;20.41;8.31;20.52;8.30;20.40;-0.01;-0.12;-0.01;-0.01;0.12;0.01;['P6', 'P5', 'P7'];['P6 2.86', 'P5 5.81', 'P9 6.8', 'P7 6.43']
P6[6.70,18.03,0.00]=2.87;P5[13.00,24.00,0.00]=5.82;P9[13.00,16.50,0.00]=6.73;P7[2.90,24.00,0.00]=6.43;[8.31, 20.51, 0.0];[8.32,20.41,0.65];19:21:12.322;8.32;20.41;8.31;20.51;8.30;20.40;-0.01;-0.11;-0.02;-0.01;0.11;0.02;['P6', 'P5', 'P7'];['P6 2.87', 'P5 5.82', 'P9 6.73', 'P7 6.43']
P6[6.70,18.03,0.00]=2.86;P5[13.00,24.00,0.00]=5.81;P9[13.00,16.50,0.00]=6.68;P7[2.90,24.00,0.00]=6.42;[8.31, 20.52, 0.0];[8.32,20.42,0.64];19:21:12.422;8.32;20.42;8.31;20.52;8.30;20.40;-0.01;-0.12;-0.02;-0.02;0.12;0.03;['P6', 'P5', 'P7'];['P6 2.86', 'P5 5.81', 'P9 6.68', 'P7 6.42']
P6[6.70,18.03,0.00]=2.59;P5[13.00,24.00,0.00]=5.87;P9[13.00,16.50,0.00]=6.80;P7[2.90,24.00,0.00]=6.45;[8.28, 20.41, 0.0];[8.32,20.36,0.64];19:21:12.523;8.32;20.36;8.28;20.41;8.30;20.40;0.02;-0.01;-0.02;0.04;0.02;0.04;['P6', 'P5', 'P7'];['P6 2.59', 'P5 5.87', 'P9 6.8', 'P7 6.45']
P6[6.70,18.03,0.00]=2.87;P5[13.00,24.00,0.00]=5.80;P9[13.00,16.50,0.00]=6.83;P7[2.90,24.00,0.00]=6.47;[8.35, 20.5, 0.0];[8.33,20.37,0.64];19:21:12.622;8.33;20.37;8.35;20.5;8.30;20.40;-0.05;-0.1;-0.03;0.03;0.11;0.04;['P6', 'P5', 'P7'];['P6 2.87', 'P5 5.8', 'P9 6.83', 'P7 6.47']
P6[6.70,18.03,0.00]=2.58;P5[13.00,24.00,0.00]=5.83;P9[13.00,16.50,0.00]=6.81;P7[2.90,24.00,0.00]=6.44;[8.29, 20.44, 0.0];[8.33,20.33,0.61];19:21:12.723;8.33;20.33;8.29;20.44;8.30;20.40;0.01;-0.04;-0.03;0.07;0.04;0.08;['P6', 'P5', 'P7'];['P6 2.58', 'P5 5.83', 'P9 6.81', 'P7 6.44']
P6[6.70,18.03,0.00]=2.86;P5[13.00,24.00,0.00]=5.86;P7[2.90,24.00,0.00]=6.38;null;[8.26, 20.52, 0.0];[8.31,20.36,0.62];19:21:12.819;8.31;20.36;8.26;20.52;8.30;20.40;0.04;-0.12;-0.01;0.04;0.13;0.04;['P6', 'P5', 'P7'];['P6 2.86', 'P5 5.86', 'P7 6.38']
P6[6.70,18.03,0.00]=2.88;P5[13.00,24.00,0.00]=5.81;P9[13.00,16.50,0.00]=6.82;P7[2.90,24.00,0.00]=6.39;[8.29, 20.55, 0.0];[8.31,20.39,0.62];19:21:12.922;8.31;20.39;8.29;20.55;8.30;20.40;0.01;-0.15;-0.01;0.01;0.15;0.01;['P6', 'P5', 'P7'];['P6 2.88', 'P5 5.81', 'P9 6.82', 'P7 6.39']
P6[6.70,18.03,0.00]=2.89;P5[13.00,24.00,0.00]=5.82;P9[13.00,16.50,0.00]=6.81;P7[2.90,24.00,0.00]=6.42;[8.31, 20.52, 0.0];[8.31,20.40,0.63];19:21:13.022;8.31;20.40;8.31;20.52;8.30;20.40;-0.01;-0.12;-0.01;0.0;0.12;0.01;['P6', 'P5', 'P7'];['P6 2.89', 'P5 5.82', 'P9 6.81', 'P7 6.42']
P6[6.70,18.03,0.00]=2.88;P5[13.00,24.00,0.00]=5.86;P7[2.90,24.00,0.00]=6.41;null;[8.28, 20.5, 0.0];[8.31,20.41,0.67];19:21:13.119;8.31;20.41;8.28;20.5;8.30;20.40;0.02;-0.1;-0.01;-0.01;0.1;0.01;['P6', 'P5', 'P7'];['P6 2.88', 'P5 5.86', 'P7 6.41']
P6[6.70,18.03,0.00]=2.83;P5[13.00,24.00,0.00]=5.84;P9[13.00,16.50,0.00]=6.70;P7[2.90,24.00,0.00]=6.44;[8.3, 20.48, 0.0];[8.31,20.40,0.65];19:21:13.222;8.31;20.40;8.3;20.48;8.30;20.40;0.0;-0.08;-0.01;0.0;0.08;0.01;['P6', 'P5', 'P7'];['P6 2.83', 'P5 5.84', 'P9 6.7', 'P7 6.44']
P6[6.70,18.03,0.00]=2.59;P5[13.00,24.00,0.00]=5.84;P7[2.90,24.00,0.00]=6.45;null;[8.29, 20.43, 0.0];[8.32,20.35,0.64];19:21:13.319;8.32;20.35;8.29;20.43;8.30;20.40;0.01;-0.03;-0.02;0.05;0.03;0.05;['P6', 'P5', 'P7'];['P6 2.59', 'P5 5.84', 'P7 6.45']
P6[6.70,18.03,0.00]=2.88;P5[13.00,24.00,0.00]=5.88;P7[2.90,24.00,0.00]=6.42;null;[8.28, 20.48, 0.0];[8.31,20.37,0.68];19:21:13.419;8.31;20.37;8.28;20.48;8.30;20.40;0.02;-0.08;-0.01;0.03;0.08;0.03;['P6', 'P5', 'P7'];['P6 2.88', 'P5 5.88', 'P7 6.42']
P6[6.70,18.03,0.00]=2.86;P5[13.00,24.00,0.00]=5.85;P7[2.90,24.00,0.00]=6.39;null;[8.27, 20.52, 0.0];[8.30,20.39,0.67];19:21:13.519;8.30;20.39;8.27;20.52;8.30;20.40;0.03;-0.12;0.0;0.01;0.12;0.01;['P6', 'P5', 'P7'];['P6 2.86', 'P5 5.85', 'P7 6.39']
P6[6.70,18.03,0.00]=2.86;P5[13.00,24.00,0.00]=5.82;P9[13.00,16.50,0.00]=6.85;P7[2.90,24.00,0.00]=6.40;[8.29, 20.53, 0.0];[8.30,20.40,0.66];19:21:13.622;8.30;20.40;8.29;20.53;8.30;20.40;0.01;-0.13;0.0;0.0;0.13;0.0;['P6', 'P5', 'P7'];['P6 2.86', 'P5 5.82', 'P9 6.85', 'P7 6.4']
P6[6.70,18.03,0.00]=2.56;P5[13.00,24.00,0.00]=5.85;P9[13.00,16.50,0.00]=6.88;P7[2.90,24.00,0.00]=6.41;[8.26, 20.44, 0.0];[8.30,20.35,0.62];19:21:13.723;8.30;20.35;8.26;20.44;8.30;20.40;0.04;-0.04;0.0;0.05;0.06;0.05;['P6', 'P5', 'P7'];['P6 2.56', 'P5 5.85', 'P9 6.88', 'P7 6.41']
P6[6.70,18.03,0.00]=2.89;P5[13.00,24.00,0.00]=5.81;P7[2.90,24.00,0.00]=6.39;null;[8.29, 20.55, 0.0];[8.30,20.38,0.62];19:21:13.819;8.30;20.38;8.29;20.55;8.30;20.40;0.01;-0.15;0.0;0.02;0.15;0.02;['P6', 'P5', 'P7'];['P6 2.89', 'P5 5.81', 'P7 6.39']
P6[6.70,18.03,0.00]=2.86;P5[13.00,24.00,0.00]=5.82;P7[2.90,24.00,0.00]=6.45;null;[8.32, 20.5, 0.0];[8.31,20.39,0.62];19:21:13.920;8.31;20.39;8.32;20.5;8.30;20.40;-0.02;-0.1;-0.01;0.01;0.1;0.01;['P6', 'P5', 'P7'];['P6 2.86', 'P5 5.82', 'P7 6.45']
P6[6.70,18.03,0.00]=2.87;P5[13.00,24.00,0.00]=5.83;P9[13.00,16.50,0.00]=6.83;P7[2.90,24.00,0.00]=6.41;[8.29, 20.52, 0.0];[8.31,20.40,0.63];19:21:14.022;8.31;20.40;8.29;20.52;8.30;20.40;0.01;-0.12;-0.01;0.0;0.12;0.01;['P6', 'P5', 'P7'];['P6 2.87', 'P5 5.83', 'P9 6.83', 'P7 6.41']
P6[6.70,18.03,0.00]=2.83;P5[13.00,24.00,0.00]=5.82;P9[13.00,16.50,0.00]=6.81;P7[2.90,24.00,0.00]=6.44;[8.31, 20.5, 0.0];[8.32,20.40,0.61];19:21:14.122;8.32;20.40;8.31;20.5;8.30;20.40;-0.01;-0.1;-0.02;0.0;0.1;0.02;['P6', 'P5', 'P7'];['P6 2.83', 'P5 5.82', 'P9 6.81', 'P7 6.44']
P6[6.70,18.03,0.00]=2.85;P5[13.00,24.00,0.00]=5.82;P9[13.00,16.50,0.00]=6.83;P7[2.90,24.00,0.00]=6.46;[8.33, 20.49, 0.0];[8.32,20.40,0.61];19:21:14.222;8.32;20.40;8.33;20.49;8.30;20.40;-0.03;-0.09;-0.02;0.0;0.09;0.02;['P6', 'P5', 'P7'];['P6 2.85', 'P5 5.82', 'P9 6.83', 'P7 6.46']
P6[6.70,18.03,0.00]=2.87;P5[13.00,24.00,0.00]=5.84;P9[13.00,16.50,0.00]=6.74;P7[2.90,24.00,0.00]=6.42;[8.29, 20.51, 0.0];[8.32,20.40,0.63];19:21:14.322;8.32;20.40;8.29;20.51;8.30;20.40;0.01;-0.11;-0.02;0.0;0.11;0.02;['P6', 'P5', 'P7'];['P6 2.87', 'P5 5.84', 'P9 6.74', 'P7 6.42']
P6[6.70,18.03,0.00]=2.85;P5[13.00,24.00,0.00]=5.80;P9[13.00,16.50,0.00]=6.76;P7[2.90,24.00,0.00]=6.50;[8.36, 20.47, 0.0];[8.34,20.40,0.62];19:21:14.422;8.34;20.40;8.36;20.47;8.30;20.40;-0.06;-0.07;-0.04;0.0;0.09;0.04;['P6', 'P5', 'P7'];['P6 2.85', 'P5 5.8', 'P9 6.76', 'P7 6.5']
P6[6.70,18.03,0.00]=2.88;P5[13.00,24.00,0.00]=5.83;P9[13.00,16.50,0.00]=6.83;P7[2.90,24.00,0.00]=6.46;[8.33, 20.49, 0.0];[8.34,20.40,0.65];19:21:14.522;8.34;20.40;8.33;20.49;8.30;20.40;-0.03;-0.09;-0.04;0.0;0.09;0.04;['P6', 'P5', 'P7'];['P6 2.88', 'P5 5.83', 'P9 6.83', 'P7 6.46']
P6[6.70,18.03,0.00]=2.89;P5[13.00,24.00,0.00]=5.84;P9[13.00,16.50,0.00]=6.87;P7[2.90,24.00,0.00]=6.45;[8.32, 20.49, 0.0];[8.34,20.40,0.68];19:21:14.623;8.34;20.40;8.32;20.49;8.30;20.40;-0.02;-0.09;-0.04;0.0;0.09;0.04;['P6', 'P5', 'P7'];['P6 2.89', 'P5 5.84', 'P9 6.87', 'P7 6.45']
P6[6.70,18.03,0.00]=2.82;P5[13.00,24.00,0.00]=5.78;P9[13.00,16.50,0.00]=6.86;P7[2.90,24.00,0.00]=6.46;[8.35, 20.5, 0.0];[8.35,20.40,0.59];19:21:14.722;8.35;20.40;8.35;20.5;8.30;20.40;-0.05;-0.1;-0.05;0.0;0.11;0.05;['P6', 'P5', 'P7'];['P6 2.82', 'P5 5.78', 'P9 6.86', 'P7 6.46']
P6[6.70,18.03,0.00]=2.81;P5[13.00,24.00,0.00]=5.85;P9[13.00,16.50,0.00]=6.92;P7[2.90,24.00,0.00]=6.47;[8.32, 20.45, 0.0];[8.34,20.39,0.59];19:21:14.822;8.34;20.39;8.32;20.45;8.30;20.40;-0.02;-0.05;-0.04;0.01;0.05;0.04;['P6', 'P5', 'P7'];['P6 2.81', 'P5 5.85', 'P9 6.92', 'P7 6.47']
P6[6.70,18.03,0.00]=2.88;P5[13.00,24.00,0.00]=5.84;P9[13.00,16.50,0.00]=6.84;P7[2.90,24.00,0.00]=6.45;[8.31, 20.49, 0.0];[8.34,20.39,0.62];19:21:14.922;8.34;20.39;8.31;20.49;8.30;20.40;-0.01;-0.09;-0.04;0.01;0.09;0.04;['P6', 'P5', 'P7'];['P6 2.88', 'P5 5.84', 'P9 6.84', 'P7 6.45']
P6[6.70,18.03,0.00]=2.87;P5[13.00,24.00,0.00]=5.83;P9[13.00,16.50,0.00]=6.83;P7[2.90,24.00,0.00]=6.48;[8.34, 20.47, 0.0];[8.34,20.39,0.65];19:21:15.023;8.34;20.39;8.34;20.47;8.30;20.40;-0.04;-0.07;-0.04;0.01;0.08;0.04;['P6', 'P5', 'P7'];['P6 2.87', 'P5 5.83', 'P9 6.83', 'P7 6.48']
P6[6.70,18.03,0.00]=2.84;P5[13.00,24.00,0.00]=5.86;P9[13.00,16.50,0.00]=6.88;P7[2.90,24.00,0.00]=6.44;[8.3, 20.47, 0.0];[8.33,20.39,0.66];19:21:15.122;8.33;20.39;8.3;20.47;8.30;20.40;0.0;-0.07;-0.03;0.01;0.07;0.03;['P6', 'P5', 'P7'];['P6 2.84', 'P5 5.86', 'P9 6.88', 'P7 6.44']
P6[6.70,18.03,0.00]=2.83;P5[13.00,24.00,0.00]=5.84;P9[13.00,16.50,0.00]=6.92;P7[2.90,24.00,0.00]=6.34;[8.24, 20.56, 0.0];[8.32,20.41,0.62];19:21:15.223;8.32;20.41;8.24;20.56;8.30;20.40;0.06;-0.16;-0.02;-0.01;0.17;0.02;['P6', 'P5', 'P7'];['P6 2.83', 'P5 5.84', 'P9 6.92', 'P7 6.34']
P6[6.70,18.03,0.00]=2.85;P5[13.00,24.00,0.00]=5.84;P9[13.00,16.50,0.00]=6.80;P7[2.90,24.00,0.00]=6.39;[8.27, 20.53, 0.0];[8.31,20.41,0.62];19:21:15.323;8.31;20.41;8.27;20.53;8.30;20.40;0.03;-0.13;-0.01;-0.01;0.13;0.01;['P6', 'P5', 'P7'];['P6 2.85', 'P5 5.84', 'P9 6.8', 'P7 6.39']
P6[6.70,18.03,0.00]=2.86;P5[13.00,24.00,0.00]=5.92;P9[13.00,16.50,0.00]=6.91;P7[2.90,24.00,0.00]=6.36;[8.21, 20.5, 0.0];[8.29,20.42,0.67];19:21:15.423;8.29;20.42;8.21;20.5;8.30;20.40;0.09;-0.1;0.01;-0.02;0.13;0.02;['P6', 'P5', 'P7'];['P6 2.86', 'P5 5.92', 'P9 6.91', 'P7 6.36']
P6[6.70,18.03,0.00]=2.84;P5[13.00,24.00,0.00]=5.85;P9[13.00,16.50,0.00]=6.77;P7[2.90,24.00,0.00]=6.38;[8.26, 20.52, 0.0];[8.29,20.42,0.65];19:21:15.522;8.29;20.42;8.26;20.52;8.30;20.40;0.04;-0.12;0.01;-0.02;0.13;0.02;['P6', 'P5', 'P7'];['P6 2.84', 'P5 5.85', 'P9 6.77', 'P7 6.38']
P6[6.70,18.03,0.00]=2.85;P5[13.00,24.00,0.00]=5.88;P9[13.00,16.50,0.00]=6.85;P7[2.90,24.00,0.00]=6.34;[8.22, 20.54, 0.0];[8.27,20.43,0.66];19:21:15.623;8.27;20.43;8.22;20.54;8.30;20.40;0.08;-0.14;0.03;-0.03;0.16;0.04;['P6', 'P5', 'P7'];['P6 2.85', 'P5 5.88', 'P9 6.85', 'P7 6.34']
P6[6.70,18.03,0.00]=2.81;P5[13.00,24.00,0.00]=5.85;P9[13.00,16.50,0.00]=6.86;P7[2.90,24.00,0.00]=6.44;[8.3, 20.47, 0.0];[8.28,20.42,0.63];19:21:15.723;8.28;20.42;8.3;20.47;8.30;20.40;0.0;-0.07;0.02;-0.02;0.07;0.03;['P6', 'P5', 'P7'];['P6 2.81', 'P5 5.85', 'P9 6.86', 'P7 6.44']
P6[6.70,18.03,0.00]=2.79;P5[13.00,24.00,0.00]=5.91;P9[13.00,16.50,0.00]=6.83;P7[2.90,24.00,0.00]=6.43;[8.26, 20.44, 0.0];[8.28,20.40,0.64];19:21:15.822;8.28;20.40;8.26;20.44;8.30;20.40;0.04;-0.04;0.02;0.0;0.06;0.02;['P6', 'P5', 'P7'];['P6 2.79', 'P5 5.91', 'P9 6.83', 'P7 6.43']
P6[6.70,18.03,0.00]=2.75;P5[13.00,24.00,0.00]=5.89;P9[13.00,16.50,0.00]=6.87;P7[2.90,24.00,0.00]=6.41;[8.25, 20.46, 0.0];[8.28,20.39,0.61];19:21:15.923;8.28;20.39;8.25;20.46;8.30;20.40;0.05;-0.06;0.02;0.01;0.08;0.02;['P6', 'P5', 'P7'];['P6 2.75', 'P5 5.89', 'P9 6.87', 'P7 6.41']
P6[6.70,18.03,0.00]=2.78;P5[13.00,24.00,0.00]=5.88;P9[13.00,16.50,0.00]=6.90;P7[2.90,24.00,0.00]=6.45;[8.29, 20.44, 0.0];[8.28,20.38,0.60];19:21:16.023;8.28;20.38;8.29;20.44;8.30;20.40;0.01;-0.04;0.02;0.02;0.04;0.03;['P6', 'P5', 'P7'];['P6 2.78', 'P5 5.88', 'P9 6.9', 'P7 6.45']
P6[6.70,18.03,0.00]=2.70;P5[13.00,24.00,0.00]=5.91;P9[13.00,16.50,0.00]=8.44;P7[2.90,24.00,0.00]=6.43;[8.25, 20.42, 0.0];[8.28,20.36,0.55];19:21:16.124;8.28;20.36;8.25;20.42;8.30;20.40;0.05;-0.02;0.02;0.04;0.05;0.04;['P6', 'P5', 'P7'];['P6 2.7', 'P5 5.91', 'P9 8.44', 'P7 6.43']
P6[6.70,18.03,0.00]=2.71;P5[13.00,24.00,0.00]=5.86;P7[2.90,24.00,0.00]=6.40;null;[8.26, 20.48, 0.0];[8.29,20.34,0.63];19:21:16.219;8.29;20.34;8.26;20.48;8.30;20.40;0.04;-0.08;0.01;0.06;0.09;0.06;['P6', 'P5', 'P7'];['P6 2.71', 'P5 5.86', 'P7 6.4']
P6[6.70,18.03,0.00]=2.74;P5[13.00,24.00,0.00]=5.94;P7[2.90,24.00,0.00]=6.43;null;[8.24, 20.41, 0.0];[8.28,20.34,0.62];19:21:16.319;8.28;20.34;8.24;20.41;8.30;20.40;0.06;-0.01;0.02;0.06;0.06;0.06;['P6', 'P5', 'P7'];['P6 2.74', 'P5 5.94', 'P7 6.43']
P6[6.70,18.03,0.00]=2.72;P5[13.00,24.00,0.00]=5.93;P9[13.00,16.50,0.00]=9.84;P7[2.90,24.00,0.00]=6.45;[8.26, 20.4, 0.0];[8.28,20.33,0.61];19:21:16.427;8.28;20.33;8.26;20.4;8.30;20.40;0.04;0.0;0.02;0.07;0.04;0.07;['P6', 'P5', 'P7'];['P6 2.72', 'P5 5.93', 'P9 9.84', 'P7 6.45']
P6[6.70,18.03,0.00]=2.73;P5[13.00,24.00,0.00]=5.94;P9[13.00,16.50,0.00]=9.58;P7[2.90,24.00,0.00]=6.44;[8.25, 20.4, 0.0];[8.27,20.32,0.61];19:21:16.526;8.27;20.32;8.25;20.4;8.30;20.40;0.05;0.0;0.03;0.08;0.05;0.09;['P6', 'P5', 'P7'];['P6 2.73', 'P5 5.94', 'P9 9.58', 'P7 6.44']
P6[6.70,18.03,0.00]=2.71;P5[13.00,24.00,0.00]=5.96;P9[13.00,16.50,0.00]=6.94;P7[2.90,24.00,0.00]=6.38;[8.2, 20.43, 0.0];[8.26,20.32,0.59];19:21:16.623;8.26;20.32;8.2;20.43;8.30;20.40;0.1;-0.03;0.04;0.08;0.1;0.09;['P6', 'P5', 'P7'];['P6 2.71', 'P5 5.96', 'P9 6.94', 'P7 6.38']
P6[6.70,18.03,0.00]=2.73;P5[13.00,24.00,0.00]=5.87;P9[13.00,16.50,0.00]=6.90;P7[2.90,24.00,0.00]=6.49;[8.31, 20.41, 0.0];[8.28,20.32,0.55];19:21:16.723;8.28;20.32;8.31;20.41;8.30;20.40;-0.01;-0.01;0.02;0.08;0.01;0.08;['P6', 'P5', 'P7'];['P6 2.73', 'P5 5.87', 'P9 6.9', 'P7 6.49']
P6[6.70,18.03,0.00]=2.73;P5[13.00,24.00,0.00]=5.95;P9[13.00,16.50,0.00]=6.90;P7[2.90,24.00,0.00]=6.41;[8.22, 20.41, 0.0];[8.27,20.32,0.56];19:21:16.823;8.27;20.32;8.22;20.41;8.30;20.40;0.08;-0.01;0.03;0.08;0.08;0.09;['P6', 'P5', 'P7'];['P6 2.73', 'P5 5.95', 'P9 6.9', 'P7 6.41']
P6[6.70,18.03,0.00]=2.72;P5[13.00,24.00,0.00]=5.92;P9[13.00,16.50,0.00]=8.80;P7[2.90,24.00,0.00]=6.49;[8.29, 20.37, 0.0];[8.28,20.31,0.56];19:21:16.924;8.28;20.31;8.29;20.37;8.30;20.40;0.01;0.03;0.02;0.09;0.03;0.09;['P6', 'P5', 'P7'];['P6 2.72', 'P5 5.92', 'P9 8.8', 'P7 6.49']
P6[6.70,18.03,0.00]=2.74;P5[13.00,24.00,0.00]=5.92;P9[13.00,16.50,0.00]=6.89;P7[2.90,24.00,0.00]=6.47;[8.28, 20.39, 0.0];[8.28,20.30,0.57];19:21:17.023;8.28;20.30;8.28;20.39;8.30;20.40;0.02;0.01;0.02;0.1;0.02;0.1;['P6', 'P5', 'P7'];['P6 2.74', 'P5 5.92', 'P9 6.89', 'P7 6.47']
P6[6.70,18.03,0.00]=2.70;P5[13.00,24.00,0.00]=5.89;P9[13.00,16.50,0.00]=9.80;P7[2.90,24.00,0.00]=6.49;[8.3, 20.39, 0.0];[8.29,20.30,0.53];19:21:17.127;8.29;20.30;8.3;20.39;8.30;20.40;0.0;0.01;0.01;0.1;0.01;0.1;['P6', 'P5', 'P7'];['P6 2.7', 'P5 5.89', 'P9 9.8', 'P7 6.49']
P6[6.70,18.03,0.00]=2.70;P5[13.00,24.00,0.00]=5.87;P9[13.00,16.50,0.00]=9.60;P7[2.90,24.00,0.00]=6.52;[8.33, 20.38, 0.0];[8.31,20.29,0.48];19:21:17.227;8.31;20.29;8.33;20.38;8.30;20.40;-0.03;0.02;-0.01;0.11;0.04;0.11;['P6', 'P5', 'P7'];['P6 2.7', 'P5 5.87', 'P9 9.6', 'P7 6.52']
P6[6.70,18.03,0.00]=2.74;P5[13.00,24.00,0.00]=5.93;P9[13.00,16.50,0.00]=9.65;P7[2.90,24.00,0.00]=6.42;[8.24, 20.42, 0.0];[8.29,20.30,0.51];19:21:17.326;8.29;20.30;8.24;20.42;8.30;20.40;0.06;-0.02;0.01;0.1;0.06;0.1;['P6', 'P5', 'P7'];['P6 2.74', 'P5 5.93', 'P9 9.65', 'P7 6.42']
P6[6.70,18.03,0.00]=2.71;P5[13.00,24.00,0.00]=5.93;P9[13.00,16.50,0.00]=9.82;P7[2.90,24.00,0.00]=6.47;[8.27, 20.38, 0.0];[8.29,20.29,0.52];19:21:17.427;8.29;20.29;8.27;20.38;8.30;20.40;0.03;0.02;0.01;0.11;0.04;0.11;['P6', 'P5', 'P7'];['P6 2.71', 'P5 5.93', 'P9 9.82', 'P7 6.47']
P6[6.70,18.03,0.00]=2.74;P5[13.00,24.00,0.00]=5.92;P9[13.00,16.50,0.00]=9.92;P7[2.90,24.00,0.00]=6.46;[8.27, 20.4, 0.0];[8.29,20.30,0.54];19:21:17.527;8.29;20.30;8.27;20.4;8.30;20.40;0.03;0.0;0.01;0.1;0.03;0.1;['P6', 'P5', 'P7'];['P6 2.74', 'P5 5.92', 'P9 9.92', 'P7 6.46']
P6[6.70,18.03,0.00]=2.69;P5[13.00,24.00,0.00]=5.93;P9[13.00,16.50,0.00]=8.15;P7[2.90,24.00,0.00]=6.48;[8.28, 20.37, 0.0];[8.29,20.29,0.53];19:21:17.625;8.29;20.29;8.28;20.37;8.30;20.40;0.02;0.03;0.01;0.11;0.04;0.11;['P6', 'P5', 'P7'];['P6 2.69', 'P5 5.93', 'P9 8.15', 'P7 6.48']
P6[6.70,18.03,0.00]=2.70;P5[13.00,24.00,0.00]=5.97;P9[13.00,16.50,0.00]=8.12;P7[2.90,24.00,0.00]=6.43;[8.22, 20.38, 0.0];[8.28,20.29,0.54];19:21:17.724;8.28;20.29;8.22;20.38;8.30;20.40;0.08;0.02;0.02;0.11;0.08;0.11;['P6', 'P5', 'P7'];['P6 2.7', 'P5 5.97', 'P9 8.12', 'P7 6.43']
P6[6.70,18.03,0.00]=2.70;P5[13.00,24.00,0.00]=5.92;P7[2.90,24.00,0.00]=6.48;null;[8.28, 20.38, 0.0];[8.28,20.28,0.53];19:21:17.820;8.28;20.28;8.28;20.38;8.30;20.40;0.02;0.02;0.02;0.12;0.03;0.12;['P6', 'P5', 'P7'];['P6 2.7', 'P5 5.92', 'P7 6.48']
P6[6.70,18.03,0.00]=2.71;P5[13.00,24.00,0.00]=5.94;P9[13.00,16.50,0.00]=7.64;P7[2.90,24.00,0.00]=6.41;[8.23, 20.42, 0.0];[8.27,20.29,0.53];19:21:17.925;8.27;20.29;8.23;20.42;8.30;20.40;0.07;-0.02;0.03;0.11;0.07;0.11;['P6', 'P5', 'P7'];['P6 2.71', 'P5 5.94', 'P9 7.64', 'P7 6.41']
P6[6.70,18.03,0.00]=2.67;P5[13.00,24.00,0.00]=5.98;P9[13.00,16.50,0.00]=9.40;P7[2.90,24.00,0.00]=6.44;[8.22, 20.36, 0.0];[8.26,20.28,0.54];19:21:18.026;8.26;20.28;8.22;20.36;8.30;20.40;0.08;0.04;0.04;0.12;0.09;0.13;['P6', 'P5', 'P7'];['P6 2.67', 'P5 5.98', 'P9 9.4', 'P7 6.44']
P6[6.70,18.03,0.00]=2.67;P5[13.00,24.00,0.00]=5.99;P9[13.00,16.50,0.00]=9.52;P7[2.90,24.00,0.00]=6.39;[8.18, 20.39, 0.0];[8.25,20.28,0.54];19:21:18.127;8.25;20.28;8.18;20.39;8.30;20.40;0.12;0.01;0.05;0.12;0.12;0.13;['P6', 'P5', 'P7'];['P6 2.67', 'P5 5.99', 'P9 9.52', 'P7 6.39']
P6[6.70,18.03,0.00]=2.72;P5[13.00,24.00,0.00]=5.97;P9[13.00,16.50,0.00]=8.97;P7[2.90,24.00,0.00]=6.44;[8.23, 20.38, 0.0];[8.25,20.29,0.57];19:21:18.224;8.25;20.29;8.23;20.38;8.30;20.40;0.07;0.02;0.05;0.11;0.07;0.12;['P6', 'P5', 'P7'];['P6 2.72', 'P5 5.97', 'P9 8.97', 'P7 6.44']
P6[6.70,18.03,0.00]=2.71;P5[13.00,24.00,0.00]=5.94;P9[13.00,16.50,0.00]=9.71;P7[2.90,24.00,0.00]=6.41;[8.23, 20.42, 0.0];[8.25,20.29,0.56];19:21:18.327;8.25;20.29;8.23;20.42;8.30;20.40;0.07;-0.02;0.05;0.11;0.07;0.12;['P6', 'P5', 'P7'];['P6 2.71', 'P5 5.94', 'P9 9.71', 'P7 6.41']
P6[6.70,18.03,0.00]=2.74;P5[13.00,24.00,0.00]=5.94;P9[13.00,16.50,0.00]=9.32;P7[2.90,24.00,0.00]=6.45;[8.25, 20.39, 0.0];[8.25,20.30,0.58];19:21:18.427;8.25;20.30;8.25;20.39;8.30;20.40;0.05;0.01;0.05;0.1;0.05;0.11;['P6', 'P5', 'P7'];['P6 2.74', 'P5 5.94', 'P9 9.32', 'P7 6.45']
P6[6.70,18.03,0.00]=2.74;P5[13.00,24.00,0.00]=5.92;P9[13.00,16.50,0.00]=8.73;P7[2.90,24.00,0.00]=6.38;[8.22, 20.46, 0.0];[8.25,20.31,0.56];19:21:18.524;8.25;20.31;8.22;20.46;8.30;20.40;0.08;-0.06;0.05;0.09;0.1;0.1;['P6', 'P5', 'P7'];['P6 2.74', 'P5 5.92', 'P9 8.73', 'P7 6.38']
P6[6.70,18.03,0.00]=2.73;P5[13.00,24.00,0.00]=5.93;P9[13.00,16.50,0.00]=8.31;P7[2.90,24.00,0.00]=6.47;[8.27, 20.38, 0.0];[8.26,20.31,0.57];19:21:18.625;8.26;20.31;8.27;20.38;8.30;20.40;0.03;0.02;0.04;0.09;0.04;0.1;['P6', 'P5', 'P7'];['P6 2.73', 'P5 5.93', 'P9 8.31', 'P7 6.47']
P6[6.70,18.03,0.00]=2.69;P5[13.00,24.00,0.00]=5.91;P9[13.00,16.50,0.00]=8.86;P7[2.90,24.00,0.00]=6.44;[8.26, 20.41, 0.0];[8.26,20.30,0.52];19:21:18.725;8.26;20.30;8.26;20.41;8.30;20.40;0.04;-0.01;0.04;0.1;0.04;0.11;['P6', 'P5', 'P7'];['P6 2.69', 'P5 5.91', 'P9 8.86', 'P7 6.44']
P6[6.70,18.03,0.00]=2.68;P5[13.00,24.00,0.00]=5.96;P9[13.00,16.50,0.00]=8.83;P7[2.90,24.00,0.00]=6.44;[8.23, 20.38, 0.0];[8.26,20.30,0.53];19:21:18.824;8.26;20.30;8.23;20.38;8.30;20.40;0.07;0.02;0.04;0.1;0.07;0.11;['P6', 'P5', 'P7'];['P6 2.68', 'P5 5.96', 'P9 8.83', 'P7 6.44']
P6[6.70,18.03,0.00]=2.68;P5[13.00,24.00,0.00]=5.92;P9[13.00,16.50,0.00]=8.80;P7[2.90,24.00,0.00]=6.47;[8.27, 20.38, 0.0];[8.27,20.29,0.49];19:21:18.925;8.27;20.29;8.27;20.38;8.30;20.40;0.03;0.02;0.03;0.11;0.04;0.11;['P6', 'P5', 'P7'];['P6 2.68', 'P5 5.92', 'P9 8.8', 'P7 6.47']
P6[6.70,18.03,0.00]=2.70;P5[13.00,24.00,0.00]=5.92;P9[13.00,16.50,0.00]=7.94;P7[2.90,24.00,0.00]=6.44;[8.25, 20.41, 0.0];[8.27,20.29,0.48];19:21:19.025;8.27;20.29;8.25;20.41;8.30;20.40;0.05;-0.01;0.03;0.11;0.05;0.11;['P6', 'P5', 'P7'];['P6 2.7', 'P5 5.92', 'P9 7.94', 'P7 6.44']
P6[6.70,18.03,0.00]=2.68;P7[2.90,24.00,0.00]=6.38;P9[13.00,16.50,0.00]=7.93;P5[13.00,24.00,0.00]=5.88;[8.23, 20.47, 0.0];[7.50,19.80,0.22];19:21:19.225;7.50;19.80;8.23;20.47;8.30;20.40;0.07;-0.07;0.8;0.6;0.1;1.0;['P6', 'P7', 'P5'];['P6 2.68', 'P7 6.38', 'P9 7.93', 'P5 5.88']
P6[6.70,18.03,0.00]=2.65;P7[2.90,24.00,0.00]=6.44;P9[13.00,16.50,0.00]=7.86;P5[13.00,24.00,0.00]=5.83;[8.3, 20.45, 0.0];[7.71,19.92,-0.02];19:21:19.325;7.71;19.92;8.3;20.45;8.30;20.40;0.0;-0.05;0.59;0.48;0.05;0.76;['P6', 'P7', 'P5'];['P6 2.65', 'P7 6.44', 'P9 7.86', 'P5 5.83']
P6[6.70,18.03,0.00]=2.68;P7[2.90,24.00,0.00]=6.36;P9[13.00,16.50,0.00]=9.00;P5[13.00,24.00,0.00]=5.96;[8.18, 20.44, 0.0];[7.43,19.78,0.32];19:21:19.524;7.43;19.78;8.18;20.44;8.30;20.40;0.12;-0.04;0.87;0.62;0.13;1.07;['P6', 'P7', 'P5'];['P6 2.68', 'P7 6.36', 'P9 9.0', 'P5 5.96']
P6[6.70,18.03,0.00]=2.65;P7[2.90,24.00,0.00]=6.41;P9[13.00,16.50,0.00]=10.61;P5[13.00,24.00,0.00]=5.91;[8.24, 20.42, 0.0];[7.64,19.89,0.02];19:21:19.627;7.64;19.89;8.24;20.42;8.30;20.40;0.06;-0.02;0.66;0.51;0.06;0.83;['P6', 'P7', 'P5'];['P6 2.65', 'P7 6.41', 'P9 10.61', 'P5 5.91']
P6[6.70,18.03,0.00]=2.67;P7[2.90,24.00,0.00]=6.38;P5[13.00,24.00,0.00]=5.91;null;[8.22, 20.45, 0.0];[7.79,19.99,-0.21];19:21:19.721;7.79;19.99;8.22;20.45;8.30;20.40;0.08;-0.05;0.51;0.41;0.09;0.65;['P6', 'P7', 'P5'];['P6 2.67', 'P7 6.38', 'P5 5.91']
P6[6.70,18.03,0.00]=2.65;P9[13.00,16.50,0.00]=9.12;P7[2.90,24.00,0.00]=6.38;P5[13.00,24.00,0.00]=5.90;[8.22, 20.45, 0.0];[7.91,20.06,-0.37];19:21:19.828;7.91;20.06;8.22;20.45;8.30;20.40;0.08;-0.05;0.39;0.34;0.09;0.52;['P6', 'P7', 'P5'];['P6 2.65', 'P9 9.12', 'P7 6.38', 'P5 5.9']
P6[6.70,18.03,0.00]=2.68;P9[13.00,16.50,0.00]=8.88;P7[2.90,24.00,0.00]=6.44;P5[13.00,24.00,0.00]=5.89;[8.27, 20.42, 0.0];[8.00,20.10,-0.50];19:21:19.925;8.00;20.10;8.27;20.42;8.30;20.40;0.03;-0.02;0.3;0.3;0.04;0.42;['P6', 'P7', 'P5'];['P6 2.68', 'P9 8.88', 'P7 6.44', 'P5 5.89']
P6[6.70,18.03,0.00]=2.69;P9[13.00,16.50,0.00]=9.95;P5[13.00,24.00,0.00]=5.95;P7[2.90,24.00,0.00]=6.37;[8.19, 20.44, 0.0];[8.05,20.16,-0.27];19:21:20.027;8.05;20.16;8.19;20.44;8.30;20.40;0.11;-0.04;0.25;0.24;0.12;0.35;['P6', 'P5', 'P7'];['P6 2.69', 'P9 9.95', 'P5 5.95', 'P7 6.37']
P6[6.70,18.03,0.00]=2.65;P9[13.00,16.50,0.00]=9.98;P5[13.00,24.00,0.00]=5.91;P7[2.90,24.00,0.00]=6.32;[8.18, 20.49, 0.0];[8.09,20.20,0.00];19:21:20.128;8.09;20.20;8.18;20.49;8.30;20.40;0.12;-0.09;0.21;0.2;0.15;0.29;['P6', 'P5', 'P7'];['P6 2.65', 'P9 9.98', 'P5 5.91', 'P7 6.32']
P6[6.70,18.03,0.00]=2.69;P5[13.00,24.00,0.00]=5.96;P7[2.90,24.00,0.00]=6.39;null;[8.2, 20.42, 0.0];[8.12,20.23,0.13];19:21:20.220;8.12;20.23;8.2;20.42;8.30;20.40;0.1;-0.02;0.18;0.17;0.1;0.25;['P6', 'P5', 'P7'];['P6 2.69', 'P5 5.96', 'P7 6.39']
P6[6.70,18.03,0.00]=2.66;P9[13.00,16.50,0.00]=7.95;P5[13.00,24.00,0.00]=5.88;P7[2.90,24.00,0.00]=6.38;[8.23, 20.47, 0.0];[8.16,20.24,0.30];19:21:20.325;8.16;20.24;8.23;20.47;8.30;20.40;0.07;-0.07;0.14;0.16;0.1;0.21;['P6', 'P5', 'P7'];['P6 2.66', 'P9 7.95', 'P5 5.88', 'P7 6.38']
P6[6.70,18.03,0.00]=2.63;P9[13.00,16.50,0.00]=7.81;P5[13.00,24.00,0.00]=5.88;P7[2.90,24.00,0.00]=6.33;[8.2, 20.5, 0.0];[8.18,20.25,0.40];19:21:20.425;8.18;20.25;8.2;20.5;8.30;20.40;0.1;-0.1;0.12;0.15;0.14;0.19;['P6', 'P5', 'P7'];['P6 2.63', 'P9 7.81', 'P5 5.88', 'P7 6.33']
P6[6.70,18.03,0.00]=2.68;P5[13.00,24.00,0.00]=5.91;P9[13.00,16.50,0.00]=8.85;P7[2.90,24.00,0.00]=6.39;[8.23, 20.45, 0.0];[8.19,20.27,0.37];19:21:20.524;8.19;20.27;8.23;20.45;8.30;20.40;0.07;-0.05;0.11;0.13;0.09;0.17;['P6', 'P5', 'P7'];['P6 2.68', 'P5 5.91', 'P9 8.85', 'P7 6.39']
P6[6.70,18.03,0.00]=2.67;P5[13.00,24.00,0.00]=5.93;P9[13.00,16.50,0.00]=9.87;P7[2.90,24.00,0.00]=6.49;[8.28, 20.36, 0.0];[8.22,20.27,0.38];19:21:20.627;8.22;20.27;8.28;20.36;8.30;20.40;0.02;0.04;0.08;0.13;0.04;0.15;['P6', 'P5', 'P7'];['P6 2.67', 'P5 5.93', 'P9 9.87', 'P7 6.49']
P6[6.70,18.03,0.00]=2.68;P5[13.00,24.00,0.00]=5.95;P7[2.90,24.00,0.00]=6.48;null;[8.26, 20.35, 0.0];[8.24,20.26,0.41];19:21:20.720;8.24;20.26;8.26;20.35;8.30;20.40;0.04;0.05;0.06;0.14;0.06;0.15;['P6', 'P5', 'P7'];['P6 2.68', 'P5 5.95', 'P7 6.48']
P6[6.70,18.03,0.00]=2.65;P5[13.00,24.00,0.00]=5.95;P7[2.90,24.00,0.00]=6.46;null;[8.25, 20.36, 0.0];[8.24,20.26,0.40];19:21:20.820;8.24;20.26;8.25;20.36;8.30;20.40;0.05;0.04;0.06;0.14;0.06;0.15;['P6', 'P5', 'P7'];['P6 2.65', 'P5 5.95', 'P7 6.46']
P6[6.70,18.03,0.00]=2.68;P5[13.00,24.00,0.00]=5.91;P7[2.90,24.00,0.00]=6.44;null;[8.26, 20.41, 0.0];[8.25,20.27,0.38];19:21:20.920;8.25;20.27;8.26;20.41;8.30;20.40;0.04;-0.01;0.05;0.13;0.04;0.14;['P6', 'P5', 'P7'];['P6 2.68', 'P5 5.91', 'P7 6.44']
P6[6.70,18.03,0.00]=2.68;P5[13.00,24.00,0.00]=5.94;P7[2.90,24.00,0.00]=6.46;null;[8.26, 20.37, 0.0];[8.26,20.27,0.39];19:21:21.020;8.26;20.27;8.26;20.37;8.30;20.40;0.04;0.03;0.04;0.13;0.05;0.14;['P6', 'P5', 'P7'];['P6 2.68', 'P5 5.94', 'P7 6.46']
P6[6.70,18.03,0.00]=2.66;P5[13.00,24.00,0.00]=5.95;P7[2.90,24.00,0.00]=6.39;null;[8.2, 20.42, 0.0];[8.25,20.28,0.38];19:21:21.120;8.25;20.28;8.2;20.42;8.30;20.40;0.1;-0.02;0.05;0.12;0.1;0.13;['P6', 'P5', 'P7'];['P6 2.66', 'P5 5.95', 'P7 6.39']
P6[6.70,18.03,0.00]=2.65;P5[13.00,24.00,0.00]=5.96;P9[13.00,16.50,0.00]=10.25;P7[2.90,24.00,0.00]=6.49;[8.26, 20.33, 0.0];[8.26,20.26,0.40];19:21:21.228;8.26;20.26;8.26;20.33;8.30;20.40;0.04;0.07;0.04;0.14;0.08;0.15;['P6', 'P5', 'P7'];['P6 2.65', 'P5 5.96', 'P9 10.25', 'P7 6.49']
P6[6.70,18.03,0.00]=2.68;P5[13.00,24.00,0.00]=5.94;P9[13.00,16.50,0.00]=9.88;P7[2.90,24.00,0.00]=6.41;[8.22, 20.41, 0.0];[8.25,20.27,0.41];19:21:21.327;8.25;20.27;8.22;20.41;8.30;20.40;0.08;-0.01;0.05;0.13;0.08;0.14;['P6', 'P5', 'P7'];['P6 2.68', 'P5 5.94', 'P9 9.88', 'P7 6.41']
P6[6.70,18.03,0.00]=2.71;P5[13.00,24.00,0.00]=5.96;P7[2.90,24.00,0.00]=6.39;null;[8.2, 20.42, 0.0];[8.24,20.29,0.45];19:21:21.420;8.24;20.29;8.2;20.42;8.30;20.40;0.1;-0.02;0.06;0.11;0.1;0.13;['P6', 'P5', 'P7'];['P6 2.71', 'P5 5.96', 'P7 6.39']
P6[6.70,18.03,0.00]=2.65;P5[13.00,24.00,0.00]=5.90;P9[13.00,16.50,0.00]=8.12;P7[2.90,24.00,0.00]=6.40;[8.24, 20.44, 0.0];[8.25,20.28,0.55];19:21:21.525;8.25;20.28;8.24;20.44;8.30;20.40;0.06;-0.04;0.05;0.12;0.07;0.13;['P6', 'P5', 'P7'];['P6 2.65', 'P5 5.9', 'P9 8.12', 'P7 6.4']
P6[6.70,18.03,0.00]=2.68;P5[13.00,24.00,0.00]=5.96;P9[13.00,16.50,0.00]=9.30;P7[2.90,24.00,0.00]=6.45;[8.24, 20.37, 0.0];[8.25,20.28,0.55];19:21:21.627;8.25;20.28;8.24;20.37;8.30;20.40;0.06;0.03;0.05;0.12;0.07;0.13;['P6', 'P5', 'P7'];['P6 2.68', 'P5 5.96', 'P9 9.3', 'P7 6.45']
P6[6.70,18.03,0.00]=2.69;P5[13.00,24.00,0.00]=5.91;P7[2.90,24.00,0.00]=6.45;null;[8.27, 20.4, 0.0];[8.26,20.28,0.51];19:21:21.720;8.26;20.28;8.27;20.4;8.30;20.40;0.03;0.0;0.04;0.12;0.03;0.13;['P6', 'P5', 'P7'];['P6 2.69', 'P5 5.91', 'P7 6.45']
P6[6.70,18.03,0.00]=2.71;P5[13.00,24.00,0.00]=5.93;P9[13.00,16.50,0.00]=8.18;P7[2.90,24.00,0.00]=6.49;[8.28, 20.36, 0.0];[8.27,20.28,0.52];19:21:21.825;8.27;20.28;8.28;20.36;8.30;20.40;0.02;0.04;0.03;0.12;0.04;0.12;['P6', 'P5', 'P7'];['P6 2.71', 'P5 5.93', 'P9 8.18', 'P7 6.49']
P6[6.70,18.03,0.00]=2.66;P5[13.00,24.00,0.00]=5.92;P9[13.00,16.50,0.00]=9.19;P7[2.90,24.00,0.00]=6.49;[8.28, 20.36, 0.0];[8.28,20.27,0.46];19:21:21.928;8.28;20.27;8.28;20.36;8.30;20.40;0.02;0.04;0.02;0.13;0.04;0.13;['P6', 'P5', 'P7'];['P6 2.66', 'P5 5.92', 'P9 9.19', 'P7 6.49']
P6[6.70,18.03,0.00]=2.68;P5[13.00,24.00,0.00]=5.95;P9[13.00,16.50,0.00]=8.05;P7[2.90,24.00,0.00]=6.42;[8.23, 20.4, 0.0];[8.27,20.27,0.46];19:21:22.025;8.27;20.27;8.23;20.4;8.30;20.40;0.07;0.0;0.03;0.13;0.07;0.13;['P6', 'P5', 'P7'];['P6 2.68', 'P5 5.95', 'P9 8.05', 'P7 6.42']
P6[6.70,18.03,0.00]=2.68;P5[13.00,24.00,0.00]=5.95;P7[2.90,24.00,0.00]=6.45;null;[8.24, 20.38, 0.0];[8.27,20.27,0.47];19:21:22.120;8.27;20.27;8.24;20.38;8.30;20.40;0.06;0.02;0.03;0.13;0.06;0.13;['P6', 'P5', 'P7'];['P6 2.68', 'P5 5.95', 'P7 6.45']
P6[6.70,18.03,0.00]=2.67;P5[13.00,24.00,0.00]=5.94;P7[2.90,24.00,0.00]=6.48;null;[8.27, 20.36, 0.0];[8.27,20.27,0.46];19:21:22.221;8.27;20.27;8.27;20.36;8.30;20.40;0.03;0.04;0.03;0.13;0.05;0.13;['P6', 'P5', 'P7'];['P6 2.67', 'P5 5.94', 'P7 6.48']
P6[6.70,18.03,0.00]=2.69;P5[13.00,24.00,0.00]=5.91;P9[13.00,16.50,0.00]=6.90;P7[2.90,24.00,0.00]=6.43;[8.25, 20.42, 0.0];[8.27,20.28,0.43];19:21:22.324;8.27;20.28;8.25;20.42;8.30;20.40;0.05;-0.02;0.03;0.12;0.05;0.12;['P6', 'P5', 'P7'];['P6 2.69', 'P5 5.91', 'P9 6.9', 'P7 6.43']
P6[6.70,18.03,0.00]=2.72;P5[13.00,24.00,0.00]=5.91;P9[13.00,16.50,0.00]=8.10;P7[2.90,24.00,0.00]=6.43;[8.25, 20.42, 0.0];[8.27,20.29,0.44];19:21:22.425;8.27;20.29;8.25;20.42;8.30;20.40;0.05;-0.02;0.03;0.11;0.05;0.11;['P6', 'P5', 'P7'];['P6 2.72', 'P5 5.91', 'P9 8.1', 'P7 6.43']
P6[6.70,18.03,0.00]=2.70;P5[13.00,24.00,0.00]=5.93;P9[13.00,16.50,0.00]=6.96;P7[2.90,24.00,0.00]=6.47;[8.27, 20.38, 0.0];[8.28,20.29,0.45];19:21:22.524;8.28;20.29;8.27;20.38;8.30;20.40;0.03;0.02;0.02;0.11;0.04;0.11;['P6', 'P5', 'P7'];['P6 2.7', 'P5 5.93', 'P9 6.96', 'P7 6.47']
P6[6.70,18.03,0.00]=2.73;P5[13.00,24.00,0.00]=5.95;P9[13.00,16.50,0.00]=6.84;P7[2.90,24.00,0.00]=6.44;[8.24, 20.39, 0.0];[8.27,20.29,0.50];19:21:22.624;8.27;20.29;8.24;20.39;8.30;20.40;0.06;0.01;0.03;0.11;0.06;0.11;['P6', 'P5', 'P7'];['P6 2.73', 'P5 5.95', 'P9 6.84', 'P7 6.44']
P6[6.70,18.03,0.00]=2.72;P5[13.00,24.00,0.00]=5.91;P9[13.00,16.50,0.00]=6.83;P7[2.90,24.00,0.00]=6.44;[8.26, 20.42, 0.0];[8.27,20.29,0.50];19:21:22.724;8.27;20.29;8.26;20.42;8.30;20.40;0.04;-0.02;0.03;0.11;0.04;0.11;['P6', 'P5', 'P7'];['P6 2.72', 'P5 5.91', 'P9 6.83', 'P7 6.44']
P6[6.70,18.03,0.00]=2.68;P5[13.00,24.00,0.00]=5.87;P9[13.00,16.50,0.00]=6.90;P7[2.90,24.00,0.00]=6.41;[8.26, 20.46, 0.0];[8.28,20.29,0.59];19:21:22.824;8.28;20.29;8.26;20.46;8.30;20.40;0.04;-0.06;0.02;0.11;0.07;0.11;['P6', 'P5', 'P7'];['P6 2.68', 'P5 5.87', 'P9 6.9', 'P7 6.41']
P6[6.70,18.03,0.00]=2.73;P5[13.00,24.00,0.00]=5.89;P9[13.00,16.50,0.00]=6.95;P7[2.90,24.00,0.00]=6.50;[8.31, 20.39, 0.0];[8.29,20.29,0.57];19:21:22.924;8.29;20.29;8.31;20.39;8.30;20.40;-0.01;0.01;0.01;0.11;0.01;0.11;['P6', 'P5', 'P7'];['P6 2.73', 'P5 5.89', 'P9 6.95', 'P7 6.5']
P6[6.70,18.03,0.00]=2.74;P5[13.00,24.00,0.00]=5.90;P9[13.00,16.50,0.00]=6.81;P7[2.90,24.00,0.00]=6.53;[8.33, 20.36, 0.0];[8.31,20.28,0.58];19:21:23.024;8.31;20.28;8.33;20.36;8.30;20.40;-0.03;0.04;-0.01;0.12;0.05;0.12;['P6', 'P5', 'P7'];['P6 2.74', 'P5 5.9', 'P9 6.81', 'P7 6.53']
P6[6.70,18.03,0.00]=2.77;P5[13.00,24.00,0.00]=5.89;P9[13.00,16.50,0.00]=9.87;P7[2.90,24.00,0.00]=6.48;[8.3, 20.41, 0.0];[8.31,20.29,0.59];19:21:23.127;8.31;20.29;8.3;20.41;8.30;20.40;0.0;-0.01;-0.01;0.11;0.01;0.11;['P6', 'P5', 'P7'];['P6 2.77', 'P5 5.89', 'P9 9.87', 'P7 6.48']
P6[6.70,18.03,0.00]=2.77;P5[13.00,24.00,0.00]=5.87;P9[13.00,16.50,0.00]=8.10;P7[2.90,24.00,0.00]=6.44;[8.28, 20.45, 0.0];[8.31,20.30,0.57];19:21:23.225;8.31;20.30;8.28;20.45;8.30;20.40;0.02;-0.05;-0.01;0.1;0.05;0.1;['P6', 'P5', 'P7'];['P6 2.77', 'P5 5.87', 'P9 8.1', 'P7 6.44']
P6[6.70,18.03,0.00]=2.77;P5[13.00,24.00,0.00]=5.88;P9[13.00,16.50,0.00]=8.34;P7[2.90,24.00,0.00]=6.50;[8.32, 20.4, 0.0];[8.31,20.31,0.58];19:21:23.325;8.31;20.31;8.32;20.4;8.30;20.40;-0.02;0.0;-0.01;0.09;0.02;0.09;['P6', 'P5', 'P7'];['P6 2.77', 'P5 5.88', 'P9 8.34', 'P7 6.5']
P6[6.70,18.03,0.00]=2.82;P5[13.00,24.00,0.00]=5.87;P9[13.00,16.50,0.00]=6.83;P7[2.90,24.00,0.00]=6.45;[8.3, 20.45, 0.0];[8.31,20.32,0.60];19:21:23.424;8.31;20.32;8.3;20.45;8.30;20.40;0.0;-0.05;-0.01;0.08;0.05;0.08;['P6', 'P5', 'P7'];['P6 2.82', 'P5 5.87', 'P9 6.83', 'P7 6.45']
P6[6.70,18.03,0.00]=2.81;P5[13.00,24.00,0.00]=5.88;P9[13.00,16.50,0.00]=6.72;P7[2.90,24.00,0.00]=6.46;[8.3, 20.44, 0.0];[8.31,20.33,0.62];19:21:23.523;8.31;20.33;8.3;20.44;8.30;20.40;0.0;-0.04;-0.01;0.07;0.04;0.07;['P6', 'P5', 'P7'];['P6 2.81', 'P5 5.88', 'P9 6.72', 'P7 6.46']
P6[6.70,18.03,0.00]=2.86;P5[13.00,24.00,0.00]=5.83;P9[13.00,16.50,0.00]=6.73;P7[2.90,24.00,0.00]=6.51;[8.36, 20.44, 0.0];[8.32,20.34,0.64];19:21:23.624;8.32;20.34;8.36;20.44;8.30;20.40;-0.06;-0.04;-0.02;0.06;0.07;0.06;['P6', 'P5', 'P7'];['P6 2.86', 'P5 5.83', 'P9 6.73', 'P7 6.51']
P6[6.70,18.03,0.00]=2.86;P5[13.00,24.00,0.00]=5.85;P9[13.00,16.50,0.00]=6.77;P7[2.90,24.00,0.00]=6.49;[8.33, 20.45, 0.0];[8.33,20.34,0.67];19:21:23.724;8.33;20.34;8.33;20.45;8.30;20.40;-0.03;-0.05;-0.03;0.06;0.06;0.07;['P6', 'P5', 'P7'];['P6 2.86', 'P5 5.85', 'P9 6.77', 'P7 6.49']
P6[6.70,18.03,0.00]=2.86;P5[13.00,24.00,0.00]=5.82;P9[13.00,16.50,0.00]=6.79;P7[2.90,24.00,0.00]=6.42;[8.3, 20.52, 0.0];[8.33,20.37,0.65];19:21:23.824;8.33;20.37;8.3;20.52;8.30;20.40;0.0;-0.12;-0.03;0.03;0.12;0.04;['P6', 'P5', 'P7'];['P6 2.86', 'P5 5.82', 'P9 6.79', 'P7 6.42']
P6[6.70,18.03,0.00]=2.84;P5[13.00,24.00,0.00]=5.87;P9[13.00,16.50,0.00]=6.91;P7[2.90,24.00,0.00]=6.47;[8.31, 20.44, 0.0];[8.33,20.37,0.68];19:21:23.924;8.33;20.37;8.31;20.44;8.30;20.40;-0.01;-0.04;-0.03;0.03;0.04;0.04;['P6', 'P5', 'P7'];['P6 2.84', 'P5 5.87', 'P9 6.91', 'P7 6.47']
P6[6.70,18.03,0.00]=2.86;P5[13.00,24.00,0.00]=5.88;P9[13.00,16.50,0.00]=6.82;P7[2.90,24.00,0.00]=6.50;[8.33, 20.42, 0.0];[8.33,20.36,0.71];19:21:24.024;8.33;20.36;8.33;20.42;8.30;20.40;-0.03;-0.02;-0.03;0.04;0.04;0.05;['P6', 'P5', 'P7'];['P6 2.86', 'P5 5.88', 'P9 6.82', 'P7 6.5']
P6[6.70,18.03,0.00]=2.86;P5[13.00,24.00,0.00]=5.88;P9[13.00,16.50,0.00]=6.78;P7[2.90,24.00,0.00]=6.44;[8.29, 20.46, 0.0];[8.32,20.37,0.73];19:21:24.124;8.32;20.37;8.29;20.46;8.30;20.40;0.01;-0.06;-0.02;0.03;0.06;0.04;['P6', 'P5', 'P7'];['P6 2.86', 'P5 5.88', 'P9 6.78', 'P7 6.44']
P6[6.70,18.03,0.00]=2.83;P5[13.00,24.00,0.00]=5.86;P9[13.00,16.50,0.00]=6.83;P7[2.90,24.00,0.00]=6.51;[8.34, 20.42, 0.0];[8.33,20.36,0.73];19:21:24.224;8.33;20.36;8.34;20.42;8.30;20.40;-0.04;-0.02;-0.03;0.04;0.04;0.05;['P6', 'P5', 'P7'];['P6 2.83', 'P5 5.86', 'P9 6.83', 'P7 6.51']
P6[6.70,18.03,0.00]=2.80;P5[13.00,24.00,0.00]=5.88;P9[13.00,16.50,0.00]=6.80;P7[2.90,24.00,0.00]=6.46;[8.3, 20.44, 0.0];[8.32,20.36,0.71];19:21:24.324;8.32;20.36;8.3;20.44;8.30;20.40;0.0;-0.04;-0.02;0.04;0.04;0.04;['P6', 'P5', 'P7'];['P6 2.8', 'P5 5.88', 'P9 6.8', 'P7 6.46']
P6[6.70,18.03,0.00]=2.84;P5[13.00,24.00,0.00]=5.89;P9[13.00,16.50,0.00]=6.81;P7[2.90,24.00,0.00]=6.47;[8.3, 20.43, 0.0];[8.32,20.36,0.73];19:21:24.424;8.32;20.36;8.3;20.43;8.30;20.40;0.0;-0.03;-0.02;0.04;0.03;0.04;['P6', 'P5', 'P7'];['P6 2.84', 'P5 5.89', 'P9 6.81', 'P7 6.47']
P6[6.70,18.03,0.00]=2.82;P5[13.00,24.00,0.00]=5.92;P9[13.00,16.50,0.00]=6.82;P7[2.90,24.00,0.00]=6.48;[8.29, 20.4, 0.0];[8.32,20.35,0.75];19:21:24.524;8.32;20.35;8.29;20.4;8.30;20.40;0.01;0.0;-0.02;0.05;0.01;0.05;['P6', 'P5', 'P7'];['P6 2.82', 'P5 5.92', 'P9 6.82', 'P7 6.48']
P6[6.70,18.03,0.00]=2.83;P5[13.00,24.00,0.00]=5.87;P9[13.00,16.50,0.00]=6.73;P7[2.90,24.00,0.00]=6.35;[8.23, 20.53, 0.0];[8.30,20.37,0.72];19:21:24.624;8.30;20.37;8.23;20.53;8.30;20.40;0.07;-0.13;0.0;0.03;0.15;0.03;['P6', 'P5', 'P7'];['P6 2.83', 'P5 5.87', 'P9 6.73', 'P7 6.35']
P6[6.70,18.03,0.00]=2.84;P5[13.00,24.00,0.00]=5.87;P9[13.00,16.50,0.00]=6.79;P7[2.90,24.00,0.00]=6.45;[8.3, 20.46, 0.0];[8.30,20.38,0.71];19:21:24.724;8.30;20.38;8.3;20.46;8.30;20.40;0.0;-0.06;0.0;0.02;0.06;0.02;['P6', 'P5', 'P7'];['P6 2.84', 'P5 5.87', 'P9 6.79', 'P7 6.45']
P6[6.70,18.03,0.00]=2.84;P5[13.00,24.00,0.00]=5.87;P9[13.00,16.50,0.00]=6.88;P7[2.90,24.00,0.00]=6.38;[8.25, 20.51, 0.0];[8.29,20.39,0.70];19:21:24.824;8.29;20.39;8.25;20.51;8.30;20.40;0.05;-0.11;0.01;0.01;0.12;0.01;['P6', 'P5', 'P7'];['P6 2.84', 'P5 5.87', 'P9 6.88', 'P7 6.38']
P6[6.70,18.03,0.00]=2.82;P5[13.00,24.00,0.00]=5.87;P9[13.00,16.50,0.00]=6.86;P7[2.90,24.00,0.00]=6.39;[8.26, 20.5, 0.0];[8.29,20.39,0.68];19:21:24.924;8.29;20.39;8.26;20.5;8.30;20.40;0.04;-0.1;0.01;0.01;0.11;0.01;['P6', 'P5', 'P7'];['P6 2.82', 'P5 5.87', 'P9 6.86', 'P7 6.39']
P6[6.70,18.03,0.00]=2.87;P5[13.00,24.00,0.00]=5.85;P9[13.00,16.50,0.00]=6.82;P7[2.90,24.00,0.00]=6.45;[8.31, 20.48, 0.0];[8.29,20.39,0.70];19:21:25.024;8.29;20.39;8.31;20.48;8.30;20.40;-0.01;-0.08;0.01;0.01;0.08;0.01;['P6', 'P5', 'P7'];['P6 2.87', 'P5 5.85', 'P9 6.82', 'P7 6.45']
P6[6.70,18.03,0.00]=2.81;P5[13.00,24.00,0.00]=5.85;P9[13.00,16.50,0.00]=6.79;P7[2.90,24.00,0.00]=6.45;[8.3, 20.47, 0.0];[8.30,20.39,0.66];19:21:25.124;8.30;20.39;8.3;20.47;8.30;20.40;0.0;-0.07;0.0;0.01;0.07;0.01;['P6', 'P5', 'P7'];['P6 2.81', 'P5 5.85', 'P9 6.79', 'P7 6.45']
P6[6.70,18.03,0.00]=2.83;P5[13.00,24.00,0.00]=5.81;P9[13.00,16.50,0.00]=6.88;P7[2.90,24.00,0.00]=6.42;[8.31, 20.52, 0.0];[8.31,20.40,0.62];19:21:25.225;8.31;20.40;8.31;20.52;8.30;20.40;-0.01;-0.12;-0.01;0.0;0.12;0.01;['P6', 'P5', 'P7'];['P6 2.83', 'P5 5.81', 'P9 6.88', 'P7 6.42']
P6[6.70,18.03,0.00]=2.86;P5[13.00,24.00,0.00]=5.84;P9[13.00,16.50,0.00]=6.81;P7[2.90,24.00,0.00]=6.45;[8.31, 20.48, 0.0];[8.31,20.40,0.64];19:21:25.324;8.31;20.40;8.31;20.48;8.30;20.40;-0.01;-0.08;-0.01;0.0;0.08;0.01;['P6', 'P5', 'P7'];['P6 2.86', 'P5 5.84', 'P9 6.81', 'P7 6.45']
P6[6.70,18.03,0.00]=2.85;P5[13.00,24.00,0.00]=5.80;P9[13.00,16.50,0.00]=6.90;P7[2.90,24.00,0.00]=6.45;[8.33, 20.51, 0.0];[8.32,20.40,0.62];19:21:25.424;8.32;20.40;8.33;20.51;8.30;20.40;-0.03;-0.11;-0.02;0.0;0.11;0.02;['P6', 'P5', 'P7'];['P6 2.85', 'P5 5.8', 'P9 6.9', 'P7 6.45']
P6[6.70,18.03,0.00]=2.83;P5[13.00,24.00,0.00]=5.87;P9[13.00,16.50,0.00]=6.82;P7[2.90,24.00,0.00]=6.38;[8.25, 20.51, 0.0];[8.31,20.41,0.63];19:21:25.524;8.31;20.41;8.25;20.51;8.30;20.40;0.05;-0.11;-0.01;-0.01;0.12;0.01;['P6', 'P5', 'P7'];['P6 2.83', 'P5 5.87', 'P9 6.82', 'P7 6.38']
P6[6.70,18.03,0.00]=2.90;P5[13.00,24.00,0.00]=5.85;P9[13.00,16.50,0.00]=6.86;P7[2.90,24.00,0.00]=6.39;[8.27, 20.53, 0.0];[8.30,20.42,0.66];19:21:25.625;8.30;20.42;8.27;20.53;8.30;20.40;0.03;-0.13;0.0;-0.02;0.13;0.02;['P6', 'P5', 'P7'];['P6 2.9', 'P5 5.85', 'P9 6.86', 'P7 6.39']
P6[6.70,18.03,0.00]=2.87;P5[13.00,24.00,0.00]=5.81;P9[13.00,16.50,0.00]=6.85;P7[2.90,24.00,0.00]=6.41;[8.3, 20.53, 0.0];[8.30,20.42,0.65];19:21:25.724;8.30;20.42;8.3;20.53;8.30;20.40;0.0;-0.13;0.0;-0.02;0.13;0.02;['P6', 'P5', 'P7'];['P6 2.87', 'P5 5.81', 'P9 6.85', 'P7 6.41']
P6[6.70,18.03,0.00]=2.86;P5[13.00,24.00,0.00]=5.90;P9[13.00,16.50,0.00]=6.83;P7[2.90,24.00,0.00]=6.36;[8.22, 20.51, 0.0];[8.29,20.43,0.68];19:21:25.824;8.29;20.43;8.22;20.51;8.30;20.40;0.08;-0.11;0.01;-0.03;0.14;0.03;['P6', 'P5', 'P7'];['P6 2.86', 'P5 5.9', 'P9 6.83', 'P7 6.36']
P6[6.70,18.03,0.00]=2.89;P5[13.00,24.00,0.00]=5.86;P9[13.00,16.50,0.00]=6.85;P7[2.90,24.00,0.00]=6.43;[8.29, 20.49, 0.0];[8.29,20.42,0.70];19:21:25.925;8.29;20.42;8.29;20.49;8.30;20.40;0.01;-0.09;0.01;-0.02;0.09;0.02;['P6', 'P5', 'P7'];['P6 2.89', 'P5 5.86', 'P9 6.85', 'P7 6.43']
P6[6.70,18.03,0.00]=2.85;P5[13.00,24.00,0.00]=5.86;P9[13.00,16.50,0.00]=6.83;P7[2.90,24.00,0.00]=6.42;[8.28, 20.49, 0.0];[8.29,20.42,0.70];19:21:26.024;8.29;20.42;8.28;20.49;8.30;20.40;0.02;-0.09;0.01;-0.02;0.09;0.02;['P6', 'P5', 'P7'];['P6 2.85', 'P5 5.86', 'P9 6.83', 'P7 6.42']
P6[6.70,18.03,0.00]=2.87;P5[13.00,24.00,0.00]=5.87;P9[13.00,16.50,0.00]=6.81;P7[2.90,24.00,0.00]=6.44;[8.29, 20.47, 0.0];[8.30,20.42,0.72];19:21:26.124;8.30;20.42;8.29;20.47;8.30;20.40;0.01;-0.07;0.0;-0.02;0.07;0.02;['P6', 'P5', 'P7'];['P6 2.87', 'P5 5.87', 'P9 6.81', 'P7 6.44']
P6[6.70,18.03,0.00]=2.88;P5[13.00,24.00,0.00]=5.87;P9[13.00,16.50,0.00]=6.83;P7[2.90,24.00,0.00]=6.41;[8.27, 20.5, 0.0];[8.29,20.42,0.74];19:21:26.225;8.29;20.42;8.27;20.5;8.30;20.40;0.03;-0.1;0.01;-0.02;0.1;0.02;['P6', 'P5', 'P7'];['P6 2.88', 'P5 5.87', 'P9 6.83', 'P7 6.41']
P6[6.70,18.03,0.00]=2.89;P5[13.00,24.00,0.00]=5.87;P9[13.00,16.50,0.00]=6.89;P7[2.90,24.00,0.00]=6.44;[8.29, 20.48, 0.0];[8.29,20.41,0.76];19:21:26.325;8.29;20.41;8.29;20.48;8.30;20.40;0.01;-0.08;0.01;-0.01;0.08;0.01;['P6', 'P5', 'P7'];['P6 2.89', 'P5 5.87', 'P9 6.89', 'P7 6.44']
P6[6.70,18.03,0.00]=2.88;P5[13.00,24.00,0.00]=5.85;P9[13.00,16.50,0.00]=6.82;P7[2.90,24.00,0.00]=6.45;[8.31, 20.48, 0.0];[8.30,20.41,0.76];19:21:26.424;8.30;20.41;8.31;20.48;8.30;20.40;-0.01;-0.08;0.0;-0.01;0.08;0.01;['P6', 'P5', 'P7'];['P6 2.88', 'P5 5.85', 'P9 6.82', 'P7 6.45']
P6[6.70,18.03,0.00]=2.86;P5[13.00,24.00,0.00]=5.85;P9[13.00,16.50,0.00]=6.85;P7[2.90,24.00,0.00]=6.44;[8.3, 20.48, 0.0];[8.30,20.41,0.75];19:21:26.524;8.30;20.41;8.3;20.48;8.30;20.40;0.0;-0.08;0.0;-0.01;0.08;0.01;['P6', 'P5', 'P7'];['P6 2.86', 'P5 5.85', 'P9 6.85', 'P7 6.44']
P6[6.70,18.03,0.00]=2.85;P5[13.00,24.00,0.00]=5.83;P9[13.00,16.50,0.00]=6.83;P7[2.90,24.00,0.00]=6.41;[8.29, 20.52, 0.0];[8.31,20.41,0.72];19:21:26.625;8.31;20.41;8.29;20.52;8.30;20.40;0.01;-0.12;-0.01;-0.01;0.12;0.01;['P6', 'P5', 'P7'];['P6 2.85', 'P5 5.83', 'P9 6.83', 'P7 6.41']
P6[6.70,18.03,0.00]=2.84;P5[13.00,24.00,0.00]=5.77;P9[13.00,16.50,0.00]=6.82;P7[2.90,24.00,0.00]=6.49;[8.37, 20.49, 0.0];[8.33,20.41,0.65];19:21:26.724;8.33;20.41;8.37;20.49;8.30;20.40;-0.07;-0.09;-0.03;-0.01;0.11;0.03;['P6', 'P5', 'P7'];['P6 2.84', 'P5 5.77', 'P9 6.82', 'P7 6.49']
P6[6.70,18.03,0.00]=2.84;P5[13.00,24.00,0.00]=5.85;P7[2.90,24.00,0.00]=6.45;null;[8.31, 20.47, 0.0];[8.32,20.40,0.65];19:21:26.821;8.32;20.40;8.31;20.47;8.30;20.40;-0.01;-0.07;-0.02;0.0;0.07;0.02;['P6', 'P5', 'P7'];['P6 2.84', 'P5 5.85', 'P7 6.45']
P6[6.70,18.03,0.00]=2.87;P5[13.00,24.00,0.00]=5.88;P9[13.00,16.50,0.00]=6.81;P7[2.90,24.00,0.00]=6.45;[8.29, 20.46, 0.0];[8.32,20.40,0.69];19:21:26.925;8.32;20.40;8.29;20.46;8.30;20.40;0.01;-0.06;-0.02;0.0;0.06;0.02;['P6', 'P5', 'P7'];['P6 2.87', 'P5 5.88', 'P9 6.81', 'P7 6.45']
P6[6.70,18.03,0.00]=2.82;P5[13.00,24.00,0.00]=5.83;P9[13.00,16.50,0.00]=6.85;P7[2.90,24.00,0.00]=6.34;[8.24, 20.56, 0.0];[8.31,20.41,0.63];19:21:27.025;8.31;20.41;8.24;20.56;8.30;20.40;0.06;-0.16;-0.01;-0.01;0.17;0.01;['P6', 'P5', 'P7'];['P6 2.82', 'P5 5.83', 'P9 6.85', 'P7 6.34']
P6[6.70,18.03,0.00]=2.80;P5[13.00,24.00,0.00]=5.85;P9[13.00,16.50,0.00]=6.97;P7[2.90,24.00,0.00]=6.45;[8.3, 20.46, 0.0];[8.31,20.40,0.61];19:21:27.125;8.31;20.40;8.3;20.46;8.30;20.40;0.0;-0.06;-0.01;0.0;0.06;0.01;['P6', 'P5', 'P7'];['P6 2.8', 'P5 5.85', 'P9 6.97', 'P7 6.45']
P6[6.70,18.03,0.00]=2.81;P5[13.00,24.00,0.00]=5.82;P9[13.00,16.50,0.00]=6.80;P7[2.90,24.00,0.00]=6.41;[8.29, 20.51, 0.0];[8.31,20.40,0.56];19:21:27.225;8.31;20.40;8.29;20.51;8.30;20.40;0.01;-0.11;-0.01;0.0;0.11;0.01;['P6', 'P5', 'P7'];['P6 2.81', 'P5 5.82', 'P9 6.8', 'P7 6.41']
P6[6.70,18.03,0.00]=2.81;P5[13.00,24.00,0.00]=5.83;P9[13.00,16.50,0.00]=6.87;P7[2.90,24.00,0.00]=6.39;[8.27, 20.52, 0.0];[8.31,20.41,0.53];19:21:27.325;8.31;20.41;8.27;20.52;8.30;20.40;0.03;-0.12;-0.01;-0.01;0.12;0.01;['P6', 'P5', 'P7'];['P6 2.81', 'P5 5.83', 'P9 6.87', 'P7 6.39']
P6[6.70,18.03,0.00]=2.83;P5[13.00,24.00,0.00]=5.83;P9[13.00,16.50,0.00]=6.85;P7[2.90,24.00,0.00]=6.44;[8.31, 20.49, 0.0];[8.31,20.40,0.55];19:21:27.424;8.31;20.40;8.31;20.49;8.30;20.40;-0.01;-0.09;-0.01;0.0;0.09;0.01;['P6', 'P5', 'P7'];['P6 2.83', 'P5 5.83', 'P9 6.85', 'P7 6.44']
P6[6.70,18.03,0.00]=2.84;P5[13.00,24.00,0.00]=5.85;P9[13.00,16.50,0.00]=6.85;P7[2.90,24.00,0.00]=6.46;[8.31, 20.46, 0.0];[8.31,20.40,0.58];19:21:27.524;8.31;20.40;8.31;20.46;8.30;20.40;-0.01;-0.06;-0.01;0.0;0.06;0.01;['P6', 'P5', 'P7'];['P6 2.84', 'P5 5.85', 'P9 6.85', 'P7 6.46']
P6[6.70,18.03,0.00]=2.85;P5[13.00,24.00,0.00]=5.84;P9[13.00,16.50,0.00]=6.75;P7[2.90,24.00,0.00]=6.41;[8.29, 20.51, 0.0];[8.31,20.40,0.59];19:21:27.625;8.31;20.40;8.29;20.51;8.30;20.40;0.01;-0.11;-0.01;0.0;0.11;0.01;['P6', 'P5', 'P7'];['P6 2.85', 'P5 5.84', 'P9 6.75', 'P7 6.41']
P6[6.70,18.03,0.00]=2.81;P5[13.00,24.00,0.00]=5.84;P9[13.00,16.50,0.00]=6.76;P7[2.90,24.00,0.00]=6.43;[8.3, 20.49, 0.0];[8.31,20.40,0.58];19:21:27.725;8.31;20.40;8.3;20.49;8.30;20.40;0.0;-0.09;-0.01;0.0;0.09;0.01;['P6', 'P5', 'P7'];['P6 2.81', 'P5 5.84', 'P9 6.76', 'P7 6.43']
P6[6.70,18.03,0.00]=2.83;P5[13.00,24.00,0.00]=5.87;P9[13.00,16.50,0.00]=6.86;P7[2.90,24.00,0.00]=6.40;[8.26, 20.49, 0.0];[8.30,20.40,0.60];19:21:27.824;8.30;20.40;8.26;20.49;8.30;20.40;0.04;-0.09;0.0;0.0;0.1;0.0;['P6', 'P5', 'P7'];['P6 2.83', 'P5 5.87', 'P9 6.86', 'P7 6.4']
P6[6.70,18.03,0.00]=2.83;P5[13.00,24.00,0.00]=5.86;P9[13.00,16.50,0.00]=6.88;P7[2.90,24.00,0.00]=6.46;[8.31, 20.46, 0.0];[8.31,20.39,0.62];19:21:27.925;8.31;20.39;8.31;20.46;8.30;20.40;-0.01;-0.06;-0.01;0.01;0.06;0.01;['P6', 'P5', 'P7'];['P6 2.83', 'P5 5.86', 'P9 6.88', 'P7 6.46']
P6[6.70,18.03,0.00]=2.83;P5[13.00,24.00,0.00]=5.84;P9[13.00,16.50,0.00]=6.79;P7[2.90,24.00,0.00]=6.41;[8.28, 20.51, 0.0];[8.31,20.40,0.61];19:21:28.025;8.31;20.40;8.28;20.51;8.30;20.40;0.02;-0.11;-0.01;0.0;0.11;0.01;['P6', 'P5', 'P7'];['P6 2.83', 'P5 5.84', 'P9 6.79', 'P7 6.41']
P6[6.70,18.03,0.00]=2.80;P5[13.00,24.00,0.00]=5.85;P9[13.00,16.50,0.00]=6.79;P7[2.90,24.00,0.00]=6.46;[8.31, 20.46, 0.0];[8.31,20.39,0.60];19:21:28.125;8.31;20.39;8.31;20.46;8.30;20.40;-0.01;-0.06;-0.01;0.01;0.06;0.01;['P6', 'P5', 'P7'];['P6 2.8', 'P5 5.85', 'P9 6.79', 'P7 6.46']
P6[6.70,18.03,0.00]=2.82;P5[13.00,24.00,0.00]=5.84;P9[13.00,16.50,0.00]=6.90;P7[2.90,24.00,0.00]=6.45;[8.31, 20.47, 0.0];[8.32,20.39,0.59];19:21:28.225;8.32;20.39;8.31;20.47;8.30;20.40;-0.01;-0.07;-0.02;0.01;0.07;0.02;['P6', 'P5', 'P7'];['P6 2.82', 'P5 5.84', 'P9 6.9', 'P7 6.45']
P6[6.70,18.03,0.00]=2.81;P5[13.00,24.00,0.00]=5.84;P9[13.00,16.50,0.00]=6.90;P7[2.90,24.00,0.00]=6.42;[8.29, 20.49, 0.0];[8.31,20.39,0.57];19:21:28.325;8.31;20.39;8.29;20.49;8.30;20.40;0.01;-0.09;-0.01;0.01;0.09;0.01;['P6', 'P5', 'P7'];['P6 2.81', 'P5 5.84', 'P9 6.9', 'P7 6.42']
P6[6.70,18.03,0.00]=2.79;P5[13.00,24.00,0.00]=5.82;P9[13.00,16.50,0.00]=6.83;P7[2.90,24.00,0.00]=6.42;[8.3, 20.5, 0.0];[8.32,20.39,0.52];19:21:28.425;8.32;20.39;8.3;20.5;8.30;20.40;0.0;-0.1;-0.02;0.01;0.1;0.02;['P6', 'P5', 'P7'];['P6 2.79', 'P5 5.82', 'P9 6.83', 'P7 6.42']
P6[6.70,18.03,0.00]=2.82;P5[13.00,24.00,0.00]=5.84;P9[13.00,16.50,0.00]=6.80;P7[2.90,24.00,0.00]=6.44;[8.3, 20.48, 0.0];[8.32,20.39,0.54];19:21:28.524;8.32;20.39;8.3;20.48;8.30;20.40;0.0;-0.08;-0.02;0.01;0.08;0.02;['P6', 'P5', 'P7'];['P6 2.82', 'P5 5.84', 'P9 6.8', 'P7 6.44']
P6[6.70,18.03,0.00]=2.81;P5[13.00,24.00,0.00]=5.83;P9[13.00,16.50,0.00]=6.81;P7[2.90,24.00,0.00]=6.46;[8.32, 20.47, 0.0];[8.32,20.38,0.54];19:21:28.625;8.32;20.38;8.32;20.47;8.30;20.40;-0.02;-0.07;-0.02;0.02;0.07;0.03;['P6', 'P5', 'P7'];['P6 2.81', 'P5 5.83', 'P9 6.81', 'P7 6.46']
P6[6.70,18.03,0.00]=2.80;P5[13.00,24.00,0.00]=5.84;P9[13.00,16.50,0.00]=6.81;P7[2.90,24.00,0.00]=6.44;[8.3, 20.48, 0.0];[8.32,20.38,0.53];19:21:28.725;8.32;20.38;8.3;20.48;8.30;20.40;0.0;-0.08;-0.02;0.02;0.08;0.03;['P6', 'P5', 'P7'];['P6 2.8', 'P5 5.84', 'P9 6.81', 'P7 6.44']
P6[6.70,18.03,0.00]=2.84;P5[13.00,24.00,0.00]=5.85;P9[13.00,16.50,0.00]=6.85;P7[2.90,24.00,0.00]=6.39;[8.27, 20.52, 0.0];[8.31,20.39,0.55];19:21:28.824;8.31;20.39;8.27;20.52;8.30;20.40;0.03;-0.12;-0.01;0.01;0.12;0.01;['P6', 'P5', 'P7'];['P6 2.84', 'P5 5.85', 'P9 6.85', 'P7 6.39']
P6[6.70,18.03,0.00]=2.80;P5[13.00,24.00,0.00]=5.84;P9[13.00,16.50,0.00]=6.97;P7[2.90,24.00,0.00]=6.53;[8.36, 20.41, 0.0];[8.33,20.37,0.56];19:21:28.926;8.33;20.37;8.36;20.41;8.30;20.40;-0.06;-0.01;-0.03;0.03;0.06;0.04;['P6', 'P5', 'P7'];['P6 2.8', 'P5 5.84', 'P9 6.97', 'P7 6.53']
P6[6.70,18.03,0.00]=2.82;P5[13.00,24.00,0.00]=5.88;P9[13.00,16.50,0.00]=6.85;P7[2.90,24.00,0.00]=6.42;[8.27, 20.47, 0.0];[8.32,20.37,0.59];19:21:29.025;8.32;20.37;8.27;20.47;8.30;20.40;0.03;-0.07;-0.02;0.03;0.08;0.04;['P6', 'P5', 'P7'];['P6 2.82', 'P5 5.88', 'P9 6.85', 'P7 6.42']
P6[6.70,18.03,0.00]=2.80;P5[13.00,24.00,0.00]=5.86;P9[13.00,16.50,0.00]=6.88;P7[2.90,24.00,0.00]=6.42;[8.28, 20.48, 0.0];[8.31,20.38,0.58];19:21:29.125;8.31;20.38;8.28;20.48;8.30;20.40;0.02;-0.08;-0.01;0.02;0.08;0.02;['P6', 'P5', 'P7'];['P6 2.8', 'P5 5.86', 'P9 6.88', 'P7 6.42']
P6[6.70,18.03,0.00]=2.83;P5[13.00,24.00,0.00]=5.86;P9[13.00,16.50,0.00]=6.85;P7[2.90,24.00,0.00]=6.38;[8.25, 20.52, 0.0];[8.30,20.39,0.58];19:21:29.224;8.30;20.39;8.25;20.52;8.30;20.40;0.05;-0.12;0.0;0.01;0.13;0.01;['P6', 'P5', 'P7'];['P6 2.83', 'P5 5.86', 'P9 6.85', 'P7 6.38']
P6[6.70,18.03,0.00]=2.84;P5[13.00,24.00,0.00]=5.84;P9[13.00,16.50,0.00]=6.92;P7[2.90,24.00,0.00]=6.28;[8.2, 20.61, 0.0];[8.28,20.42,0.55];19:21:29.325;8.28;20.42;8.2;20.61;8.30;20.40;0.1;-0.21;0.02;-0.02;0.23;0.03;['P6', 'P5', 'P7'];['P6 2.84', 'P5 5.84', 'P9 6.92', 'P7 6.28']
P6[6.70,18.03,0.00]=2.85;P5[13.00,24.00,0.00]=5.87;P9[13.00,16.50,0.00]=6.91;P7[2.90,24.00,0.00]=6.49;[8.32, 20.43, 0.0];[8.30,20.40,0.60];19:21:29.425;8.30;20.40;8.32;20.43;8.30;20.40;-0.02;-0.03;0.0;0.0;0.04;0.0;['P6', 'P5', 'P7'];['P6 2.85', 'P5 5.87', 'P9 6.91', 'P7 6.49']
P6[6.70,18.03,0.00]=2.84;P5[13.00,24.00,0.00]=5.88;P9[13.00,16.50,0.00]=6.80;P7[2.90,24.00,0.00]=6.38;[8.25, 20.51, 0.0];[8.29,20.41,0.62];19:21:29.524;8.29;20.41;8.25;20.51;8.30;20.40;0.05;-0.11;0.01;-0.01;0.12;0.01;['P6', 'P5', 'P7'];['P6 2.84', 'P5 5.88', 'P9 6.8', 'P7 6.38']
P6[6.70,18.03,0.00]=2.81;P5[13.00,24.00,0.00]=5.86;P9[13.00,16.50,0.00]=6.81;P7[2.90,24.00,0.00]=6.38;[8.25, 20.51, 0.0];[8.28,20.41,0.60];19:21:29.625;8.28;20.41;8.25;20.51;8.30;20.40;0.05;-0.11;0.02;-0.01;0.12;0.02;['P6', 'P5', 'P7'];['P6 2.81', 'P5 5.86', 'P9 6.81', 'P7 6.38']
P6[6.70,18.03,0.00]=2.81;P5[13.00,24.00,0.00]=5.86;P9[13.00,16.50,0.00]=6.86;P7[2.90,24.00,0.00]=6.37;[8.25, 20.52, 0.0];[8.28,20.41,0.58];19:21:29.725;8.28;20.41;8.25;20.52;8.30;20.40;0.05;-0.12;0.02;-0.01;0.13;0.02;['P6', 'P5', 'P7'];['P6 2.81', 'P5 5.86', 'P9 6.86', 'P7 6.37']
P6[6.70,18.03,0.00]=2.77;P5[13.00,24.00,0.00]=5.83;P9[13.00,16.50,0.00]=6.73;P7[2.90,24.00,0.00]=6.39;[8.27, 20.51, 0.0];[8.28,20.41,0.49];19:21:29.825;8.28;20.41;8.27;20.51;8.30;20.40;0.03;-0.11;0.02;-0.01;0.11;0.02;['P6', 'P5', 'P7'];['P6 2.77', 'P5 5.83', 'P9 6.73', 'P7 6.39']
P6[6.70,18.03,0.00]=2.82;P5[13.00,24.00,0.00]=5.91;P9[13.00,16.50,0.00]=6.81;P7[2.90,24.00,0.00]=6.39;[8.24, 20.47, 0.0];[8.27,20.40,0.55];19:21:29.925;8.27;20.40;8.24;20.47;8.30;20.40;0.06;-0.07;0.03;0.0;0.09;0.03;['P6', 'P5', 'P7'];['P6 2.82', 'P5 5.91', 'P9 6.81', 'P7 6.39']
P6[6.70,18.03,0.00]=2.81;P5[13.00,24.00,0.00]=5.86;P9[13.00,16.50,0.00]=6.84;P7[2.90,24.00,0.00]=6.40;[8.27, 20.5, 0.0];[8.28,20.40,0.55];19:21:30.025;8.28;20.40;8.27;20.5;8.30;20.40;0.03;-0.1;0.02;0.0;0.1;0.02;['P6', 'P5', 'P7'];['P6 2.81', 'P5 5.86', 'P9 6.84', 'P7 6.4']
P6[6.70,18.03,0.00]=2.81;P5[13.00,24.00,0.00]=5.86;P9[13.00,16.50,0.00]=6.76;P7[2.90,24.00,0.00]=6.45;[8.3, 20.46, 0.0];[8.28,20.39,0.56];19:21:30.125;8.28;20.39;8.3;20.46;8.30;20.40;0.0;-0.06;0.02;0.01;0.06;0.02;['P6', 'P5', 'P7'];['P6 2.81', 'P5 5.86', 'P9 6.76', 'P7 6.45']
P6[6.70,18.03,0.00]=2.84;P5[13.00,24.00,0.00]=5.91;P9[13.00,16.50,0.00]=6.76;P7[2.90,24.00,0.00]=6.43;[8.26, 20.45, 0.0];[8.28,20.39,0.63];19:21:30.224;8.28;20.39;8.26;20.45;8.30;20.40;0.04;-0.05;0.02;0.01;0.06;0.02;['P6', 'P5', 'P7'];['P6 2.84', 'P5 5.91', 'P9 6.76', 'P7 6.43']
P6[6.70,18.03,0.00]=2.82;P5[13.00,24.00,0.00]=5.90;P9[13.00,16.50,0.00]=7.33;P7[2.90,24.00,0.00]=6.43;[8.27, 20.45, 0.0];[8.28,20.39,0.65];19:21:30.326;8.28;20.39;8.27;20.45;8.30;20.40;0.03;-0.05;0.02;0.01;0.06;0.02;['P6', 'P5', 'P7'];['P6 2.82', 'P5 5.9', 'P9 7.33', 'P7 6.43']
P6[6.70,18.03,0.00]=2.81;P5[13.00,24.00,0.00]=5.91;P9[13.00,16.50,0.00]=6.85;P7[2.90,24.00,0.00]=6.45;[8.27, 20.43, 0.0];[8.28,20.38,0.68];19:21:30.425;8.28;20.38;8.27;20.43;8.30;20.40;0.03;-0.03;0.02;0.02;0.04;0.03;['P6', 'P5', 'P7'];['P6 2.81', 'P5 5.91', 'P9 6.85', 'P7 6.45']
P6[6.70,18.03,0.00]=2.83;P5[13.00,24.00,0.00]=5.87;P9[13.00,16.50,0.00]=6.82;P7[2.90,24.00,0.00]=6.44;[8.29, 20.46, 0.0];[8.29,20.38,0.68];19:21:30.525;8.29;20.38;8.29;20.46;8.30;20.40;0.01;-0.06;0.01;0.02;0.06;0.02;['P6', 'P5', 'P7'];['P6 2.83', 'P5 5.87', 'P9 6.82', 'P7 6.44']
P6[6.70,18.03,0.00]=2.81;P5[13.00,24.00,0.00]=5.88;P9[13.00,16.50,0.00]=6.85;P7[2.90,24.00,0.00]=6.35;[8.22, 20.52, 0.0];[8.28,20.39,0.65];19:21:30.625;8.28;20.39;8.22;20.52;8.30;20.40;0.08;-0.12;0.02;0.01;0.14;0.02;['P6', 'P5', 'P7'];['P6 2.81', 'P5 5.88', 'P9 6.85', 'P7 6.35']
P6[6.70,18.03,0.00]=2.85;P5[13.00,24.00,0.00]=5.88;P9[13.00,16.50,0.00]=9.89;P7[2.90,24.00,0.00]=6.43;[8.28, 20.47, 0.0];[8.28,20.39,0.68];19:21:30.729;8.28;20.39;8.28;20.47;8.30;20.40;0.02;-0.07;0.02;0.01;0.07;0.02;['P6', 'P5', 'P7'];['P6 2.85', 'P5 5.88', 'P9 9.89', 'P7 6.43']
P6[6.70,18.03,0.00]=2.82;P5[13.00,24.00,0.00]=5.90;P9[13.00,16.50,0.00]=8.56;P7[2.90,24.00,0.00]=6.45;[8.28, 20.44, 0.0];[8.28,20.38,0.69];19:21:30.826;8.28;20.38;8.28;20.44;8.30;20.40;0.02;-0.04;0.02;0.02;0.04;0.03;['P6', 'P5', 'P7'];['P6 2.82', 'P5 5.9', 'P9 8.56', 'P7 6.45']
P6[6.70,18.03,0.00]=2.81;P5[13.00,24.00,0.00]=5.90;P9[13.00,16.50,0.00]=7.23;P7[2.90,24.00,0.00]=6.34;[8.21, 20.52, 0.0];[8.27,20.39,0.68];19:21:30.925;8.27;20.39;8.21;20.52;8.30;20.40;0.09;-0.12;0.03;0.01;0.15;0.03;['P6', 'P5', 'P7'];['P6 2.81', 'P5 5.9', 'P9 7.23', 'P7 6.34']
P6[6.70,18.03,0.00]=2.79;P5[13.00,24.00,0.00]=5.88;P9[13.00,16.50,0.00]=7.28;P7[2.90,24.00,0.00]=6.35;[8.22, 20.52, 0.0];[8.26,20.40,0.64];19:21:31.026;8.26;20.40;8.22;20.52;8.30;20.40;0.08;-0.12;0.04;0.0;0.14;0.04;['P6', 'P5', 'P7'];['P6 2.79', 'P5 5.88', 'P9 7.28', 'P7 6.35']
P6[6.70,18.03,0.00]=2.77;P5[13.00,24.00,0.00]=5.88;P9[13.00,16.50,0.00]=10.05;P7[2.90,24.00,0.00]=6.35;[8.22, 20.51, 0.0];[8.25,20.40,0.59];19:21:31.129;8.25;20.40;8.22;20.51;8.30;20.40;0.08;-0.11;0.05;0.0;0.14;0.05;['P6', 'P5', 'P7'];['P6 2.77', 'P5 5.88', 'P9 10.05', 'P7 6.35']
P6[6.70,18.03,0.00]=2.78;P5[13.00,24.00,0.00]=5.88;P9[13.00,16.50,0.00]=6.82;P7[2.90,24.00,0.00]=6.42;[8.27, 20.46, 0.0];[8.26,20.39,0.58];19:21:31.225;8.26;20.39;8.27;20.46;8.30;20.40;0.03;-0.06;0.04;0.01;0.07;0.04;['P6', 'P5', 'P7'];['P6 2.78', 'P5 5.88', 'P9 6.82', 'P7 6.42']
P6[6.70,18.03,0.00]=2.79;P5[13.00,24.00,0.00]=5.93;P9[13.00,16.50,0.00]=6.83;P7[2.90,24.00,0.00]=6.41;[8.24, 20.44, 0.0];[8.26,20.38,0.62];19:21:31.325;8.26;20.38;8.24;20.44;8.30;20.40;0.06;-0.04;0.04;0.02;0.07;0.04;['P6', 'P5', 'P7'];['P6 2.79', 'P5 5.93', 'P9 6.83', 'P7 6.41']
P6[6.70,18.03,0.00]=2.77;P5[13.00,24.00,0.00]=5.91;P9[13.00,16.50,0.00]=7.27;P7[2.90,24.00,0.00]=6.47;[8.28, 20.4, 0.0];[8.27,20.37,0.63];19:21:31.426;8.27;20.37;8.28;20.4;8.30;20.40;0.02;0.0;0.03;0.03;0.02;0.04;['P6', 'P5', 'P7'];['P6 2.77', 'P5 5.91', 'P9 7.27', 'P7 6.47']
P6[6.70,18.03,0.00]=2.79;P5[13.00,24.00,0.00]=5.90;P9[13.00,16.50,0.00]=7.32;P7[2.90,24.00,0.00]=6.42;[8.26, 20.45, 0.0];[8.27,20.37,0.63];19:21:31.526;8.27;20.37;8.26;20.45;8.30;20.40;0.04;-0.05;0.03;0.03;0.06;0.04;['P6', 'P5', 'P7'];['P6 2.79', 'P5 5.9', 'P9 7.32', 'P7 6.42']
P6[6.70,18.03,0.00]=2.80;P5[13.00,24.00,0.00]=5.93;P9[13.00,16.50,0.00]=7.32;P7[2.90,24.00,0.00]=6.44;[8.26, 20.42, 0.0];[8.27,20.36,0.67];19:21:31.626;8.27;20.36;8.26;20.42;8.30;20.40;0.04;-0.02;0.03;0.04;0.04;0.05;['P6', 'P5', 'P7'];['P6 2.8', 'P5 5.93', 'P9 7.32', 'P7 6.44']
P6[6.70,18.03,0.00]=2.80;P5[13.00,24.00,0.00]=5.92;P9[13.00,16.50,0.00]=6.87;P7[2.90,24.00,0.00]=6.41;[8.24, 20.45, 0.0];[8.27,20.36,0.68];19:21:31.725;8.27;20.36;8.24;20.45;8.30;20.40;0.06;-0.05;0.03;0.04;0.08;0.05;['P6', 'P5', 'P7'];['P6 2.8', 'P5 5.92', 'P9 6.87', 'P7 6.41']
P6[6.70,18.03,0.00]=2.82;P5[13.00,24.00,0.00]=5.91;P9[13.00,16.50,0.00]=6.99;P7[2.90,24.00,0.00]=6.45;[8.28, 20.43, 0.0];[8.26,20.50,0.22];19:21:31.926;8.26;20.50;8.28;20.43;8.30;20.40;0.02;-0.03;0.04;-0.1;0.04;0.11;['P6', 'P5', 'P7'];['P6 2.82', 'P5 5.91', 'P9 6.99', 'P7 6.45']
P6[6.70,18.03,0.00]=2.79;P5[13.00,24.00,0.00]=5.88;P9[13.00,16.50,0.00]=7.00;P7[2.90,24.00,0.00]=6.34;[8.22, 20.52, 0.0];[8.25,20.48,0.30];19:21:32.025;8.25;20.48;8.22;20.52;8.30;20.40;0.08;-0.12;0.05;-0.08;0.14;0.09;['P6', 'P5', 'P7'];['P6 2.79', 'P5 5.88', 'P9 7.0', 'P7 6.34']
P6[6.70,18.03,0.00]=2.77;P5[13.00,24.00,0.00]=5.90;P9[13.00,16.50,0.00]=6.92;P7[2.90,24.00,0.00]=6.39;[8.24, 20.47, 0.0];[8.25,20.45,0.36];19:21:32.125;8.25;20.45;8.24;20.47;8.30;20.40;0.06;-0.07;0.05;-0.05;0.09;0.07;['P6', 'P5', 'P7'];['P6 2.77', 'P5 5.9', 'P9 6.92', 'P7 6.39']
P6[6.70,18.03,0.00]=2.78;P5[13.00,24.00,0.00]=5.91;P9[13.00,16.50,0.00]=6.91;P7[2.90,24.00,0.00]=6.41;[8.25, 20.45, 0.0];[8.25,20.43,0.43];19:21:32.225;8.25;20.43;8.25;20.45;8.30;20.40;0.05;-0.05;0.05;-0.03;0.07;0.06;['P6', 'P5', 'P7'];['P6 2.78', 'P5 5.91', 'P9 6.91', 'P7 6.41']
P6[6.70,18.03,0.00]=2.74;P5[13.00,24.00,0.00]=5.93;P9[13.00,16.50,0.00]=8.59;P7[2.90,24.00,0.00]=6.38;[8.21, 20.45, 0.0];[8.25,20.41,0.46];19:21:32.327;8.25;20.41;8.21;20.45;8.30;20.40;0.09;-0.05;0.05;-0.01;0.1;0.05;['P6', 'P5', 'P7'];['P6 2.74', 'P5 5.93', 'P9 8.59', 'P7 6.38']
P6[6.70,18.03,0.00]=2.74;P5[13.00,24.00,0.00]=5.94;P9[13.00,16.50,0.00]=6.90;P7[2.90,24.00,0.00]=6.39;[8.21, 20.44, 0.0];[8.24,20.39,0.48];19:21:32.425;8.24;20.39;8.21;20.44;8.30;20.40;0.09;-0.04;0.06;0.01;0.1;0.06;['P6', 'P5', 'P7'];['P6 2.74', 'P5 5.94', 'P9 6.9', 'P7 6.39']
P6[6.70,18.03,0.00]=2.76;P5[13.00,24.00,0.00]=5.88;P9[13.00,16.50,0.00]=7.24;P7[2.90,24.00,0.00]=6.31;[8.19, 20.54, 0.0];[8.24,20.40,0.45];19:21:32.526;8.24;20.40;8.19;20.54;8.30;20.40;0.11;-0.14;0.06;0.0;0.18;0.06;['P6', 'P5', 'P7'];['P6 2.76', 'P5 5.88', 'P9 7.24', 'P7 6.31']
P6[6.70,18.03,0.00]=2.75;P5[13.00,24.00,0.00]=5.91;P9[13.00,16.50,0.00]=7.28;P7[2.90,24.00,0.00]=6.31;[8.18, 20.52, 0.0];[8.23,20.41,0.45];19:21:32.627;8.23;20.41;8.18;20.52;8.30;20.40;0.12;-0.12;0.07;-0.01;0.17;0.07;['P6', 'P5', 'P7'];['P6 2.75', 'P5 5.91', 'P9 7.28', 'P7 6.31']
P6[6.70,18.03,0.00]=2.74;P5[13.00,24.00,0.00]=5.89;P9[13.00,16.50,0.00]=7.27;P7[2.90,24.00,0.00]=6.36;[8.22, 20.49, 0.0];[8.23,20.40,0.43];19:21:32.726;8.23;20.40;8.22;20.49;8.30;20.40;0.08;-0.09;0.07;0.0;0.12;0.07;['P6', 'P5', 'P7'];['P6 2.74', 'P5 5.89', 'P9 7.27', 'P7 6.36']
P6[6.70,18.03,0.00]=2.75;P5[13.00,24.00,0.00]=5.91;P9[13.00,16.50,0.00]=7.61;P7[2.90,24.00,0.00]=6.33;[8.19, 20.5, 0.0];[8.22,20.40,0.44];19:21:32.826;8.22;20.40;8.19;20.5;8.30;20.40;0.11;-0.1;0.08;0.0;0.15;0.08;['P6', 'P5', 'P7'];['P6 2.75', 'P5 5.91', 'P9 7.61', 'P7 6.33']
P6[6.70,18.03,0.00]=2.74;P5[13.00,24.00,0.00]=5.91;P9[13.00,16.50,0.00]=7.37;P7[2.90,24.00,0.00]=6.42;[8.25, 20.44, 0.0];[8.23,20.39,0.46];19:21:32.927;8.23;20.39;8.25;20.44;8.30;20.40;0.05;-0.04;0.07;0.01;0.06;0.07;['P6', 'P5', 'P7'];['P6 2.74', 'P5 5.91', 'P9 7.37', 'P7 6.42']
P6[6.70,18.03,0.00]=2.74;P5[13.00,24.00,0.00]=5.92;P9[13.00,16.50,0.00]=8.09;P7[2.90,24.00,0.00]=6.34;[8.19, 20.49, 0.0];[8.23,20.39,0.47];19:21:33.026;8.23;20.39;8.19;20.49;8.30;20.40;0.11;-0.09;0.07;0.01;0.14;0.07;['P6', 'P5', 'P7'];['P6 2.74', 'P5 5.92', 'P9 8.09', 'P7 6.34']
P6[6.70,18.03,0.00]=2.75;P5[13.00,24.00,0.00]=5.91;P9[13.00,16.50,0.00]=8.03;P7[2.90,24.00,0.00]=6.45;[8.27, 20.41, 0.0];[8.24,20.37,0.49];19:21:33.126;8.24;20.37;8.27;20.41;8.30;20.40;0.03;-0.01;0.06;0.03;0.03;0.07;['P6', 'P5', 'P7'];['P6 2.75', 'P5 5.91', 'P9 8.03', 'P7 6.45']
P6[6.70,18.03,0.00]=2.75;P5[13.00,24.00,0.00]=5.90;P9[13.00,16.50,0.00]=8.35;P7[2.90,24.00,0.00]=6.44;[8.27, 20.43, 0.0];[8.25,20.36,0.51];19:21:33.227;8.25;20.36;8.27;20.43;8.30;20.40;0.03;-0.03;0.05;0.04;0.04;0.06;['P6', 'P5', 'P7'];['P6 2.75', 'P5 5.9', 'P9 8.35', 'P7 6.44']
P6[6.70,18.03,0.00]=2.80;P5[13.00,24.00,0.00]=5.91;P9[13.00,16.50,0.00]=6.92;P7[2.90,24.00,0.00]=6.38;[8.23, 20.48, 0.0];[8.25,20.37,0.55];19:21:33.326;8.25;20.37;8.23;20.48;8.30;20.40;0.07;-0.08;0.05;0.03;0.11;0.06;['P6', 'P5', 'P7'];['P6 2.8', 'P5 5.91', 'P9 6.92', 'P7 6.38']
P6[6.70,18.03,0.00]=2.76;P5[13.00,24.00,0.00]=5.87;P9[13.00,16.50,0.00]=7.37;P7[2.90,24.00,0.00]=6.39;[8.25, 20.49, 0.0];[8.25,20.37,0.52];19:21:33.426;8.25;20.37;8.25;20.49;8.30;20.40;0.05;-0.09;0.05;0.03;0.1;0.06;['P6', 'P5', 'P7'];['P6 2.76', 'P5 5.87', 'P9 7.37', 'P7 6.39']
P6[6.70,18.03,0.00]=2.81;P5[13.00,24.00,0.00]=5.91;P9[13.00,16.50,0.00]=7.25;P7[2.90,24.00,0.00]=6.41;[8.25, 20.46, 0.0];[8.26,20.37,0.57];19:21:33.526;8.26;20.37;8.25;20.46;8.30;20.40;0.05;-0.06;0.04;0.03;0.08;0.05;['P6', 'P5', 'P7'];['P6 2.81', 'P5 5.91', 'P9 7.25', 'P7 6.41']
P6[6.70,18.03,0.00]=2.82;P5[13.00,24.00,0.00]=5.88;P9[13.00,16.50,0.00]=7.20;P7[2.90,24.00,0.00]=6.40;[8.26, 20.49, 0.0];[8.26,20.38,0.59];19:21:33.626;8.26;20.38;8.26;20.49;8.30;20.40;0.04;-0.09;0.04;0.02;0.1;0.04;['P6', 'P5', 'P7'];['P6 2.82', 'P5 5.88', 'P9 7.2', 'P7 6.4']
P9[13.00,16.50,0.00]=8.83;P6[6.70,18.03,0.00]=2.78;P5[13.00,24.00,0.00]=5.88;P7[2.90,24.00,0.00]=6.33;[8.21, 20.53, 0.0];[8.25,20.39,0.56];19:21:33.826;8.25;20.39;8.21;20.53;8.30;20.40;0.09;-0.13;0.05;0.01;0.16;0.05;['P6', 'P5', 'P7'];['P9 8.83', 'P6 2.78', 'P5 5.88', 'P7 6.33']
P6[6.70,18.03,0.00]=2.81;P5[13.00,24.00,0.00]=5.92;P9[13.00,16.50,0.00]=8.41;P7[2.90,24.00,0.00]=6.46;[8.28, 20.41, 0.0];[8.26,20.37,0.61];19:21:33.927;8.26;20.37;8.28;20.41;8.30;20.40;0.02;-0.01;0.04;0.03;0.02;0.05;['P6', 'P5', 'P7'];['P6 2.81', 'P5 5.92', 'P9 8.41', 'P7 6.46']
P6[6.70,18.03,0.00]=2.82;P5[13.00,24.00,0.00]=5.89;P9[13.00,16.50,0.00]=6.85;P7[2.90,24.00,0.00]=6.33;[8.21, 20.53, 0.0];[8.25,20.39,0.61];19:21:34.026;8.25;20.39;8.21;20.53;8.30;20.40;0.09;-0.13;0.05;0.01;0.16;0.05;['P6', 'P5', 'P7'];['P6 2.82', 'P5 5.89', 'P9 6.85', 'P7 6.33']
P6[6.70,18.03,0.00]=2.82;P5[13.00,24.00,0.00]=5.89;P9[13.00,16.50,0.00]=7.48;P7[2.90,24.00,0.00]=6.39;[8.25, 20.49, 0.0];[8.25,20.39,0.63];19:21:34.127;8.25;20.39;8.25;20.49;8.30;20.40;0.05;-0.09;0.05;0.01;0.1;0.05;['P6', 'P5', 'P7'];['P6 2.82', 'P5 5.89', 'P9 7.48', 'P7 6.39']
P6[6.70,18.03,0.00]=2.80;P5[13.00,24.00,0.00]=5.91;P9[13.00,16.50,0.00]=6.96;P7[2.90,24.00,0.00]=6.42;[8.25, 20.45, 0.0];[8.26,20.39,0.64];19:21:34.225;8.26;20.39;8.25;20.45;8.30;20.40;0.05;-0.05;0.04;0.01;0.07;0.04;['P6', 'P5', 'P7'];['P6 2.8', 'P5 5.91', 'P9 6.96', 'P7 6.42']
P6[6.70,18.03,0.00]=2.78;P5[13.00,24.00,0.00]=5.91;P9[13.00,16.50,0.00]=7.00;P7[2.90,24.00,0.00]=6.42;[8.25, 20.44, 0.0];[8.26,20.38,0.65];19:21:34.326;8.26;20.38;8.25;20.44;8.30;20.40;0.05;-0.04;0.04;0.02;0.06;0.04;['P6', 'P5', 'P7'];['P6 2.78', 'P5 5.91', 'P9 7.0', 'P7 6.42']
P6[6.70,18.03,0.00]=2.73;P5[13.00,24.00,0.00]=5.87;P9[13.00,16.50,0.00]=7.01;P7[2.90,24.00,0.00]=6.41;[8.26, 20.47, 0.0];[8.27,20.37,0.57];19:21:34.426;8.27;20.37;8.26;20.47;8.30;20.40;0.04;-0.07;0.03;0.03;0.08;0.04;['P6', 'P5', 'P7'];['P6 2.73', 'P5 5.87', 'P9 7.01', 'P7 6.41']
P6[6.70,18.03,0.00]=2.77;P5[13.00,24.00,0.00]=5.93;P9[13.00,16.50,0.00]=7.01;P7[2.90,24.00,0.00]=6.32;[8.18, 20.5, 0.0];[8.25,20.38,0.57];19:21:34.526;8.25;20.38;8.18;20.5;8.30;20.40;0.12;-0.1;0.05;0.02;0.16;0.05;['P6', 'P5', 'P7'];['P6 2.77', 'P5 5.93', 'P9 7.01', 'P7 6.32']
P6[6.70,18.03,0.00]=2.76;P5[13.00,24.00,0.00]=5.91;P9[13.00,16.50,0.00]=7.05;P7[2.90,24.00,0.00]=6.39;[8.23, 20.46, 0.0];[8.25,20.38,0.57];19:21:34.626;8.25;20.38;8.23;20.46;8.30;20.40;0.07;-0.06;0.05;0.02;0.09;0.05;['P6', 'P5', 'P7'];['P6 2.76', 'P5 5.91', 'P9 7.05', 'P7 6.39']
P6[6.70,18.03,0.00]=2.77;P5[13.00,24.00,0.00]=5.89;P9[13.00,16.50,0.00]=7.20;P7[2.90,24.00,0.00]=6.37;[8.23, 20.49, 0.0];[8.25,20.38,0.56];19:21:34.727;8.25;20.38;8.23;20.49;8.30;20.40;0.07;-0.09;0.05;0.02;0.11;0.05;['P6', 'P5', 'P7'];['P6 2.77', 'P5 5.89', 'P9 7.2', 'P7 6.37']
P6[6.70,18.03,0.00]=2.76;P5[13.00,24.00,0.00]=5.92;P9[13.00,16.50,0.00]=7.06;P7[2.90,24.00,0.00]=6.36;[8.21, 20.48, 0.0];[8.24,20.38,0.56];19:21:34.826;8.24;20.38;8.21;20.48;8.30;20.40;0.09;-0.08;0.06;0.02;0.12;0.06;['P6', 'P5', 'P7'];['P6 2.76', 'P5 5.92', 'P9 7.06', 'P7 6.36']
P6[6.70,18.03,0.00]=2.75;P5[13.00,24.00,0.00]=5.91;P9[13.00,16.50,0.00]=7.01;P7[2.90,24.00,0.00]=6.44;[8.26, 20.42, 0.0];[8.25,20.37,0.57];19:21:34.926;8.25;20.37;8.26;20.42;8.30;20.40;0.04;-0.02;0.05;0.03;0.04;0.06;['P6', 'P5', 'P7'];['P6 2.75', 'P5 5.91', 'P9 7.01', 'P7 6.44']
P6[6.70,18.03,0.00]=2.74;P5[13.00,24.00,0.00]=5.88;P9[13.00,16.50,0.00]=7.08;P7[2.90,24.00,0.00]=6.36;[8.23, 20.5, 0.0];[8.25,20.37,0.51];19:21:35.026;8.25;20.37;8.23;20.5;8.30;20.40;0.07;-0.1;0.05;0.03;0.12;0.06;['P6', 'P5', 'P7'];['P6 2.74', 'P5 5.88', 'P9 7.08', 'P7 6.36']
P6[6.70,18.03,0.00]=2.76;P5[13.00,24.00,0.00]=5.87;P9[13.00,16.50,0.00]=7.00;P7[2.90,24.00,0.00]=6.43;[8.28, 20.46, 0.0];[8.26,20.37,0.49];19:21:35.126;8.26;20.37;8.28;20.46;8.30;20.40;0.02;-0.06;0.04;0.03;0.06;0.05;['P6', 'P5', 'P7'];['P6 2.76', 'P5 5.87', 'P9 7.0', 'P7 6.43']
P6[6.70,18.03,0.00]=2.80;P5[13.00,24.00,0.00]=5.87;P9[13.00,16.50,0.00]=6.95;P7[2.90,24.00,0.00]=6.40;[8.26, 20.49, 0.0];[8.27,20.37,0.51];19:21:35.225;8.27;20.37;8.26;20.49;8.30;20.40;0.04;-0.09;0.03;0.03;0.1;0.04;['P6', 'P5', 'P7'];['P6 2.8', 'P5 5.87', 'P9 6.95', 'P7 6.4']
P6[6.70,18.03,0.00]=2.79;P5[13.00,24.00,0.00]=5.85;P9[13.00,16.50,0.00]=6.98;P7[2.90,24.00,0.00]=6.39;[8.26, 20.51, 0.0];[8.27,20.38,0.49];19:21:35.326;8.27;20.38;8.26;20.51;8.30;20.40;0.04;-0.11;0.03;0.02;0.12;0.04;['P6', 'P5', 'P7'];['P6 2.79', 'P5 5.85', 'P9 6.98', 'P7 6.39']
P6[6.70,18.03,0.00]=2.79;P5[13.00,24.00,0.00]=5.86;P9[13.00,16.50,0.00]=6.95;P7[2.90,24.00,0.00]=6.43;[8.28, 20.47, 0.0];[8.28,20.38,0.50];19:21:35.426;8.28;20.38;8.28;20.47;8.30;20.40;0.02;-0.07;0.02;0.02;0.07;0.03;['P6', 'P5', 'P7'];['P6 2.79', 'P5 5.86', 'P9 6.95', 'P7 6.43']
P6[6.70,18.03,0.00]=2.80;P5[13.00,24.00,0.00]=5.87;P9[13.00,16.50,0.00]=7.46;P7[2.90,24.00,0.00]=6.42;[8.27, 20.47, 0.0];[8.28,20.38,0.53];19:21:35.527;8.28;20.38;8.27;20.47;8.30;20.40;0.03;-0.07;0.02;0.02;0.08;0.03;['P6', 'P5', 'P7'];['P6 2.8', 'P5 5.87', 'P9 7.46', 'P7 6.42']
P6[6.70,18.03,0.00]=2.80;P5[13.00,24.00,0.00]=5.89;P9[13.00,16.50,0.00]=7.53;P7[2.90,24.00,0.00]=6.32;[8.2, 20.54, 0.0];[8.26,20.39,0.53];19:21:35.627;8.26;20.39;8.2;20.54;8.30;20.40;0.1;-0.14;0.04;0.01;0.17;0.04;['P6', 'P5', 'P7'];['P6 2.8', 'P5 5.89', 'P9 7.53', 'P7 6.32']
P6[6.70,18.03,0.00]=2.79;P5[13.00,24.00,0.00]=5.87;P9[13.00,16.50,0.00]=6.94;P7[2.90,24.00,0.00]=6.39;[8.25, 20.49, 0.0];[8.27,20.39,0.53];19:21:35.726;8.27;20.39;8.25;20.49;8.30;20.40;0.05;-0.09;0.03;0.01;0.1;0.03;['P6', 'P5', 'P7'];['P6 2.79', 'P5 5.87', 'P9 6.94', 'P7 6.39']
P6[6.70,18.03,0.00]=2.78;P5[13.00,24.00,0.00]=5.88;P9[13.00,16.50,0.00]=6.76;P7[2.90,24.00,0.00]=6.40;[8.25, 20.48, 0.0];[8.27,20.39,0.53];19:21:35.826;8.27;20.39;8.25;20.48;8.30;20.40;0.05;-0.08;0.03;0.01;0.09;0.03;['P6', 'P5', 'P7'];['P6 2.78', 'P5 5.88', 'P9 6.76', 'P7 6.4']
P6[6.70,18.03,0.00]=2.81;P5[13.00,24.00,0.00]=5.90;P9[13.00,16.50,0.00]=6.99;P7[2.90,24.00,0.00]=6.41;[8.25, 20.46, 0.0];[8.27,20.39,0.57];19:21:35.925;8.27;20.39;8.25;20.46;8.30;20.40;0.05;-0.06;0.03;0.01;0.08;0.03;['P6', 'P5', 'P7'];['P6 2.81', 'P5 5.9', 'P9 6.99', 'P7 6.41']
P6[6.70,18.03,0.00]=2.82;P5[13.00,24.00,0.00]=5.90;P9[13.00,16.50,0.00]=6.91;P7[2.90,24.00,0.00]=6.44;[8.27, 20.44, 0.0];[8.27,20.38,0.61];19:21:36.026;8.27;20.38;8.27;20.44;8.30;20.40;0.03;-0.04;0.03;0.02;0.05;0.04;['P6', 'P5', 'P7'];['P6 2.82', 'P5 5.9', 'P9 6.91', 'P7 6.44']
P6[6.70,18.03,0.00]=2.82;P5[13.00,24.00,0.00]=5.91;P9[13.00,16.50,0.00]=6.88;P7[2.90,24.00,0.00]=6.39;[8.24, 20.47, 0.0];[8.27,20.38,0.64];19:21:36.126;8.27;20.38;8.24;20.47;8.30;20.40;0.06;-0.07;0.03;0.02;0.09;0.04;['P6', 'P5', 'P7'];['P6 2.82', 'P5 5.91', 'P9 6.88', 'P7 6.39']
P6[6.70,18.03,0.00]=2.83;P5[13.00,24.00,0.00]=5.92;P9[13.00,16.50,0.00]=6.83;P7[2.90,24.00,0.00]=6.38;[8.22, 20.48, 0.0];[8.26,20.39,0.67];19:21:36.225;8.26;20.39;8.22;20.48;8.30;20.40;0.08;-0.08;0.04;0.01;0.11;0.04;['P6', 'P5', 'P7'];['P6 2.83', 'P5 5.92', 'P9 6.83', 'P7 6.38']
P6[6.70,18.03,0.00]=2.77;P5[13.00,24.00,0.00]=5.90;P9[13.00,16.50,0.00]=6.90;P7[2.90,24.00,0.00]=6.43;[8.26, 20.44, 0.0];[8.26,20.38,0.66];19:21:36.326;8.26;20.38;8.26;20.44;8.30;20.40;0.04;-0.04;0.04;0.02;0.06;0.04;['P6', 'P5', 'P7'];['P6 2.77', 'P5 5.9', 'P9 6.9', 'P7 6.43']
P6[6.70,18.03,0.00]=2.83;P5[13.00,24.00,0.00]=5.88;P9[13.00,16.50,0.00]=6.98;P7[2.90,24.00,0.00]=6.41;[8.26, 20.48, 0.0];[8.27,20.38,0.67];19:21:36.426;8.27;20.38;8.26;20.48;8.30;20.40;0.04;-0.08;0.03;0.02;0.09;0.04;['P6', 'P5', 'P7'];['P6 2.83', 'P5 5.88', 'P9 6.98', 'P7 6.41']
P6[6.70,18.03,0.00]=2.80;P5[13.00,24.00,0.00]=5.88;P9[13.00,16.50,0.00]=6.96;P7[2.90,24.00,0.00]=6.36;[8.23, 20.51, 0.0];[8.26,20.39,0.64];19:21:36.526;8.26;20.39;8.23;20.51;8.30;20.40;0.07;-0.11;0.04;0.01;0.13;0.04;['P6', 'P5', 'P7'];['P6 2.8', 'P5 5.88', 'P9 6.96', 'P7 6.36']
P6[6.70,18.03,0.00]=2.80;P5[13.00,24.00,0.00]=5.86;P9[13.00,16.50,0.00]=6.84;P7[2.90,24.00,0.00]=6.42;[8.28, 20.48, 0.0];[8.27,20.39,0.62];19:21:36.625;8.27;20.39;8.28;20.48;8.30;20.40;0.02;-0.08;0.03;0.01;0.08;0.03;['P6', 'P5', 'P7'];['P6 2.8', 'P5 5.86', 'P9 6.84', 'P7 6.42']
P6[6.70,18.03,0.00]=2.82;P5[13.00,24.00,0.00]=5.89;P9[13.00,16.50,0.00]=6.83;P7[2.90,24.00,0.00]=6.41;[8.26, 20.47, 0.0];[8.27,20.39,0.63];19:21:36.726;8.27;20.39;8.26;20.47;8.30;20.40;0.04;-0.07;0.03;0.01;0.08;0.03;['P6', 'P5', 'P7'];['P6 2.82', 'P5 5.89', 'P9 6.83', 'P7 6.41']
P6[6.70,18.03,0.00]=2.82;P5[13.00,24.00,0.00]=5.91;P9[13.00,16.50,0.00]=6.81;P7[2.90,24.00,0.00]=6.48;[8.3, 20.41, 0.0];[8.28,20.37,0.67];19:21:36.826;8.28;20.37;8.3;20.41;8.30;20.40;0.0;-0.01;0.02;0.03;0.01;0.04;['P6', 'P5', 'P7'];['P6 2.82', 'P5 5.91', 'P9 6.81', 'P7 6.48']
P6[6.70,18.03,0.00]=2.69;P5[13.00,24.00,0.00]=5.83;P9[13.00,16.50,0.00]=6.74;P7[2.90,24.00,0.00]=6.41;[8.28, 20.48, 0.0];[8.29,20.35,0.70];19:21:36.926;8.29;20.35;8.28;20.48;8.30;20.40;0.02;-0.08;0.01;0.05;0.08;0.05;['P6', 'P5', 'P7'];['P6 2.69', 'P5 5.83', 'P9 6.74', 'P7 6.41']
P6[6.70,18.03,0.00]=2.75;P5[13.00,24.00,0.00]=5.88;P9[13.00,16.50,0.00]=6.86;P7[2.90,24.00,0.00]=6.46;[8.29, 20.43, 0.0];[8.29,20.35,0.65];19:21:37.026;8.29;20.35;8.29;20.43;8.30;20.40;0.01;-0.03;0.01;0.05;0.03;0.05;['P6', 'P5', 'P7'];['P6 2.75', 'P5 5.88', 'P9 6.86', 'P7 6.46']
P6[6.70,18.03,0.00]=2.72;P5[13.00,24.00,0.00]=5.85;P9[13.00,16.50,0.00]=6.73;P7[2.90,24.00,0.00]=6.44;[8.29, 20.45, 0.0];[8.30,20.34,0.53];19:21:37.126;8.30;20.34;8.29;20.45;8.30;20.40;0.01;-0.05;0.0;0.06;0.05;0.06;['P6', 'P5', 'P7'];['P6 2.72', 'P5 5.85', 'P9 6.73', 'P7 6.44']
P6[6.70,18.03,0.00]=2.73;P5[13.00,24.00,0.00]=5.88;P9[13.00,16.50,0.00]=6.75;P7[2.90,24.00,0.00]=6.44;[8.28, 20.44, 0.0];[8.30,20.34,0.50];19:21:37.226;8.30;20.34;8.28;20.44;8.30;20.40;0.02;-0.04;0.0;0.06;0.04;0.06;['P6', 'P5', 'P7'];['P6 2.73', 'P5 5.88', 'P9 6.75', 'P7 6.44']
P6[6.70,18.03,0.00]=2.76;P5[13.00,24.00,0.00]=5.91;P9[13.00,16.50,0.00]=6.79;P7[2.90,24.00,0.00]=6.42;[8.25, 20.44, 0.0];[8.29,20.34,0.53];19:21:37.325;8.29;20.34;8.25;20.44;8.30;20.40;0.05;-0.04;0.01;0.06;0.06;0.06;['P6', 'P5', 'P7'];['P6 2.76', 'P5 5.91', 'P9 6.79', 'P7 6.42']
