Anchor/Range;Anchor/Range;Anchor/Range;Anchor/Range;Estimated;Timestamp
P9[13.00,16.50,0.00]=2.37;P4[11.00,11.00,0.00]=3.14;P3[13.00,0.00,0.00]=13.61;P5[13.00,24.00,0.00]=10.35;[12.87,13.88,0.59];19:35:10.775
P9[13.00,16.50,0.00]=2.40;P4[11.00,11.00,0.00]=3.17;P3[13.00,0.00,0.00]=13.52;P5[13.00,24.00,0.00]=10.40;[12.91,13.86,0.52];19:35:10.775
P9[13.00,16.50,0.00]=2.41;P4[11.00,11.00,0.00]=3.28;P3[13.00,0.00,0.00]=13.59;P5[13.00,24.00,0.00]=10.41;[12.94,13.86,0.55];19:35:10.776
P9[13.00,16.50,0.00]=2.40;P4[11.00,11.00,0.00]=3.25;P3[13.00,0.00,0.00]=13.63;P5[13.00,24.00,0.00]=10.49;[12.93,13.88,0.60];19:35:10.776
P9[13.00,16.50,0.00]=2.39;P4[11.00,11.00,0.00]=3.13;P3[13.00,0.00,0.00]=13.66;P5[13.00,24.00,0.00]=10.45;[12.85,13.89,0.63];19:35:10.777
P9[13.00,16.50,0.00]=2.40;P4[11.00,11.00,0.00]=3.20;P3[13.00,0.00,0.00]=13.67;P5[13.00,24.00,0.00]=10.45;[12.81,13.90,0.68];19:35:10.777
P9[13.00,16.50,0.00]=2.41;P4[11.00,11.00,0.00]=3.18;P3[13.00,0.00,0.00]=13.63;P5[13.00,24.00,0.00]=10.44;[12.80,13.90,0.70];19:35:10.778
P9[13.00,16.50,0.00]=2.39;P4[11.00,11.00,0.00]=3.26;P3[13.00,0.00,0.00]=13.66;P5[13.00,24.00,0.00]=10.44;[12.81,13.91,0.72];19:35:10.778
P9[13.00,16.50,0.00]=2.37;P4[11.00,11.00,0.00]=3.24;P3[13.00,0.00,0.00]=13.65;P5[13.00,24.00,0.00]=10.32;[12.82,13.92,0.72];19:35:10.779
P9[13.00,16.50,0.00]=2.37;P4[11.00,11.00,0.00]=3.19;P3[13.00,0.00,0.00]=13.64;P5[13.00,24.00,0.00]=10.37;[12.82,13.92,0.71];19:35:10.785
P9[13.00,16.50,0.00]=2.43;P4[11.00,11.00,0.00]=3.12;P3[13.00,0.00,0.00]=13.63;P5[13.00,24.00,0.00]=10.42;[12.77,13.92,0.72];19:35:10.885
P9[13.00,16.50,0.00]=2.38;P4[11.00,11.00,0.00]=3.22;P3[13.00,0.00,0.00]=13.56;P5[13.00,24.00,0.00]=10.42;[12.83,13.90,0.66];19:35:10.986
P9[13.00,16.50,0.00]=2.40;P4[11.00,11.00,0.00]=3.24;P5[13.00,24.00,0.00]=10.43;P3[13.00,0.00,0.00]=13.59;[12.87,13.89,0.65];19:35:11.185
P9[13.00,16.50,0.00]=2.38;P4[11.00,11.00,0.00]=3.17;P3[13.00,0.00,0.00]=13.59;P5[13.00,24.00,0.00]=10.39;[12.87,13.89,0.62];19:35:11.286
P9[13.00,16.50,0.00]=2.38;P4[11.00,11.00,0.00]=3.20;P3[13.00,0.00,0.00]=13.56;P5[13.00,24.00,0.00]=10.42;[12.90,13.88,0.57];19:35:11.385
P9[13.00,16.50,0.00]=2.41;P4[11.00,11.00,0.00]=3.19;P3[13.00,0.00,0.00]=13.64;P5[13.00,24.00,0.00]=10.50;[12.86,13.89,0.62];19:35:11.485
P9[13.00,16.50,0.00]=2.37;P4[11.00,11.00,0.00]=3.17;P3[13.00,0.00,0.00]=13.54;P5[13.00,24.00,0.00]=10.40;[12.89,13.88,0.52];19:35:11.585
P9[13.00,16.50,0.00]=2.42;P4[11.00,11.00,0.00]=3.26;P3[13.00,0.00,0.00]=13.46;P5[13.00,24.00,0.00]=10.47;[12.95,13.87,0.61];19:35:11.686
P9[13.00,16.50,0.00]=2.38;P4[11.00,11.00,0.00]=3.26;P3[13.00,0.00,0.00]=13.45;P5[13.00,24.00,0.00]=10.49;[13.01,13.86,0.65];19:35:11.785
P9[13.00,16.50,0.00]=2.37;P4[11.00,11.00,0.00]=3.27;P5[13.00,24.00,0.00]=10.47;P3[13.00,0.00,0.00]=13.61;[13.01,13.87,0.64];19:35:11.885
P9[13.00,16.50,0.00]=2.40;P4[11.00,11.00,0.00]=3.25;P5[13.00,24.00,0.00]=10.41;P3[13.00,0.00,0.00]=13.56;[13.02,13.86,0.61];19:35:11.986
P9[13.00,16.50,0.00]=2.41;P4[11.00,11.00,0.00]=3.28;P5[13.00,24.00,0.00]=10.47;P3[13.00,0.00,0.00]=13.50;[13.04,13.86,0.70];19:35:12.086
P9[13.00,16.50,0.00]=2.40;P4[11.00,11.00,0.00]=3.25;P5[13.00,24.00,0.00]=10.44;P3[13.00,0.00,0.00]=13.56;[13.04,13.86,0.66];19:35:12.185
P9[13.00,16.50,0.00]=2.37;P4[11.00,11.00,0.00]=3.24;P5[13.00,24.00,0.00]=10.53;P3[13.00,0.00,0.00]=13.58;[13.04,13.86,0.61];19:35:12.285
P9[13.00,16.50,0.00]=2.37;P4[11.00,11.00,0.00]=3.25;P5[13.00,24.00,0.00]=10.43;P3[13.00,0.00,0.00]=13.40;[13.10,13.84,0.57];19:35:12.386
P9[13.00,16.50,0.00]=2.40;P4[11.00,11.00,0.00]=3.27;P5[13.00,24.00,0.00]=10.46;P3[13.00,0.00,0.00]=13.64;[13.05,13.86,0.63];19:35:12.486
P9[13.00,16.50,0.00]=2.37;P4[11.00,11.00,0.00]=3.24;P5[13.00,24.00,0.00]=10.49;P3[13.00,0.00,0.00]=13.67;[12.99,13.88,0.66];19:35:12.585
P9[13.00,16.50,0.00]=2.39;P4[11.00,11.00,0.00]=3.21;P3[13.00,0.00,0.00]=13.60;P5[13.00,24.00,0.00]=10.50;[12.96,13.89,0.65];19:35:12.685
P9[13.00,16.50,0.00]=2.42;P4[11.00,11.00,0.00]=3.21;P3[13.00,0.00,0.00]=13.51;P5[13.00,24.00,0.00]=10.44;[12.99,13.86,0.58];19:35:12.786
P9[13.00,16.50,0.00]=2.39;P4[11.00,11.00,0.00]=3.20;P3[13.00,0.00,0.00]=13.62;P5[13.00,24.00,0.00]=10.42;[12.95,13.87,0.60];19:35:12.885
P9[13.00,16.50,0.00]=2.42;P4[11.00,11.00,0.00]=3.24;P3[13.00,0.00,0.00]=13.53;P5[13.00,24.00,0.00]=10.39;[12.98,13.86,0.58];19:35:12.985
P9[13.00,16.50,0.00]=2.41;P4[11.00,11.00,0.00]=3.26;P3[13.00,0.00,0.00]=13.63;P5[13.00,24.00,0.00]=10.47;[12.96,13.87,0.63];19:35:13.085
P9[13.00,16.50,0.00]=2.42;P4[11.00,11.00,0.00]=3.28;P3[13.00,0.00,0.00]=13.61;P5[13.00,24.00,0.00]=10.42;[12.96,13.88,0.66];19:35:13.186
P9[13.00,16.50,0.00]=2.37;P4[11.00,11.00,0.00]=3.23;P3[13.00,0.00,0.00]=13.57;P5[13.00,24.00,0.00]=10.43;[12.97,13.88,0.60];19:35:13.285
P9[13.00,16.50,0.00]=2.39;P4[11.00,11.00,0.00]=3.24;P3[13.00,0.00,0.00]=13.50;P5[13.00,24.00,0.00]=10.43;[12.99,13.87,0.68];19:35:13.386
P9[13.00,16.50,0.00]=2.41;P4[11.00,11.00,0.00]=3.25;P3[13.00,0.00,0.00]=13.59;P5[13.00,24.00,0.00]=10.42;[12.98,13.87,0.68];19:35:13.485
P9[13.00,16.50,0.00]=2.43;P4[11.00,11.00,0.00]=3.25;P3[13.00,0.00,0.00]=13.46;P5[13.00,24.00,0.00]=10.44;[13.02,13.86,0.74];19:35:13.586
P9[13.00,16.50,0.00]=2.42;P4[11.00,11.00,0.00]=3.27;P5[13.00,24.00,0.00]=10.54;P3[13.00,0.00,0.00]=13.60;[13.01,13.87,0.74];19:35:13.685
P9[13.00,16.50,0.00]=2.41;P4[11.00,11.00,0.00]=3.30;P5[13.00,24.00,0.00]=10.50;P3[13.00,0.00,0.00]=13.56;[13.04,13.86,0.69];19:35:13.785
P9[13.00,16.50,0.00]=2.41;P4[11.00,11.00,0.00]=3.26;P5[13.00,24.00,0.00]=10.43;P3[13.00,0.00,0.00]=13.58;[13.03,13.86,0.67];19:35:13.885
P9[13.00,16.50,0.00]=2.43;P4[11.00,11.00,0.00]=3.29;P5[13.00,24.00,0.00]=10.50;P3[13.00,0.00,0.00]=13.60;[13.02,13.87,0.70];19:35:13.985
P9[13.00,16.50,0.00]=2.38;P4[11.00,11.00,0.00]=3.26;P5[13.00,24.00,0.00]=10.42;P3[13.00,0.00,0.00]=13.66;[12.98,13.89,0.72];19:35:14.085
P9[13.00,16.50,0.00]=2.44;P4[11.00,11.00,0.00]=3.27;P3[13.00,0.00,0.00]=13.56;P5[13.00,24.00,0.00]=10.39;[13.00,13.88,0.70];19:35:14.185
P9[13.00,16.50,0.00]=2.38;P4[11.00,11.00,0.00]=3.25;P5[13.00,24.00,0.00]=10.46;P3[13.00,0.00,0.00]=13.58;[13.01,13.87,0.66];19:35:14.285
P9[13.00,16.50,0.00]=2.42;P4[11.00,11.00,0.00]=3.22;P5[13.00,24.00,0.00]=10.50;P3[13.00,0.00,0.00]=13.62;[12.96,13.88,0.69];19:35:14.385
P9[13.00,16.50,0.00]=2.38;P4[11.00,11.00,0.00]=3.28;P3[13.00,0.00,0.00]=13.73;P5[13.00,24.00,0.00]=10.51;[12.94,13.89,0.56];19:35:14.485
P9[13.00,16.50,0.00]=2.39;P4[11.00,11.00,0.00]=3.26;P3[13.00,0.00,0.00]=13.66;P5[13.00,24.00,0.00]=10.39;[12.92,13.90,0.62];19:35:14.585
P9[13.00,16.50,0.00]=2.38;P4[11.00,11.00,0.00]=3.27;P3[13.00,0.00,0.00]=13.62;P5[13.00,24.00,0.00]=10.51;[12.93,13.90,0.63];19:35:14.685
P9[13.00,16.50,0.00]=2.41;P4[11.00,11.00,0.00]=3.26;P3[13.00,0.00,0.00]=13.69;P5[13.00,24.00,0.00]=10.52;[12.89,13.92,0.70];19:35:14.785
P9[13.00,16.50,0.00]=2.40;P4[11.00,11.00,0.00]=3.28;P3[13.00,0.00,0.00]=13.66;P5[13.00,24.00,0.00]=10.44;[12.89,13.92,0.73];19:35:14.885
P9[13.00,16.50,0.00]=2.40;P4[11.00,11.00,0.00]=3.24;P3[13.00,0.00,0.00]=13.62;P5[13.00,24.00,0.00]=10.46;[12.89,13.92,0.73];19:35:14.985
P9[13.00,16.50,0.00]=2.42;P4[11.00,11.00,0.00]=3.22;P3[13.00,0.00,0.00]=13.65;P5[13.00,24.00,0.00]=10.38;[12.86,13.92,0.75];19:35:15.086
P9[13.00,16.50,0.00]=2.37;P4[11.00,11.00,0.00]=3.29;P3[13.00,0.00,0.00]=13.59;P5[13.00,24.00,0.00]=10.50;[12.91,13.91,0.70];19:35:15.185
P9[13.00,16.50,0.00]=2.41;P4[11.00,11.00,0.00]=3.23;P3[13.00,0.00,0.00]=13.61;P5[13.00,24.00,0.00]=10.44;[12.91,13.90,0.70];19:35:15.285
P9[13.00,16.50,0.00]=2.43;P4[11.00,11.00,0.00]=3.24;P3[13.00,0.00,0.00]=13.67;P5[13.00,24.00,0.00]=10.48;[12.87,13.91,0.76];19:35:15.385
P9[13.00,16.50,0.00]=2.38;P4[11.00,11.00,0.00]=3.19;P3[13.00,0.00,0.00]=13.59;P5[13.00,24.00,0.00]=10.47;[12.87,13.91,0.71];19:35:15.485
P9[13.00,16.50,0.00]=2.38;P4[11.00,11.00,0.00]=3.26;P3[13.00,0.00,0.00]=13.68;P5[13.00,24.00,0.00]=10.47;[12.86,13.92,0.74];19:35:15.585
P9[13.00,16.50,0.00]=2.39;P4[11.00,11.00,0.00]=3.27;P3[13.00,0.00,0.00]=13.61;P5[13.00,24.00,0.00]=10.48;[12.89,13.91,0.73];19:35:15.685
P9[13.00,16.50,0.00]=2.41;P4[11.00,11.00,0.00]=3.24;P3[13.00,0.00,0.00]=13.68;P5[13.00,24.00,0.00]=10.36;[12.85,13.92,0.76];19:35:15.785
P9[13.00,16.50,0.00]=2.37;P4[11.00,11.00,0.00]=3.26;P3[13.00,0.00,0.00]=13.58;P5[13.00,24.00,0.00]=10.50;[12.90,13.91,0.70];19:35:15.885
P9[13.00,16.50,0.00]=2.43;P4[11.00,11.00,0.00]=3.22;P3[13.00,0.00,0.00]=13.63;P5[13.00,24.00,0.00]=10.50;[12.88,13.91,0.73];19:35:15.985
P9[13.00,16.50,0.00]=2.38;P4[11.00,11.00,0.00]=3.23;P3[13.00,0.00,0.00]=13.54;P5[13.00,24.00,0.00]=10.46;[12.92,13.89,0.62];19:35:16.086
P9[13.00,16.50,0.00]=2.40;P4[11.00,11.00,0.00]=3.26;P3[13.00,0.00,0.00]=13.62;P5[13.00,24.00,0.00]=10.35;[12.92,13.89,0.65];19:35:16.185
P9[13.00,16.50,0.00]=2.41;P4[11.00,11.00,0.00]=3.23;P3[13.00,0.00,0.00]=13.60;P5[13.00,24.00,0.00]=10.47;[12.92,13.89,0.66];19:35:16.285
P9[13.00,16.50,0.00]=2.40;P4[11.00,11.00,0.00]=3.25;P3[13.00,0.00,0.00]=13.58;P5[13.00,24.00,0.00]=10.41;[12.95,13.88,0.65];19:35:16.385
P9[13.00,16.50,0.00]=2.38;P4[11.00,11.00,0.00]=3.34;P3[13.00,0.00,0.00]=13.52;P5[13.00,24.00,0.00]=10.44;[13.01,13.88,0.72];19:35:16.486
P9[13.00,16.50,0.00]=2.40;P4[11.00,11.00,0.00]=3.31;P5[13.00,24.00,0.00]=10.43;P3[13.00,0.00,0.00]=13.63;[13.00,13.89,0.73];19:35:16.585
P9[13.00,16.50,0.00]=2.37;P4[11.00,11.00,0.00]=3.29;P5[13.00,24.00,0.00]=10.52;P3[13.00,0.00,0.00]=13.54;[13.05,13.88,0.58];19:35:16.685
P9[13.00,16.50,0.00]=2.37;P4[11.00,11.00,0.00]=3.21;P5[13.00,24.00,0.00]=10.46;P3[13.00,0.00,0.00]=13.65;[12.99,13.89,0.61];19:35:16.785
P9[13.00,16.50,0.00]=2.44;P4[11.00,11.00,0.00]=3.26;P3[13.00,0.00,0.00]=13.60;P5[13.00,24.00,0.00]=10.42;[12.98,13.89,0.65];19:35:16.884
P9[13.00,16.50,0.00]=2.39;P4[11.00,11.00,0.00]=3.27;P3[13.00,0.00,0.00]=13.67;P5[13.00,24.00,0.00]=10.44;[12.95,13.90,0.69];19:35:16.985
P9[13.00,16.50,0.00]=2.39;P4[11.00,11.00,0.00]=3.31;P3[13.00,0.00,0.00]=13.47;P5[13.00,24.00,0.00]=10.29;[13.02,13.89,0.72];19:35:17.086
P9[13.00,16.50,0.00]=2.39;P4[11.00,11.00,0.00]=3.33;P5[13.00,24.00,0.00]=10.80;P3[13.00,0.00,0.00]=13.61;[13.03,13.89,0.71];19:35:17.185
P9[13.00,16.50,0.00]=2.38;P4[11.00,11.00,0.00]=3.27;P5[13.00,24.00,0.00]=10.40;P3[13.00,0.00,0.00]=13.53;[13.07,13.87,0.55];19:35:17.285
P9[13.00,16.50,0.00]=2.42;P4[11.00,11.00,0.00]=3.26;P5[13.00,24.00,0.00]=10.42;P3[13.00,0.00,0.00]=13.74;[13.00,13.89,0.52];19:35:17.385
P9[13.00,16.50,0.00]=2.37;P4[11.00,11.00,0.00]=3.26;P5[13.00,24.00,0.00]=10.44;P3[13.00,0.00,0.00]=13.47;[13.04,13.88,0.59];19:35:17.486
P9[13.00,16.50,0.00]=2.43;P4[11.00,11.00,0.00]=3.28;P5[13.00,24.00,0.00]=10.41;P3[13.00,0.00,0.00]=13.75;[12.98,13.89,0.58];19:35:17.584
P9[13.00,16.50,0.00]=2.41;P4[11.00,11.00,0.00]=3.27;P3[13.00,0.00,0.00]=13.58;P5[13.00,24.00,0.00]=10.43;[13.00,13.88,0.59];19:35:17.685
P9[13.00,16.50,0.00]=2.37;P4[11.00,11.00,0.00]=3.25;P3[13.00,0.00,0.00]=13.59;P5[13.00,24.00,0.00]=10.35;[13.00,13.89,0.57];19:35:17.785
P9[13.00,16.50,0.00]=2.42;P4[11.00,11.00,0.00]=3.26;P3[13.00,0.00,0.00]=13.44;P5[13.00,24.00,0.00]=10.43;[13.05,13.87,0.63];19:35:17.886
P9[13.00,16.50,0.00]=2.38;P4[11.00,11.00,0.00]=3.18;P5[13.00,24.00,0.00]=10.54;P3[13.00,0.00,0.00]=13.54;[13.03,13.86,0.55];19:35:17.985
P9[13.00,16.50,0.00]=2.37;P4[11.00,11.00,0.00]=3.25;P5[13.00,24.00,0.00]=10.46;P3[13.00,0.00,0.00]=13.48;[13.06,13.86,0.62];19:35:18.085
P9[13.00,16.50,0.00]=2.37;P4[11.00,11.00,0.00]=3.20;P5[13.00,24.00,0.00]=10.38;P3[13.00,0.00,0.00]=13.60;[13.01,13.87,0.60];19:35:18.185
P9[13.00,16.50,0.00]=2.35;P4[11.00,11.00,0.00]=3.20;P5[13.00,24.00,0.00]=10.40;P3[13.00,0.00,0.00]=13.54;[12.99,13.88,0.68];19:35:18.285
P9[13.00,16.50,0.00]=2.36;P4[11.00,11.00,0.00]=3.22;P3[13.00,0.00,0.00]=13.63;P5[13.00,24.00,0.00]=10.43;[12.96,13.89,0.67];19:35:18.385
P9[13.00,16.50,0.00]=2.33;P4[11.00,11.00,0.00]=3.23;P3[13.00,0.00,0.00]=13.46;P5[13.00,24.00,0.00]=10.35;[13.01,13.88,0.65];19:35:18.485
P9[13.00,16.50,0.00]=2.35;P4[11.00,11.00,0.00]=3.22;P5[13.00,24.00,0.00]=10.28;P3[13.00,0.00,0.00]=13.73;[12.92,13.91,0.70];19:35:18.586
P9[13.00,16.50,0.00]=2.35;P4[11.00,11.00,0.00]=3.23;P3[13.00,0.00,0.00]=13.58;P5[13.00,24.00,0.00]=10.22;[12.94,13.90,0.62];19:35:18.685
P9[13.00,16.50,0.00]=2.34;P4[11.00,11.00,0.00]=3.28;P3[13.00,0.00,0.00]=13.42;P5[13.00,24.00,0.00]=10.28;[13.05,13.88,0.56];19:35:18.786
P9[13.00,16.50,0.00]=2.35;P4[11.00,11.00,0.00]=3.27;P5[13.00,24.00,0.00]=10.81;P3[13.00,0.00,0.00]=13.41;[13.12,13.86,0.50];19:35:18.885
P9[13.00,16.50,0.00]=2.34;P4[11.00,11.00,0.00]=3.27;P5[13.00,24.00,0.00]=10.39;P3[13.00,0.00,0.00]=13.77;[13.04,13.88,0.39];19:35:18.984
P9[13.00,16.50,0.00]=2.36;P4[11.00,11.00,0.00]=3.27;P5[13.00,24.00,0.00]=10.38;P3[13.00,0.00,0.00]=13.70;[12.99,13.91,0.49];19:35:19.084
P9[13.00,16.50,0.00]=2.33;P4[11.00,11.00,0.00]=3.23;P3[13.00,0.00,0.00]=14.05;P5[13.00,24.00,0.00]=10.49;[12.76,13.98,0.51];19:35:19.184
P9[13.00,16.50,0.00]=2.34;P4[11.00,11.00,0.00]=3.25;P3[13.00,0.00,0.00]=14.01;P5[13.00,24.00,0.00]=10.45;[12.62,14.03,0.54];19:35:19.285
P9[13.00,16.50,0.00]=2.33;P4[11.00,11.00,0.00]=3.26;P3[13.00,0.00,0.00]=14.03;P5[13.00,24.00,0.00]=10.48;[12.51,14.07,0.56];19:35:19.385
P9[13.00,16.50,0.00]=2.33;P4[11.00,11.00,0.00]=3.29;P3[13.00,0.00,0.00]=13.97;P5[13.00,24.00,0.00]=10.45;[12.47,14.09,0.59];19:35:19.484
P9[13.00,16.50,0.00]=2.36;P4[11.00,11.00,0.00]=3.26;P3[13.00,0.00,0.00]=13.96;P5[13.00,24.00,0.00]=10.77;[12.44,14.10,0.61];19:35:19.585
P9[13.00,16.50,0.00]=2.38;P4[11.00,11.00,0.00]=3.24;P3[13.00,0.00,0.00]=14.03;P5[13.00,24.00,0.00]=10.45;[12.35,14.12,0.63];19:35:19.685
P9[13.00,16.50,0.00]=2.38;P4[11.00,11.00,0.00]=3.22;P3[13.00,0.00,0.00]=14.04;P5[13.00,24.00,0.00]=10.50;[12.27,14.14,0.63];19:35:19.784
P9[13.00,16.50,0.00]=2.35;P4[11.00,11.00,0.00]=3.16;P3[13.00,0.00,0.00]=14.12;P5[13.00,24.00,0.00]=10.50;[12.15,14.17,0.51];19:35:19.884
P9[13.00,16.50,0.00]=2.35;P4[11.00,11.00,0.00]=3.25;P3[13.00,0.00,0.00]=14.03;P5[13.00,24.00,0.00]=10.43;[12.15,14.17,0.54];19:35:19.985
P9[13.00,16.50,0.00]=2.36;P4[11.00,11.00,0.00]=3.26;P3[13.00,0.00,0.00]=13.99;P5[13.00,24.00,0.00]=10.57;[12.17,14.17,0.58];19:35:20.085
P9[13.00,16.50,0.00]=2.41;P4[11.00,11.00,0.00]=3.26;P3[13.00,0.00,0.00]=13.98;P5[13.00,24.00,0.00]=10.74;[12.19,14.16,0.63];19:35:20.184
P9[13.00,16.50,0.00]=2.38;P4[11.00,11.00,0.00]=3.23;P3[13.00,0.00,0.00]=13.56;P5[13.00,24.00,0.00]=10.52;[12.40,14.08,0.57];19:35:20.285
P9[13.00,16.50,0.00]=2.43;P4[11.00,11.00,0.00]=3.29;P3[13.00,0.00,0.00]=13.59;P5[13.00,24.00,0.00]=10.38;[12.56,14.03,0.62];19:35:20.385
P9[13.00,16.50,0.00]=2.44;P4[11.00,11.00,0.00]=3.20;P3[13.00,0.00,0.00]=13.35;P5[13.00,24.00,0.00]=10.76;[12.73,13.96,0.61];19:35:20.484
P4[11.00,11.00,0.00]=3.24;P9[13.00,16.50,0.00]=2.39;P3[13.00,0.00,0.00]=13.26;P5[13.00,24.00,0.00]=10.33;[12.91,13.90,0.28];19:35:21.386
P4[11.00,11.00,0.00]=3.25;P9[13.00,16.50,0.00]=2.45;P3[13.00,0.00,0.00]=13.33;P5[13.00,24.00,0.00]=10.36;[13.03,13.86,0.10];19:35:21.886
P4[11.00,11.00,0.00]=3.26;P9[13.00,16.50,0.00]=2.34;P3[13.00,0.00,0.00]=13.55;P5[13.00,24.00,0.00]=10.42;[13.03,13.87,-0.15];19:35:22.285
P9[13.00,16.50,0.00]=2.38;P4[11.00,11.00,0.00]=3.27;P5[13.00,24.00,0.00]=10.51;P3[13.00,0.00,0.00]=13.23;[13.16,13.83,-0.00];19:35:22.386
P9[13.00,16.50,0.00]=2.40;P4[11.00,11.00,0.00]=3.27;P5[13.00,24.00,0.00]=10.48;P3[13.00,0.00,0.00]=13.32;[13.21,13.82,0.23];19:35:22.485
P4[11.00,11.00,0.00]=3.29;P9[13.00,16.50,0.00]=2.34;P3[13.00,0.00,0.00]=13.29;P5[13.00,24.00,0.00]=10.27;[13.29,13.81,0.04];19:35:22.986
P4[11.00,11.00,0.00]=3.33;P9[13.00,16.50,0.00]=2.38;P3[13.00,0.00,0.00]=13.30;P5[13.00,24.00,0.00]=10.75;[13.35,13.80,-0.16];19:35:23.285
P9[13.00,16.50,0.00]=2.34;P4[11.00,11.00,0.00]=3.27;P5[13.00,24.00,0.00]=10.40;P3[13.00,0.00,0.00]=13.26;[13.40,13.78,-0.02];19:35:23.386
P4[11.00,11.00,0.00]=3.23;P9[13.00,16.50,0.00]=2.34;P3[13.00,0.00,0.00]=13.27;P5[13.00,24.00,0.00]=10.37;[13.41,13.78,-0.15];19:35:23.786
P4[11.00,11.00,0.00]=3.29;P9[13.00,16.50,0.00]=2.37;P3[13.00,0.00,0.00]=13.31;P5[13.00,24.00,0.00]=10.30;[13.42,13.78,-0.31];19:35:24.386
P4[11.00,11.00,0.00]=3.32;P9[13.00,16.50,0.00]=2.38;P3[13.00,0.00,0.00]=13.30;P5[13.00,24.00,0.00]=10.35;[13.44,13.78,-0.43];19:35:25.486
P9[13.00,16.50,0.00]=2.43;P4[11.00,11.00,0.00]=3.22;P5[13.00,24.00,0.00]=10.31;P3[13.00,0.00,0.00]=13.30;[13.40,13.77,-0.07];19:35:25.586
P9[13.00,16.50,0.00]=2.37;P4[11.00,11.00,0.00]=3.27;P5[13.00,24.00,0.00]=10.41;P3[13.00,0.00,0.00]=13.29;[13.41,13.77,0.14];19:35:25.685
P4[11.00,11.00,0.00]=3.29;P9[13.00,16.50,0.00]=2.37;P3[13.00,0.00,0.00]=13.38;P5[13.00,24.00,0.00]=10.23;[13.41,13.77,0.04];19:35:25.886
P9[13.00,16.50,0.00]=2.41;P4[11.00,11.00,0.00]=3.26;P5[13.00,24.00,0.00]=10.37;P3[13.00,0.00,0.00]=13.38;[13.39,13.77,0.16];19:35:25.986
P9[13.00,16.50,0.00]=2.41;P4[11.00,11.00,0.00]=3.25;P5[13.00,24.00,0.00]=10.45;P3[13.00,0.00,0.00]=13.26;[13.40,13.76,0.32];19:35:26.085
P9[13.00,16.50,0.00]=2.40;P4[11.00,11.00,0.00]=3.25;P5[13.00,24.00,0.00]=10.35;P3[13.00,0.00,0.00]=13.36;[13.40,13.76,0.34];19:35:26.185
P4[11.00,11.00,0.00]=3.31;P9[13.00,16.50,0.00]=2.42;P3[13.00,0.00,0.00]=13.40;P5[13.00,24.00,0.00]=10.43;[13.39,13.76,0.09];19:35:26.386
P4[11.00,11.00,0.00]=3.31;P9[13.00,16.50,0.00]=2.45;P3[13.00,0.00,0.00]=13.38;P5[13.00,24.00,0.00]=10.40;[13.38,13.76,-0.11];19:35:26.585
P9[13.00,16.50,0.00]=2.40;P4[11.00,11.00,0.00]=3.31;P5[13.00,24.00,0.00]=10.36;P3[13.00,0.00,0.00]=13.43;[13.37,13.77,0.09];19:35:26.686
P9[13.00,16.50,0.00]=2.41;P4[11.00,11.00,0.00]=3.31;P5[13.00,24.00,0.00]=10.33;P3[13.00,0.00,0.00]=13.44;[13.35,13.78,0.26];19:35:26.786
P9[13.00,16.50,0.00]=2.37;P4[11.00,11.00,0.00]=3.29;P5[13.00,24.00,0.00]=10.77;P3[13.00,0.00,0.00]=13.42;[13.35,13.79,0.33];19:35:26.885
P9[13.00,16.50,0.00]=2.41;P4[11.00,11.00,0.00]=3.31;P5[13.00,24.00,0.00]=10.40;P3[13.00,0.00,0.00]=13.39;[13.36,13.79,0.39];19:35:26.985
P9[13.00,16.50,0.00]=2.37;P4[11.00,11.00,0.00]=3.30;P5[13.00,24.00,0.00]=10.31;P3[13.00,0.00,0.00]=13.26;[13.41,13.77,0.43];19:35:27.085
P9[13.00,16.50,0.00]=2.37;P4[11.00,11.00,0.00]=3.28;P5[13.00,24.00,0.00]=10.34;P3[13.00,0.00,0.00]=13.31;[13.42,13.78,0.53];19:35:27.185
P9[13.00,16.50,0.00]=2.37;P4[11.00,11.00,0.00]=3.31;P5[13.00,24.00,0.00]=10.34;P3[13.00,0.00,0.00]=13.31;[13.43,13.78,0.59];19:35:27.285
P4[11.00,11.00,0.00]=3.29;P9[13.00,16.50,0.00]=2.35;P3[13.00,0.00,0.00]=13.42;P5[13.00,24.00,0.00]=10.36;[13.41,13.79,0.34];19:35:27.585
P9[13.00,16.50,0.00]=2.41;P4[11.00,11.00,0.00]=3.31;P5[13.00,24.00,0.00]=10.39;P3[13.00,0.00,0.00]=13.43;[13.39,13.79,0.44];19:35:27.685
P4[11.00,11.00,0.00]=3.33;P9[13.00,16.50,0.00]=2.41;P3[13.00,0.00,0.00]=13.32;P5[13.00,24.00,0.00]=10.39;[13.41,13.79,0.09];19:35:27.885
P4[11.00,11.00,0.00]=3.35;P9[13.00,16.50,0.00]=2.45;P3[13.00,0.00,0.00]=13.25;P5[13.00,24.00,0.00]=10.69;[13.46,13.77,-0.11];19:35:28.485
P4[11.00,11.00,0.00]=3.34;P9[13.00,16.50,0.00]=2.45;P3[13.00,0.00,0.00]=13.23;P5[13.00,24.00,0.00]=10.76;[13.51,13.75,-0.25];19:35:29.085
P9[13.00,16.50,0.00]=2.43;P4[11.00,11.00,0.00]=3.32;P5[13.00,24.00,0.00]=10.71;P3[13.00,0.00,0.00]=13.28;[13.51,13.75,0.03];19:35:29.185
P4[11.00,11.00,0.00]=3.34;P9[13.00,16.50,0.00]=2.41;P3[13.00,0.00,0.00]=13.26;P5[13.00,24.00,0.00]=10.86;[13.53,13.75,-0.15];19:35:29.385
P4[11.00,11.00,0.00]=3.34;P9[13.00,16.50,0.00]=2.40;P3[13.00,0.00,0.00]=13.26;P5[13.00,24.00,0.00]=10.72;[13.56,13.74,-0.25];19:35:29.785
P4[11.00,11.00,0.00]=3.32;P9[13.00,16.50,0.00]=2.39;P3[13.00,0.00,0.00]=13.26;P5[13.00,24.00,0.00]=10.83;[13.57,13.74,-0.33];19:35:29.984
P4[11.00,11.00,0.00]=3.33;P9[13.00,16.50,0.00]=2.45;P3[13.00,0.00,0.00]=13.29;P5[13.00,24.00,0.00]=10.77;[13.56,13.74,-0.47];19:35:30.185
P9[13.00,16.50,0.00]=2.44;P4[11.00,11.00,0.00]=3.27;P5[13.00,24.00,0.00]=10.65;P3[13.00,0.00,0.00]=13.29;[13.51,13.74,-0.11];19:35:30.285
P4[11.00,11.00,0.00]=3.33;P9[13.00,16.50,0.00]=2.43;P3[13.00,0.00,0.00]=13.27;P5[13.00,24.00,0.00]=10.75;[13.52,13.74,-0.28];19:35:31.084
P4[11.00,11.00,0.00]=3.31;P9[13.00,16.50,0.00]=2.39;P3[13.00,0.00,0.00]=13.26;P5[13.00,24.00,0.00]=10.70;[13.54,13.74,-0.36];19:35:31.485
P4[11.00,11.00,0.00]=3.28;P9[13.00,16.50,0.00]=2.35;P3[13.00,0.00,0.00]=13.27;P5[13.00,24.00,0.00]=10.63;[13.54,13.74,-0.40];19:35:32.285
P4[11.00,11.00,0.00]=3.24;P9[13.00,16.50,0.00]=2.41;P3[13.00,0.00,0.00]=13.27;P5[13.00,24.00,0.00]=10.58;[13.51,13.74,-0.50];19:35:33.285
P9[13.00,16.50,0.00]=2.43;P4[11.00,11.00,0.00]=3.21;P5[13.00,24.00,0.00]=10.53;P3[13.00,0.00,0.00]=13.27;[13.46,13.74,-0.15];19:35:33.385
P9[13.00,16.50,0.00]=2.45;P4[11.00,11.00,0.00]=3.18;P5[13.00,24.00,0.00]=10.52;P3[13.00,0.00,0.00]=13.21;[13.44,13.73,0.09];19:35:33.485
P4[11.00,11.00,0.00]=3.25;P9[13.00,16.50,0.00]=2.44;P3[13.00,0.00,0.00]=13.28;P5[13.00,24.00,0.00]=10.51;[13.43,13.73,-0.17];19:35:33.986
P9[13.00,16.50,0.00]=2.41;P4[11.00,11.00,0.00]=3.25;P5[13.00,24.00,0.00]=10.61;P3[13.00,0.00,0.00]=13.20;[13.46,13.72,-0.02];19:35:34.085
P4[11.00,11.00,0.00]=3.24;P9[13.00,16.50,0.00]=2.44;P3[13.00,0.00,0.00]=13.30;P5[13.00,24.00,0.00]=10.51;[13.43,13.73,-0.27];19:35:34.586
P9[13.00,16.50,0.00]=2.45;P4[11.00,11.00,0.00]=3.20;P5[13.00,24.00,0.00]=10.70;P3[13.00,0.00,0.00]=13.26;[13.40,13.73,0.03];19:35:34.684
P4[11.00,11.00,0.00]=3.25;P9[13.00,16.50,0.00]=2.42;P3[13.00,0.00,0.00]=13.19;P5[13.00,24.00,0.00]=10.56;[13.45,13.71,-0.07];19:35:34.986
P4[11.00,11.00,0.00]=3.22;P9[13.00,16.50,0.00]=2.39;P3[13.00,0.00,0.00]=13.22;P5[13.00,24.00,0.00]=10.56;[13.46,13.71,-0.19];19:35:35.485
P9[13.00,16.50,0.00]=2.45;P4[11.00,11.00,0.00]=3.25;P5[13.00,24.00,0.00]=10.59;P3[13.00,0.00,0.00]=13.21;[13.48,13.70,0.03];19:35:35.585
P4[11.00,11.00,0.00]=3.22;P9[13.00,16.50,0.00]=2.42;P3[13.00,0.00,0.00]=13.24;P5[13.00,24.00,0.00]=10.67;[13.46,13.71,-0.17];19:35:35.985
P4[11.00,11.00,0.00]=3.28;P9[13.00,16.50,0.00]=2.40;P3[13.00,0.00,0.00]=13.26;P5[13.00,24.00,0.00]=10.64;[13.48,13.71,-0.29];19:35:36.285
P4[11.00,11.00,0.00]=3.34;P9[13.00,16.50,0.00]=2.46;P3[13.00,0.00,0.00]=13.21;P5[13.00,24.00,0.00]=10.67;[13.54,13.70,-0.36];19:35:36.485
P4[11.00,11.00,0.00]=3.29;P9[13.00,16.50,0.00]=2.48;P3[13.00,0.00,0.00]=13.32;P5[13.00,24.00,0.00]=10.64;[13.52,13.70,-0.39];19:35:36.685
P4[11.00,11.00,0.00]=3.25;P9[13.00,16.50,0.00]=2.46;P3[13.00,0.00,0.00]=13.24;P5[13.00,24.00,0.00]=10.76;[13.50,13.70,-0.51];19:35:37.385
P9[13.00,16.50,0.00]=2.49;P4[11.00,11.00,0.00]=3.26;P5[13.00,24.00,0.00]=10.78;P3[13.00,0.00,0.00]=13.30;[13.49,13.70,-0.26];19:35:37.484
P4[11.00,11.00,0.00]=3.23;P9[13.00,16.50,0.00]=2.45;P3[13.00,0.00,0.00]=13.26;P5[13.00,24.00,0.00]=10.86;[13.46,13.71,-0.42];19:35:37.685
P4[11.00,11.00,0.00]=3.21;P9[13.00,16.50,0.00]=2.41;P3[13.00,0.00,0.00]=13.30;P5[13.00,24.00,0.00]=10.80;[13.42,13.72,-0.55];19:35:38.285
P4[11.00,11.00,0.00]=3.23;P9[13.00,16.50,0.00]=2.45;P3[13.00,0.00,0.00]=13.27;P5[13.00,24.00,0.00]=10.90;[13.40,13.72,-0.66];19:35:38.484
P4[11.00,11.00,0.00]=3.22;P9[13.00,16.50,0.00]=2.45;P3[13.00,0.00,0.00]=13.34;P5[13.00,24.00,0.00]=10.93;[13.38,13.72,-0.63];19:35:38.884
P9[13.00,16.50,0.00]=2.45;P4[11.00,11.00,0.00]=3.19;P5[13.00,24.00,0.00]=10.84;P3[13.00,0.00,0.00]=13.30;[13.38,13.72,-0.40];19:35:38.985
P4[11.00,11.00,0.00]=3.19;P9[13.00,16.50,0.00]=2.46;P3[13.00,0.00,0.00]=13.33;P5[13.00,24.00,0.00]=10.95;[13.35,13.71,-0.45];19:35:39.184
P9[13.00,16.50,0.00]=2.41;P4[11.00,11.00,0.00]=3.24;P5[13.00,24.00,0.00]=10.96;P3[13.00,0.00,0.00]=13.34;[13.36,13.72,-0.28];19:35:39.284
P4[11.00,11.00,0.00]=3.18;P9[13.00,16.50,0.00]=2.42;P3[13.00,0.00,0.00]=13.39;P5[13.00,24.00,0.00]=10.91;[13.31,13.73,-0.38];19:35:39.485
P9[13.00,16.50,0.00]=2.43;P4[11.00,11.00,0.00]=3.24;P5[13.00,24.00,0.00]=10.90;P3[13.00,0.00,0.00]=13.36;[13.32,13.73,-0.15];19:35:39.584
P9[13.00,16.50,0.00]=2.45;P4[11.00,11.00,0.00]=3.22;P5[13.00,24.00,0.00]=10.94;P3[13.00,0.00,0.00]=13.30;[13.34,13.72,-0.04];19:35:39.684
P4[11.00,11.00,0.00]=3.22;P9[13.00,16.50,0.00]=2.43;P3[13.00,0.00,0.00]=13.27;P5[13.00,24.00,0.00]=10.91;[13.34,13.73,-0.26];19:35:39.884
P4[11.00,11.00,0.00]=3.19;P9[13.00,16.50,0.00]=2.48;P3[13.00,0.00,0.00]=13.38;P5[13.00,24.00,0.00]=10.91;[13.29,13.73,-0.41];19:35:40.084
P9[13.00,16.50,0.00]=2.43;P4[11.00,11.00,0.00]=3.16;P5[13.00,24.00,0.00]=10.88;P3[13.00,0.00,0.00]=13.30;[13.30,13.72,-0.25];19:35:40.185
P9[13.00,16.50,0.00]=2.45;P4[11.00,11.00,0.00]=3.17;P5[13.00,24.00,0.00]=10.95;P3[13.00,0.00,0.00]=13.30;[13.30,13.72,-0.09];19:35:40.284
P9[13.00,16.50,0.00]=2.45;P4[11.00,11.00,0.00]=3.17;P5[13.00,24.00,0.00]=10.94;P3[13.00,0.00,0.00]=13.35;[13.28,13.72,0.10];19:35:40.384
P9[13.00,16.50,0.00]=2.44;P4[11.00,11.00,0.00]=3.19;P5[13.00,24.00,0.00]=10.94;P3[13.00,0.00,0.00]=13.41;[13.24,13.74,0.28];19:35:40.484
P4[11.00,11.00,0.00]=3.22;P9[13.00,16.50,0.00]=2.47;P3[13.00,0.00,0.00]=13.27;P5[13.00,24.00,0.00]=11.01;[13.26,13.73,-0.04];19:35:40.684
P4[11.00,11.00,0.00]=3.23;P9[13.00,16.50,0.00]=2.43;P3[13.00,0.00,0.00]=13.27;P5[13.00,24.00,0.00]=10.96;[13.29,13.73,-0.26];19:35:41.084
P4[11.00,11.00,0.00]=3.18;P9[13.00,16.50,0.00]=2.44;P3[13.00,0.00,0.00]=13.31;P5[13.00,24.00,0.00]=10.87;[13.29,13.72,-0.28];19:35:41.384
P9[13.00,16.50,0.00]=2.45;P4[11.00,11.00,0.00]=3.18;P5[13.00,24.00,0.00]=10.95;P3[13.00,0.00,0.00]=13.34;[13.28,13.72,-0.06];19:35:41.484
P4[11.00,11.00,0.00]=3.19;P9[13.00,16.50,0.00]=2.45;P3[13.00,0.00,0.00]=13.28;P5[13.00,24.00,0.00]=10.88;[13.28,13.73,-0.30];19:35:41.684
P9[13.00,16.50,0.00]=2.42;P4[11.00,11.00,0.00]=3.16;P5[13.00,24.00,0.00]=10.90;P3[13.00,0.00,0.00]=13.31;[13.28,13.72,-0.17];19:35:41.784
P9[13.00,16.50,0.00]=2.44;P4[11.00,11.00,0.00]=3.19;P5[13.00,24.00,0.00]=10.89;P3[13.00,0.00,0.00]=13.23;[13.31,13.72,0.08];19:35:41.885
P9[13.00,16.50,0.00]=2.45;P4[11.00,11.00,0.00]=3.17;P5[13.00,24.00,0.00]=10.87;P3[13.00,0.00,0.00]=13.20;[13.33,13.71,0.25];19:35:41.984
P4[11.00,11.00,0.00]=3.21;P9[13.00,16.50,0.00]=2.44;P3[13.00,0.00,0.00]=13.36;P5[13.00,24.00,0.00]=11.00;[13.31,13.72,0.04];19:35:42.184
P9[13.00,16.50,0.00]=2.43;P4[11.00,11.00,0.00]=3.22;P5[13.00,24.00,0.00]=10.94;P3[13.00,0.00,0.00]=13.30;[13.30,13.73,0.27];19:35:42.285
P4[11.00,11.00,0.00]=3.23;P9[13.00,16.50,0.00]=2.46;P3[13.00,0.00,0.00]=13.35;P5[13.00,24.00,0.00]=10.96;[13.31,13.73,0.04];19:35:42.584
P9[13.00,16.50,0.00]=2.42;P4[11.00,11.00,0.00]=3.19;P5[13.00,24.00,0.00]=10.85;P3[13.00,0.00,0.00]=13.31;[13.32,13.72,0.08];19:35:42.684
P4[11.00,11.00,0.00]=3.24;P9[13.00,16.50,0.00]=2.44;P3[13.00,0.00,0.00]=13.33;P5[13.00,24.00,0.00]=10.94;[13.34,13.72,-0.03];19:35:43.084
P4[11.00,11.00,0.00]=3.20;P9[13.00,16.50,0.00]=2.42;P3[13.00,0.00,0.00]=13.34;P5[13.00,24.00,0.00]=10.96;[13.33,13.72,-0.13];19:35:43.284
P9[13.00,16.50,0.00]=2.45;P4[11.00,11.00,0.00]=3.20;P5[13.00,24.00,0.00]=10.91;P3[13.00,0.00,0.00]=13.25;[13.33,13.72,0.13];19:35:43.384
P4[11.00,11.00,0.00]=3.26;P9[13.00,16.50,0.00]=2.41;P3[13.00,0.00,0.00]=13.28;P5[13.00,24.00,0.00]=10.88;[13.36,13.73,-0.11];19:35:43.685
P9[13.00,16.50,0.00]=2.42;P4[11.00,11.00,0.00]=3.22;P5[13.00,24.00,0.00]=10.91;P3[13.00,0.00,0.00]=13.35;[13.35,13.73,0.04];19:35:43.784
P4[11.00,11.00,0.00]=3.26;P9[13.00,16.50,0.00]=2.42;P3[13.00,0.00,0.00]=13.37;P5[13.00,24.00,0.00]=10.94;[13.35,13.74,-0.10];19:35:44.084
P4[11.00,11.00,0.00]=3.26;P9[13.00,16.50,0.00]=2.43;P3[13.00,0.00,0.00]=13.38;P5[13.00,24.00,0.00]=10.95;[13.34,13.74,-0.23];19:35:44.484
P4[11.00,11.00,0.00]=3.21;P9[13.00,16.50,0.00]=2.37;P3[13.00,0.00,0.00]=13.25;P5[13.00,24.00,0.00]=10.97;[13.37,13.74,-0.31];19:35:44.684
P4[11.00,11.00,0.00]=3.26;P9[13.00,16.50,0.00]=2.41;P3[13.00,0.00,0.00]=13.29;P5[13.00,24.00,0.00]=10.93;[13.37,13.74,-0.46];19:35:45.085
P4[11.00,11.00,0.00]=3.26;P9[13.00,16.50,0.00]=2.37;P3[13.00,0.00,0.00]=13.37;P5[13.00,24.00,0.00]=10.91;[13.38,13.75,-0.40];19:35:45.483
P9[13.00,16.50,0.00]=2.43;P4[11.00,11.00,0.00]=3.22;P5[13.00,24.00,0.00]=10.88;P3[13.00,0.00,0.00]=13.27;[13.37,13.75,-0.08];19:35:45.584
P9[13.00,16.50,0.00]=2.40;P4[11.00,11.00,0.00]=3.21;P5[13.00,24.00,0.00]=10.89;P3[13.00,0.00,0.00]=13.34;[13.37,13.74,0.02];19:35:45.684
P4[11.00,11.00,0.00]=3.23;P3[13.00,0.00,0.00]=13.33;P5[13.00,24.00,0.00]=10.88;null;[13.21,13.62,0.40];19:35:45.876
P9[13.00,16.50,0.00]=2.41;P4[11.00,11.00,0.00]=3.26;P5[13.00,24.00,0.00]=10.94;P3[13.00,0.00,0.00]=13.25;[13.28,13.64,0.48];19:35:45.984
P9[13.00,16.50,0.00]=2.40;P4[11.00,11.00,0.00]=3.24;P5[13.00,24.00,0.00]=10.87;P3[13.00,0.00,0.00]=13.35;[13.30,13.67,0.44];19:35:46.084
P4[11.00,11.00,0.00]=3.26;P9[13.00,16.50,0.00]=2.39;P3[13.00,0.00,0.00]=13.41;P5[13.00,24.00,0.00]=10.88;[13.30,13.70,0.17];19:35:46.284
P9[13.00,16.50,0.00]=2.39;P4[11.00,11.00,0.00]=3.21;P5[13.00,24.00,0.00]=10.95;P3[13.00,0.00,0.00]=13.36;[13.30,13.71,0.21];19:35:46.384
P9[13.00,16.50,0.00]=2.40;P4[11.00,11.00,0.00]=3.21;P5[13.00,24.00,0.00]=10.94;P3[13.00,0.00,0.00]=13.35;[13.31,13.72,0.23];19:35:46.484
P4[11.00,11.00,0.00]=3.33;P9[13.00,16.50,0.00]=2.40;P3[13.00,0.00,0.00]=13.35;P5[13.00,24.00,0.00]=10.91;[13.33,13.74,-0.08];19:35:46.684
P9[13.00,16.50,0.00]=2.39;P4[11.00,11.00,0.00]=3.23;P5[13.00,24.00,0.00]=10.97;P3[13.00,0.00,0.00]=13.35;[13.34,13.74,-0.01];19:35:46.784
P9[13.00,16.50,0.00]=2.41;P4[11.00,11.00,0.00]=3.24;P5[13.00,24.00,0.00]=10.95;P3[13.00,0.00,0.00]=13.31;[13.34,13.75,0.23];19:35:46.885
P9[13.00,16.50,0.00]=2.39;P4[11.00,11.00,0.00]=3.27;P5[13.00,24.00,0.00]=10.90;P3[13.00,0.00,0.00]=13.30;[13.36,13.75,0.39];19:35:46.984
P4[11.00,11.00,0.00]=3.24;P9[13.00,16.50,0.00]=2.42;P3[13.00,0.00,0.00]=13.38;P5[13.00,24.00,0.00]=10.92;[13.34,13.76,0.14];19:35:47.184
P9[13.00,16.50,0.00]=2.41;P4[11.00,11.00,0.00]=3.22;P5[13.00,24.00,0.00]=10.96;P3[13.00,0.00,0.00]=13.33;[13.35,13.75,0.13];19:35:47.284
P4[11.00,11.00,0.00]=3.24;P9[13.00,16.50,0.00]=2.41;P3[13.00,0.00,0.00]=13.29;P5[13.00,24.00,0.00]=10.91;[13.36,13.75,-0.12];19:35:47.484
P9[13.00,16.50,0.00]=2.42;P4[11.00,11.00,0.00]=3.26;P5[13.00,24.00,0.00]=10.94;P3[13.00,0.00,0.00]=13.39;[13.35,13.75,0.07];19:35:47.583
P9[13.00,16.50,0.00]=2.41;P4[11.00,11.00,0.00]=3.26;P5[13.00,24.00,0.00]=10.88;P3[13.00,0.00,0.00]=13.37;[13.34,13.76,0.18];19:35:47.684
P9[13.00,16.50,0.00]=2.41;P4[11.00,11.00,0.00]=3.24;P5[13.00,24.00,0.00]=10.91;P3[13.00,0.00,0.00]=13.34;[13.36,13.75,0.19];19:35:47.784
P9[13.00,16.50,0.00]=2.39;P4[11.00,11.00,0.00]=3.28;P5[13.00,24.00,0.00]=10.90;P3[13.00,0.00,0.00]=13.43;[13.34,13.76,0.31];19:35:47.884
P4[11.00,11.00,0.00]=3.26;P9[13.00,16.50,0.00]=2.39;P3[13.00,0.00,0.00]=13.44;P5[13.00,24.00,0.00]=10.83;[13.31,13.78,0.05];19:35:48.084
P9[13.00,16.50,0.00]=2.37;P4[11.00,11.00,0.00]=3.24;P5[13.00,24.00,0.00]=10.84;P3[13.00,0.00,0.00]=13.37;[13.32,13.77,0.11];19:35:48.184
P4[11.00,11.00,0.00]=3.28;P9[13.00,16.50,0.00]=2.39;P3[13.00,0.00,0.00]=13.37;P5[13.00,24.00,0.00]=10.85;[13.35,13.77,0.01];19:35:48.384
P9[13.00,16.50,0.00]=2.37;P4[11.00,11.00,0.00]=3.30;P5[13.00,24.00,0.00]=10.89;P3[13.00,0.00,0.00]=13.44;[13.33,13.78,0.17];19:35:48.484
P4[11.00,11.00,0.00]=3.29;P9[13.00,16.50,0.00]=2.37;P3[13.00,0.00,0.00]=13.38;P5[13.00,24.00,0.00]=10.88;[13.36,13.78,0.07];19:35:48.683
P9[13.00,16.50,0.00]=2.43;P4[11.00,11.00,0.00]=3.26;P5[13.00,24.00,0.00]=10.91;P3[13.00,0.00,0.00]=13.39;[13.34,13.78,0.22];19:35:48.784
P9[13.00,16.50,0.00]=2.38;P4[11.00,11.00,0.00]=3.25;P5[13.00,24.00,0.00]=10.90;P3[13.00,0.00,0.00]=13.41;[13.32,13.78,0.32];19:35:48.884
P9[13.00,16.50,0.00]=2.40;P4[11.00,11.00,0.00]=3.24;P5[13.00,24.00,0.00]=10.88;P3[13.00,0.00,0.00]=13.36;[13.33,13.77,0.33];19:35:48.983
P9[13.00,16.50,0.00]=2.37;P4[11.00,11.00,0.00]=3.23;P5[13.00,24.00,0.00]=10.88;P3[13.00,0.00,0.00]=13.42;[13.30,13.78,0.40];19:35:49.083
P9[13.00,16.50,0.00]=2.37;P4[11.00,11.00,0.00]=3.20;P5[13.00,24.00,0.00]=10.92;P3[13.00,0.00,0.00]=13.42;[13.27,13.79,0.46];19:35:49.184
P9[13.00,16.50,0.00]=2.39;P4[11.00,11.00,0.00]=3.23;P5[13.00,24.00,0.00]=10.79;P3[13.00,0.00,0.00]=13.35;[13.29,13.78,0.40];19:35:49.284
P9[13.00,16.50,0.00]=2.41;P4[11.00,11.00,0.00]=3.21;P5[13.00,24.00,0.00]=10.81;P3[13.00,0.00,0.00]=13.39;[13.28,13.78,0.46];19:35:49.383
P9[13.00,16.50,0.00]=2.37;P4[11.00,11.00,0.00]=3.28;P5[13.00,24.00,0.00]=10.88;P3[13.00,0.00,0.00]=13.40;[13.30,13.78,0.46];19:35:49.484
P4[11.00,11.00,0.00]=3.29;P9[13.00,16.50,0.00]=2.38;P3[13.00,0.00,0.00]=13.41;P5[13.00,24.00,0.00]=10.90;[13.31,13.78,0.22];19:35:49.684
P4[11.00,11.00,0.00]=3.26;P9[13.00,16.50,0.00]=2.33;P5[13.00,24.00,0.00]=10.90;P3[13.00,0.00,0.00]=13.40;[13.32,13.79,0.12];19:35:50.083
P4[11.00,11.00,0.00]=3.31;P9[13.00,16.50,0.00]=2.38;P3[13.00,0.00,0.00]=13.42;P5[13.00,24.00,0.00]=10.91;[13.33,13.79,-0.06];19:35:50.384
P9[13.00,16.50,0.00]=2.36;P4[11.00,11.00,0.00]=3.26;P5[13.00,24.00,0.00]=10.92;P3[13.00,0.00,0.00]=13.44;[13.31,13.80,0.12];19:35:50.483
P9[13.00,16.50,0.00]=2.35;P4[11.00,11.00,0.00]=3.21;P5[13.00,24.00,0.00]=10.89;P3[13.00,0.00,0.00]=13.39;[13.30,13.80,0.18];19:35:50.584
P9[13.00,16.50,0.00]=2.37;P4[11.00,11.00,0.00]=3.24;P5[13.00,24.00,0.00]=10.84;P3[13.00,0.00,0.00]=13.44;[13.27,13.80,0.31];19:35:50.684
P9[13.00,16.50,0.00]=2.31;P4[11.00,11.00,0.00]=3.27;P5[13.00,24.00,0.00]=10.93;P3[13.00,0.00,0.00]=13.39;[13.28,13.82,0.46];19:35:50.783
P4[11.00,11.00,0.00]=3.29;P9[13.00,16.50,0.00]=2.34;P3[13.00,0.00,0.00]=13.37;P5[13.00,24.00,0.00]=10.92;[13.29,13.82,0.11];19:35:50.984
P9[13.00,16.50,0.00]=2.39;P4[11.00,11.00,0.00]=3.29;P5[13.00,24.00,0.00]=10.88;P3[13.00,0.00,0.00]=13.44;[13.29,13.82,0.27];19:35:51.083
P9[13.00,16.50,0.00]=2.36;P4[11.00,11.00,0.00]=3.22;P5[13.00,24.00,0.00]=10.93;P3[13.00,0.00,0.00]=13.35;[13.27,13.82,0.44];19:35:51.183
P4[11.00,11.00,0.00]=3.23;P9[13.00,16.50,0.00]=2.37;P3[13.00,0.00,0.00]=13.42;P5[13.00,24.00,0.00]=10.91;[13.26,13.82,0.18];19:35:51.384
P9[13.00,16.50,0.00]=2.35;P4[11.00,11.00,0.00]=3.25;P5[13.00,24.00,0.00]=10.89;P3[13.00,0.00,0.00]=13.41;[13.27,13.81,0.25];19:35:51.483
P9[13.00,16.50,0.00]=2.33;P4[11.00,11.00,0.00]=3.25;P5[13.00,24.00,0.00]=10.87;P3[13.00,0.00,0.00]=13.40;[13.29,13.81,0.24];19:35:51.583
P9[13.00,16.50,0.00]=2.32;P4[11.00,11.00,0.00]=3.24;P5[13.00,24.00,0.00]=10.95;P3[13.00,0.00,0.00]=13.37;[13.28,13.81,0.40];19:35:51.684
P9[13.00,16.50,0.00]=2.37;P4[11.00,11.00,0.00]=3.27;P5[13.00,24.00,0.00]=10.92;P3[13.00,0.00,0.00]=13.40;[13.30,13.81,0.42];19:35:51.784
P4[11.00,11.00,0.00]=3.31;P9[13.00,16.50,0.00]=2.36;P3[13.00,0.00,0.00]=13.44;P5[13.00,24.00,0.00]=10.84;[13.31,13.81,0.18];19:35:51.984
P4[11.00,11.00,0.00]=3.28;P9[13.00,16.50,0.00]=2.34;P3[13.00,0.00,0.00]=13.47;P5[13.00,24.00,0.00]=10.90;[13.29,13.82,-0.04];19:35:52.183
P9[13.00,16.50,0.00]=2.37;P4[11.00,11.00,0.00]=3.24;P5[13.00,24.00,0.00]=10.96;P3[13.00,0.00,0.00]=13.39;[13.29,13.81,0.07];19:35:52.284
P9[13.00,16.50,0.00]=2.35;P4[11.00,11.00,0.00]=3.21;P5[13.00,24.00,0.00]=10.89;P3[13.00,0.00,0.00]=13.31;[13.30,13.80,0.26];19:35:52.384
P4[11.00,11.00,0.00]=3.22;P9[13.00,16.50,0.00]=2.37;P3[13.00,0.00,0.00]=13.40;P5[13.00,24.00,0.00]=10.92;[13.29,13.80,0.08];19:35:52.784
P9[13.00,16.50,0.00]=2.37;P4[11.00,11.00,0.00]=3.25;P5[13.00,24.00,0.00]=10.91;P3[13.00,0.00,0.00]=13.38;[13.30,13.79,0.15];19:35:52.884
P4[11.00,11.00,0.00]=3.26;P9[13.00,16.50,0.00]=2.36;P3[13.00,0.00,0.00]=13.41;P5[13.00,24.00,0.00]=10.92;[13.31,13.79,-0.00];19:35:53.084
P9[13.00,16.50,0.00]=2.33;P4[11.00,11.00,0.00]=3.28;P5[13.00,24.00,0.00]=10.87;P3[13.00,0.00,0.00]=13.42;[13.32,13.80,0.07];19:35:53.184
P9[13.00,16.50,0.00]=2.36;P4[11.00,11.00,0.00]=3.21;P5[13.00,24.00,0.00]=10.90;P3[13.00,0.00,0.00]=13.41;[13.30,13.80,0.18];19:35:53.283
P4[11.00,11.00,0.00]=3.32;P9[13.00,16.50,0.00]=2.35;P3[13.00,0.00,0.00]=13.50;P5[13.00,24.00,0.00]=10.86;[13.28,13.82,-0.06];19:35:53.584
P9[13.00,16.50,0.00]=2.38;P4[11.00,11.00,0.00]=3.23;P5[13.00,24.00,0.00]=10.92;P3[13.00,0.00,0.00]=13.37;[13.29,13.80,0.03];19:35:53.683
P9[13.00,16.50,0.00]=2.36;P4[11.00,11.00,0.00]=3.22;P5[13.00,24.00,0.00]=10.93;P3[13.00,0.00,0.00]=13.37;[13.30,13.79,0.06];19:35:53.783
P9[13.00,16.50,0.00]=2.37;P4[11.00,11.00,0.00]=3.25;P5[13.00,24.00,0.00]=10.92;P3[13.00,0.00,0.00]=13.38;[13.31,13.79,0.14];19:35:53.884
P9[13.00,16.50,0.00]=2.36;P4[11.00,11.00,0.00]=3.23;P5[13.00,24.00,0.00]=10.88;P3[13.00,0.00,0.00]=13.33;[13.31,13.79,0.32];19:35:53.984
P9[13.00,16.50,0.00]=2.37;P4[11.00,11.00,0.00]=3.20;P5[13.00,24.00,0.00]=10.94;P3[13.00,0.00,0.00]=13.43;[13.27,13.80,0.40];19:35:54.083
P4[11.00,11.00,0.00]=3.29;P9[13.00,16.50,0.00]=2.32;P3[13.00,0.00,0.00]=13.41;P5[13.00,24.00,0.00]=10.82;[13.27,13.81,0.05];19:35:54.284
P9[13.00,16.50,0.00]=2.37;P4[11.00,11.00,0.00]=3.27;P5[13.00,24.00,0.00]=10.93;P3[13.00,0.00,0.00]=13.38;[13.30,13.80,0.12];19:35:54.383
P9[13.00,16.50,0.00]=2.36;P4[11.00,11.00,0.00]=3.33;P5[13.00,24.00,0.00]=10.93;P3[13.00,0.00,0.00]=13.39;[13.34,13.80,0.13];19:35:54.483
P4[11.00,11.00,0.00]=3.28;P9[13.00,16.50,0.00]=2.33;P3[13.00,0.00,0.00]=13.33;P5[13.00,24.00,0.00]=10.89;[13.36,13.80,-0.09];19:35:54.683
P4[11.00,11.00,0.00]=3.29;P9[13.00,16.50,0.00]=2.34;P3[13.00,0.00,0.00]=13.46;P5[13.00,24.00,0.00]=10.88;[13.34,13.81,-0.22];19:35:54.884
P9[13.00,16.50,0.00]=2.37;P4[11.00,11.00,0.00]=3.30;P5[13.00,24.00,0.00]=10.86;P3[13.00,0.00,0.00]=13.36;[13.34,13.81,0.08];19:35:54.984
P9[13.00,16.50,0.00]=2.33;P4[11.00,11.00,0.00]=3.26;P5[13.00,24.00,0.00]=10.83;P3[13.00,0.00,0.00]=13.42;[13.34,13.81,0.15];19:35:55.083
P4[11.00,11.00,0.00]=3.31;P9[13.00,16.50,0.00]=2.33;P3[13.00,0.00,0.00]=13.43;P5[13.00,24.00,0.00]=10.74;[13.35,13.81,0.01];19:35:55.284
P9[13.00,16.50,0.00]=2.35;P4[11.00,11.00,0.00]=3.28;P5[13.00,24.00,0.00]=10.83;P3[13.00,0.00,0.00]=13.40;[13.36,13.81,0.07];19:35:55.383
